text,label
on days when i feel close to my partner and other friends when i feel at peace with myself and also experience a close contact with people whom i regard greatly,Happy
every time i imagine that someone i love or i could contact a serious illness even death,Fear
when i had been obviously unjustly treated and had no possibility of elucidating this,Angry
when i think about the short time that we live and relate it to the periods of my life when i think that i did not use this short time,Sad
at a gathering i found myself involuntarily sitting next to two people who expressed opinions that i considered very low and discriminating,Disgust
when i realized that i was directing the feelings of discontent with myself at my partner and this way was trying to put the blame on him instead of sorting out my own feeliings,Sad
i feel guilty when when i realize that i consider material things more important than caring for my relatives i feel very selfcentered,Sad
after my girlfriend had taken her exam we went to her parents place,Happy
when for the first time i realized the meaning of death,Fear
when a car is overtaking another and i am forced to drive off the road,Angry
when i recently thought about the hard work it takes to study and how one wants to try something else when i read a theoretical book in english that i did not understand,Sad
when i found a bristle in the liver paste tube,Disgust
when i was tired and unmotivated i shouted at my girlfriend and and brought up negative sides of her character which are actually not so important,Sad
when i think that i do not study enough after the weekend i think that i should have been able to have accomplished something during that time,Sad
when i pass an examination which i did not think i did well,Happy
when one has arranged to meet someone and that person arrives late in the meantime one starts thinking about all that could have gone wrong eg a traffic accident,Fear
when one is unjustly accused of something one has not done,Angry
when ones studies seem hopelessly difficult and uninteresting,Sad
when one finds out that someone you know is not at all like one had thought for instance friends who steal and things like that quite unwarranted,Disgust
when one has been unjust stupid towards someone else,Sad
when one has neglected or been unjust to a good friend,Sad
passing an exam i did not expect to pass,Happy
when i climbed up a tree to pick apples the angle of the ladder i was on did not enable me to get high enough this implied that the ladder was not very stable,Fear
friends who torture animals,Angry
same as in anger,Sad
friends who torture animals,Disgust
same as above friends who torture animals,Sad
when excuses are necessary and i get out of doing it myself,Sad
when i had my children,Happy
when my year old son climbed up and sat on the th floor balcony with his legs hanging out he was holding on tightly to the upper railing of the balcony but he could have easily lost his balance when he sat down,Fear
when my partner was attacked and lost three teeth,Angry
when i see children on tv from areas devastated by drought and war,Sad
when i nearly walked on a blindworm and then saw it crawl away,Disgust
when i saw my year old son grab an oxygen mask as he had breathing difficulties i had a bad conscience because i had not stopped smoking medication for the dilation of his breathing tubes also caused a sense of guilt in me,Sad
i experience a sense of guilt as my middle son cannot express himself like other children neither verbally nor in writing,Sad
when my child was born,Happy
it was winterspring and the ice was melting i was far out on a jetty and i poked the ice with a long branch to try and break it the branch went through the ice and i fell in the water closed in over my head,Fear
unjust accusations directed at me and my way of acting by someone close to me,Angry
failing an examination,Sad
a drunkard fell started bleeding and wet himself disgust that turned into sadnessunpleasantness,Disgust
when as an adult i have been caught lying or behaving badly,Sad
when i am in an environment or with a person much worse off than me i realize how privileged i am,Sad
when i saw a person i had not seen for a long time,Happy
when as a child i was nearly knocked down by a car,Fear
when i heard on the radio that the football match in belgium had ended in a catastrophe and several people had died i could not understand how normal people could behave in such a way,Angry
when i feel lonely perhaps because i have to study a lot and i am shut up in my appartment nothing happens in particular because there is no time for anything else,Sad
when one learns through the mass media all the wars and killing going on in the world,Disgust
i lied to be precise i cancelled a meeting with a good friend,Sad
when one lets friends down,Sad
when i was accepted for a course on finance and accounting,Happy
a bus drove over my right leg the event itself was not very frightening but when i had to wait in the emergency ward for three hours and then my leg began to swell i was frightened,Fear
at my summer job nobody looked after me in particular and i had to learn all on my own,Angry
when i was not accepted as a student in finance and accounting,Sad
when i had just moved into my new appartment i found a ventilator in the kitchen i was going to clean it when i found that the drum was full of mud and slime i felt disgusted,Disgust
my elder brother and i have not always had a good relationship and i feel ashamed of myself as i do not call him to talk to him nowadays,Sad
at my summer job a new caretaker had been employed who was my age but i preferred going out for lunch with the accounts personnel rather than with him,Sad
passed an exam by points,Happy
in a cottage in a large forest i was alone for a while in the dark,Fear
when i spoke to janerik wikstrm on the telephone,Angry
railway station goodbye,Sad
i saw a cripple in rags with small children in italy he was probably an imposter,Disgust
i told a friend that i was going to a party and he would not enjoy himself if he came along he understood that he would not have fitted in and there was something in that,Sad
i was the reason behind the breakup of my friends relationship with his girlfriend she finished with him,Sad
i passed an exam that i was absolutely certain that i had failed,Happy
on the way back from denmark with a friend on a small yatch there was a storm and my friend was blown overboard i was very scared till i managed to get him back onboard,Fear
i locked myself out,Angry
i missed the last tram home and had to walk in the pouring rain,Sad
i found some worms in the food and i had obviously eaten some,Disgust
my friend was so intoxicated that the police came and took him away and they later contacted his parents,Sad
i hapened to overhear something which i was not meant to hear,Sad
when i won a trip to greece in a competition,Happy
when i am out in the dark and a suspicious looking character comes towards me,Fear
at work when an elderly man complained unjustifiably about me and distrusted me,Angry
when i had not understood anything after a lecture,Sad
when an alcoholic stood dribbling over a food counter,Disgust
when my friend and i were discussing the good looks of a guy we realized that he had been listening,Sad
when i complained about a colleague to the manager and he told her that someone had complained this colleague came to me believing that i liked her,Sad
at a friends birthday party with some of my closest friends it was all very pleasant and one could say that i was happy to have such good friends,Happy
on the way home one friday night in the heavy rain the car acquaplanned i lost contact with the road surface for a few seconds,Fear
mad at my dad,Angry
a case of unrequited love,Sad
a bad smelling cucumber,Disgust
nearly caught masturbating,Sad
i do not help out enough at home,Sad
i felt very happy when i won the football pools,Happy
when i flew from athens to copenhagen after a holiday the plane was caught in a storm and it began to shake and i thouhght that we were going to crash,Fear
when someone stole my bike,Angry
when i saw the list of books to read for an acccouting course i thought oh god how will i ever manaage it,Sad
it was when i read a newspaper article on the future and they foresaw that we would be eating frogburgers by the year an illustration showed a frog between two pieces of bread,Disgust
when i dropped a bottle in the state liquor store and everyboby started laughing,Sad
when i was young i pinched from a store and was caught the store then contacted my parents,Sad
when the whole family gets together for a one week holiday everybody feels free and the trip is well planned it works out well and we enjoy ourselves,Happy
when i could not find my year old daughter i ran and looked for her everywhere and could not find her i finally found her she had gone to bed to sleep,Fear
when friends try to put me down or hurt me,Angry
marriage crises boredom,Sad
when someone makes advances that one does not want,Disgust
the discovery that one has only thought of oneself,Sad
when i spanked a child in anger and later regretted it terribly,Sad
when i passed the first examination that i had to repeat,Happy
when i drove to stockholm for the first time and drove off the stora hissingen road at the wrong exit,Fear
when my boyfriend went away for a month long holiday without me,Angry
last year when i worked during the summer holidays and studied at the same time for an examination i had to repeat my boyfriend went to greece for a holiday for a month,Sad
when a dog is left whining outside a shop,Disgust
when i promised to help a friend over a weekend and did not keep the promise,Sad
when i realized that i had three more examinations to take,Sad
the day i was told that i had been accepted as a student of economics,Happy
while taking a short cut through the vasa park i was surrounded by three people who tried to steal my money i was scared and was saved only by the appearance of other people,Fear
at a restaurant i observed how the gypsies tried to get money by cheating the foreigners ie non swedish speaking my anger had nothing to do with hatred against foreigners but it was an expression of the anger i feel when i see people being used,Angry
at the begining of a new course one is afraid of encountering problems one can not manage thoughts revolve around failing the subject and the consequences it would have for the future,Sad
while walking in town i noticed how the police harrassed a man who was under the influence of alcohol they terrified him with the thought of arrest by driving close behind him on a pedestrian street my disgust was directed at the gestures and the facial expressions of the policemen they seemed to be enjoying themselves,Disgust
when my boyfriend revealed that he knew that i had discovered things of an important nature about him i felt ashamed as i had not mentioned it earlier,Sad
when i am dishonest to a friend to whom i am very close i feel guilty because i know that he gives a different version of the truth and i have not corrected these mistakes and he is aware that i know that they are wrong,Sad
when i found out that i had passed the last two exams by a margin of three marks,Happy
when my father was ill and was waiting for the results of his tests,Fear
when i got caught in the pouring rain last thursday and did not have a raincoat on me,Angry
when i failed an exam,Sad
at a smrgasbord table a man mixed differnet kinds of picked herrings with fruit salad,Disgust
when i had not prepared my contribution to the group as thoroughly as the other members with the result that the overall result was poor,Sad
when my father and i worked on the house just after he had recovered from illness i was rather lazy this meant that he had to work hard and was not very well later,Sad
when i gave birth to my son and saw that he was alive and that i had managed it well he was born a month too early with a malfunctioning lung this happened a year ago,Happy
when i found out that my father had lung cancer and they did not know how long he would live,Fear
when a colleague asked me for help at work despite the fact that he had more time to do it than i had,Angry
when i did not get the salary increase that i had been expecting and understood how little ones work was appreciated,Sad
when i was weeding the garden i found a lizard in my hand,Disgust
when i met a friend whom i had not seen for a long time and heard all about her troubles i thought that i should have got in touch with her earlier,Sad
i got angry at my mother for something trivial we were in a bad mood because my father was very ill and i knew that my mother really needed support i had reacted wrongly,Sad
new years eve i met my girlfriend we stood on the steps outside her parents home and i kissed her for the first time,Happy
when i was stopped by plain clothes policemen because the car i was driving had overturned on the avenue i had been driving too fast and i was afraid when i was stopped questionned and then toild to go the situation ended happily since there were no consequences,Fear
the editor changed the heading of an article that i had written he considered the heading to be derogatory towards the person i had written about,Angry
a close acquaintance of the family died of lung cancer although it was expected i still felt depressed,Sad
when i saw a picture in the gothenburg post of a totally demolished car with two fatally injured passengers the car was so badly damaged that they couldnt get the bodies out at the scene of the accident,Disgust
one night i had a sexual intercourse with another man my sexual desire and my curiosity had made me jump into bed with him i am ashamed of myself now,Sad
due to laziness i failed the term studies completely at university i also wanted to some extent to protest against my parents expectations,Sad
when i got the loan for my studies,Happy
i met intoxicated people with dubious intentions in a back alley one wednesday night,Fear
on the tv i saw a news feature on south africa a policeman attacked a group of black people with a whip,Angry
the thought of having to read a boring book of pages in english,Sad
grovelling people,Disgust
my inability to assert myself positively in a group,Sad
i experience feelings of guilt because i do not study enough,Sad
observing someone in the cafeteria noisily gulping in his food having extremely bad manners,Disgust
i guess i have often been ashamed after having talked badly of other people,Sad
having been angry and unpleasant towards my parents,Sad
when my sister after a history of one abortion and one stillbirth gave birth to a perfectly healty boy,Happy
when my sister had the still born child she was emotionally very deep down and it took her a long time to recover,Fear
we were starting a student project and the teacher we talked to was very negative and not very helpful,Angry
when my boyfriend openly let me down preferring another girl,Sad
i felt some disgust for my boyfriend for a time after he had left me,Disgust
cant think of any,Sad
before an accident my aunt offered me the front seat of the car next to the driver i declined she took that seat and was killed there when the car crashed,Sad
unexpected visit by a close friend whom i hadnt seen for half a year,Happy
i wandered by mistake into the safety zone of a shooting range and was shot at,Fear
being treated unfairly,Angry
breaking up with a girl,Sad
nothing,Disgust
none,Sad
little contact with my father before he died,Sad
when i was accepted as a student at the college not having thought it possible,Happy
when i was the first to arrive at the scene after an accident and found that a close school friend had been killed,Fear
i was accused of having done something which i hadnt and got very angry,Angry
when my grandmother died,Sad
not applicable,Disgust
a couple of years ago during the summer holiday i was fishing at a lake with my husband suddenly it started raining while the sun was still shining i experienced a feeling of joy happiness and fulfillment the whole nature was full of music,Happy
i was alone at home in bed reading a womens magazine in which there were storiees of paranormal experiences my leg was itching and i stretched my hand to scratch and i felt another strange hand later i realized that it was the corner of the blanket,Fear
i went to a lecture and once again it had been cancelled this was the second time one had a negative attitude towards the lecturer,Angry
i heard that a former superior of mine had died i was later at home home reading about it in the newspaper and i thought of our interaction and how it was no longer possible the limited scope of human life is sad,Sad
in the tram there was a fat sickly looking woman in front of me who was asking for directions in a thick voice when she got up to go a disgusting smell of urine came from her i felt that i would choke,Disgust
when we were at home my husband and i he made a remark about something i had done in a perfectly friendly manner my deed had been unjust and i knew that my husband was right therefore my sense of shame,Sad
i made a remark to my sister concerning her attitude to men the way she talked and i compared her to an acquaintance of mine later the same evening my sister looked sad i felt guilty about her sadness,Sad
i had a summer job in sweden and my boyfriend came to meet me on my birthday,Happy
i went to practice in sweden during summer and i was afraid that i would not do well,Fear
in the holiday cottage of our association two of my pals came to wake me up early one morning by bringing a radio played at the highest volume into my room it was the morning service at its loudest,Angry
my grandmother died suddenly last summer,Sad
my superior at the summer job swindled customers as much as he could and once put me in a difficult situation after which i could not but detest him,Disgust
once i arrived two hours late to my work place a bank and i was still feeling feeble and tired,Sad
our association had polish visitors and when they were going back by boat i did not go to see them off i am the chairman of the association,Sad
i was told quite unexpectedly that one wanted me to become the vicechairman of our student organisation i was really surprised and joy was the first emotion i felt though behind it there was worry how shall i succeed,Happy
our tutorial group was soon to be divided and we got a list of names of freshmen out of which five were to be in my group we read the names and then each group went its own way to a seminar room i wondered how i would cope with the new situation and if i would succeed as a group leader,Fear
we were in a disco and the evening was not at all pleasant despite my not knowing why i was angry with my companion i let him feel my bad humour as i cannot hide my feelings,Angry
my grandmother died and my mother called me one sunday morning in the autumn the way my mother told me about it i hated her at that moment she sounded as if she had been waiting for the death of my grandmother i had lost a person close to me i felt guilty too as i had been bad to my grandmother of late i had not remained calm when she no longer understood everything so well,Sad
at the underground station a drunkard came to speak to me he tried to ask me something but i did not answer so he began to speak about me with his companion i detested this dirty growling man,Disgust
i was worried by a task related to my studies which had to be done in groups of two i was talking about it to my friends when i said something negative in too abrupt a manner concerning my work partner i did not quite mean what i said and i felt ashamed at having been mean enough to criticize him as he is also a friend of mine,Sad
i had told my boyfriend that i did not want to go on with our relationship i knew that i was important to him but i wanted to be free i saw that this was difficult for him but i remained firm and did not change my mind,Sad
last night i had a chat with a fellow student i had known her for about half a year and for the first time we were speaking the same language meaning an inspiring discussion and encounter,Happy
i sometimes quarrel with my mother because she blames me though i have not in any way been connected to some events,Angry
after hearing about the death of my grandfather first i could not believe it but later i wept and felt the situation was hopeless i felt lonely and wanted to be consolated,Sad
in the evening while i was watching tv my little brother came in and started eating food he had brought from the kitchen while i was trying to concentrate on the program,Disgust
my little brother was arrested by the police at the railway station after he had drunk some beer,Sad
at my temporary job i have to restrict others actions and make them obey me and this very often gives me a feeling of guilt i wish there could be some other way of acting,Sad
i met a dear friend of mine after a long time i expressed my feelings in our own usual way by mutual scolding and abusing with complete understanding and by touching patting and taking the hand of the other person etc,Happy
i felt fear of the purest kind after a car accident the incident and images of horror kept coming back to my mind i wondered what could have happened to my sister my friend and me though nothing very serious actually happened,Fear
two boys whom i know were telling me in an indecent manner how they had teased a young and shy girl i know they had despised her conviction scorned and touched her i got very angry and did not try to conceal it and gave it back to them,Angry
my sweetheart left me or rather we decided to break it off by mutual consent the consequences were unrestrained weeping feelings of loneliness hopelessness and disconsolation i felt that i should find a friend to talk to joyfully and to forget,Sad
out of sheer curiosity i went to see a pornographic movie in copenhagen the room was full of men who panted and masturbated very disgusting,Disgust
after having quarelled unnecessarily and without any reason and having been stupidly cross in every way,Sad
do not know,Sad
forced to fill in a questionnaire,Sad
when i won a tennis match,Happy
when my dog ran out on thin ice last spring,Fear
when my tennis match was interrupted because a kid cycled right into the court,Angry
no response,Sad
no response,Disgust
no response,Sad
no response,Sad
celebrations on the graduation day with the orchestra playing in the garden i am a part of this orchestra,Happy
risk of being involved in a fight after a party,Fear
i had a very heavy work load and two colleagues whom i have nothing against disturbed me by terror ringing ie continously interrupting me by telephoning,Angry
after an exam which i failed,Sad
normally i do not feel disgusted,Disgust
when i overtook a car on the mainroad misjudging the distance of an oncoming car and this resulted in tooting and flashing from the other driver we could have collided and i had an acquaintance in the car with me,Sad
i saw a neighbour from the same appartment block as me lying on the road he could have been injured or ill i kept metres away and did not go to help him,Sad
when i met an old schhol friend school love who works in skvde,Happy
when i was cycling to school i nearly got knocked down by a car which overtook me too closely did not give me any swerving space,Fear
when i was deputy manager during the summer certain deputies took liberties more than what was normal,Angry
when i realized that my girlfriend whom i like and i were going to separate,Sad
dog dirt which thaws in the spring,Disgust
when i forgot my mothers birthday,Sad
can not think of anything just now,Sad
passed the last exam,Happy
was nearly knocked down by a car,Fear
i reached the bus stop and realized that i had forgotten my bus pass,Angry
my current work load is too much the feeling comes back from time to time,Sad
can not think of any situation,Disgust
no response,Sad
no response,Sad
when my one year old son gives me a spontaneous kiss,Happy
when someone close to me is travelling by car and is delayed,Fear
when someone does something wrong which affects me negatively,Angry
when i think about my parents getting old,Sad
can not remember,Disgust
no response,Sad
i do not have the time for other peoples problems my motherinlaw is sometimes depressed and i do not have the time the desire or the strength to help,Sad
an excolleague asked me if i was interested in working in their accounts bureau they needed clever people and he had immediately thought of me,Happy
i was driving and a deer suddenly appeared in front of the car when there was a lot of traffic behind me,Fear
i saw a report on tv news on apartheid in south africa,Angry
no response,Sad
no response,Disgust
no response,Sad
no response,Sad
when my girlfriend became pregnant,Happy
when i nearly collided with another car,Fear
the time when someone let the air out of the tyres of my cycle,Angry
when i read a lot and did not remember anything,Sad
no response,Disgust
no response,Sad
the time that i had to put my dog to sleep,Sad
no response,Happy
no response,Fear
no response,Angry
long illness,Sad
when i passed an exam,Happy
when i was travelling by tram i tripped and fell against the door i thought that i was going to fall out,Fear
when i missed the tram after having run for it,Angry
the inability to read a book at college,Sad
if a guy one is not interested in makes advances,Disgust
i drink wine too often,Sad
i do not study enough as i do not understand it properly,Sad
i worked at a lawyers office during summer and i got a very good reference from him,Happy
i had been watching a triller a dark night in the country and i had to go the outside toilet on my own,Fear
when i am accused of something i have not done i get unbelievably angry,Angry
when i began to read a thick book which i had a limited time to read also when i have a lot of work to do and i cannot keep up,Sad
someone vomited on the street,Disgust
i can not think of any incident when i have felt very ashamed there are small incidents that i am ashamed of for instance not sending money to the children in ethiopia,Sad
i had lunch with my exboyfriend and did not mention it to my fiancee i felt guilty despite the fact that i felt nothing for my exboyfriend,Sad
when i was finally qualified for my profession,Happy
someone attacked me with a knife,Fear
someone drove into my car and then denied that it had happened,Angry
when i was told that my friends wife had cancer,Sad
when i saw a dog which had been knocked down by a car,Disgust
when i boxed my childs ears,Sad
when i was fined for speeding,Sad
i stopped working had a boring job,Happy
i was going home by car late one night when it was cold dark and windy i became rather panicky on the way to my house,Fear
quarrel in the family,Angry
when i am alone in a room with no contact with anyone loneliness drains me,Sad
when i was on holiday someone vomited in front of me,Disgust
emptied a bucket of water in a hospital,Sad
when i feigned sick leave from work,Sad
when i get a hug from someone i love,Happy
i was driving very fast on a small road and i met an oncoming car in a right handed bend the other driver was on his own side of the road and i had to skid out of it to avoid a collision it was dark,Fear
my car had been towed away by the traffic police because it had been wrongly parked however the sign had been put up only after i had already parked,Angry
after an operation i had to stay in bed for a long time,Sad
i was forced to stay in the canteen and eat the food that i had not asked for but got it anyway,Disgust
when i did not buy what i had promised to,Sad
by mistake i took a book from the library which was not supposed to be loaned out,Sad
when i won an unexpected sum of money,Happy
my year old daughter disappeared in a moment of inattention i was responsible for her,Fear
a colleague asked me for some advice and as he did not have enough confidence in me he asked a third person,Angry
i wanted to be pregnant and did not succeed so i was depressed at every menstruation,Sad
in a warm bus full of people someone vomited and the whole bus stank,Disgust
i complained about a colleagues behaviour as she goes back on her word is often absent and is irresponsible i found out that she was an alcoholic and was trying to fight againt her addiction,Sad
i spoke to my mother on the phone she had skin cancer and was waiting to be operated i forgot to ask her the date of the operation and just before finishing our conversation she gave me the date in passing,Sad
when i was at a party i met an old friend from an adult education course we had not met for years but had both thought a lot about each other a wonderful experience,Happy
when i was cycling through the park late one night two people jumped out of the woods and tried to stop me there were shouting something at the same time,Fear
when close relatives tried to dissuade me from studying psychology because of its low status,Angry
i had a long discussion on politics with an acquaintance he was more knowledgeable than me and i failed to explain my point of view and was misunderstood so i felt depressed and left,Sad
when i read a newspaper article on a young girl who had been raped and assaulted one night by several men when she was unconscious,Disgust
my mother revealed personal details about me and the negative aspects of my character to other people when i was present but unable to defend myself,Sad
i was unfaithful to my partner once when he was working abroad for a long period,Sad
when i recently got an appartment in central gottenburg,Happy
when i saw a large spider crawling up the wall,Fear
my employer took too many aspirins for a bad back and also drank an enormous amount of spirit this was dangerous and he did not understand that he had done anything wrong,Angry
when i left new york and all my family and my friends behind me,Sad
when i slept with a guy because my best friend wanted me to he had never had intercourse with anyone and had a terrible complex about it,Disgust
when i dated a close girlfriends boyfriend a few times he told me that it was over between them and i accepted it when she found out she finished our friendship,Sad
when i broke off with my boyfriend after three years it was quite unexpected for him and there was no particular reason for the break up such as someone else,Sad
when my son returned from mountaineering healthy in body and soul,Happy
when one meets new people with whom one is forced to collaborate with,Fear
the sports fishermen who catch gulls instead of fish with their hooks it is often a mistake but it makes me angry,Angry
i feel sad about an event i can not influence,Sad
when a member of the family complains about the food that is served it disgusts me,Disgust
cannot recall any incident when i felt shame,Sad
i have chosen to put my son in a private school were the examination marks are low every time that he gives me his term results i am left with a sense of guilt,Sad
when i was informed that i had been accepted as a student of psychology,Happy
when i was in a little fishing boat and we ran into hard weather in the open sea,Fear
when i found out that the guy i was dating at a particular time had a steady relationship going on with someone else for a long time,Angry
i felt sad and depressed when i heard that our cat had died,Sad
when i was working as a nurse in a mental hospital a patient ate up the contents of another patients spitoon,Disgust
at primary school when i vomited in front of others in the middle of a lesson,Sad
i arrived an hour late for an important meeting i had misunderstood the time,Sad
when i was acceptted as a student of psychology,Happy
when my son has a pain in his leg for no apparent reason,Fear
when after a week at school a teacher sent a note home saying that my son was inattentive and unable to do his lessons,Angry
when i thought that it was going to be impossible for me to start studying due to wrong information from the student advisor,Sad
at a certain persons lack of cleanliness at home and personally,Disgust
when i made the same mistake that i had accused someone else of and this was obvious to a third pereson,Sad
when i lost something that was valuable to my sister,Sad
when my son was born,Happy
when i nearly drowned in icy water wearing ice skates it was difficult to get out,Fear
when i was pointed out as a problem child in primary school and my mother took the teachers point of view,Angry
when i was accused of neglecting work for the wrong reasons,Sad
my parents attitude towards each other when they should become reconciled despite my fathers longtime addiction,Disgust
when i was caught stealing money from my father,Sad
i stole a coconut cake from a reception table and when i put in my mouth i realized that the host was watching me,Sad
when after months of national service i was downgraded and did not have to do the remaining months,Happy
when i was reprimanded by the manager of the hotel where i worked during autumn,Fear
when my parents drove me to a nearby place and went home immediately instead of waiting a few hours they could have easily waited,Angry
when my exgirlfriend and i discovered that there was a certain risk of her being pregnant,Sad
when i was about to clean the draining board and saw it looked underneath the sink i live in a students hostel,Disgust
when my mother caught me masturbating,Sad
as the only person in my family into academics i ought to have looked after my younger and only sister better with respect to her education and life experiences,Sad
when my older sister told us that she was thinking of joining the rest of the family for the winter sports holiday,Happy
slept in a chapel and in the middle of the night i realized that there was someeone else in the chapel i never discovered who it was and why he was there,Fear
when we were in high school a few guys sometimes provoked a friend of mine they called her a pig and then grunted this irritated most of the girls once one of the girls got angry at my friend and said something nasty and this made me terribly angry,Angry
i talked to my boyfriend on the phone when i was in high spirits and had a lot to tell him i had been looking forward to this conversation and he did not listen to me to the extent that i had anticipated,Sad
a mother who shouts at her child for nothing,Disgust
when i complained to my mother about how untidy the kitchen loooked she boxed my ears this had never happened before,Sad
as i could not be home before midnight i called home at and asked them to leave the door open so that i could get in i actually woke up the whole family by calling them so late my mother could not go back to sleep besides she had a conference the next day and really needed to sleep,Sad
when i got through the first day here at the department,Happy
when i was cycling past a parked car someone opened the door and nearly pushed me off my bike and into the traffic,Fear
when my boyfriend sat up half the night playing computer games with a friend,Angry
when i had to leave my mother and my sister after a weeks visit,Sad
when i saw a big spider from very close,Disgust
when i asked a friend to return the money that i had loaned her and then remembered that she had repayed me in several ways,Sad
when one of my parents insinuates something about the other they are divorced,Sad
when i was asked to be a childs godmother,Happy
on the way down a ski slope which was difficult and steep,Fear
when my mother interfered in my life,Angry
when i was left alone one weekend without being prepared for it,Sad
the first time that i saw a surgeon cut off a leg and put it in a black rubbish bag,Disgust
when i forgot about a meeting at work,Sad
when i demand too much from my friends,Sad
when my husband suddenly came to see me at my new job and brought some flowers and cake with him,Happy
when i was nearly attackad by a man who had been chasing me,Fear
when my father asked me if i was a communist at the same time he made it clear that i should no longer see myself as his daughter,Angry
when i applied for a job which i thought i had a good chance of getting i was not even granted an interview and did not get the job,Sad
tv features showing the violation of defenceless people,Disgust
when i as a child of or i was playing doctor with the neighbours boys their mother caught us,Sad
when my husband talked about the restrictions he will have to accept in his life to make our marriage work i felt that it was directed at me as it was me who had demanded the changes we were with a marriage counsellor then,Sad
when we were able to afford a new sofa a leather one which cost sek i had waited for it for years,Happy
vertigo standing on a ladder and painting the house,Fear
when my boss enrolled in a course to satisfy his own ends to trample on his associates i have the misfortune to have one of my superiors in my course,Angry
when i argue with my mother about the way she treats her two children differently,Sad
spit and vomit,Disgust
spots on the seat covers of my husbands car,Sad
not speaking to my sisterinlaw due to lack of interest in a relationship on my side,Sad
when i recently managed to get my first consulting assignment myself ie on my own initiative,Happy
i was within a hairs breadth of knocking down a drunkard who suddenly ran into the street the fear came later when i realized what could have happened,Fear
when my friend as usual forgot the tickets at home for a performance we missed it,Angry
the elections of and the thought of what a social democrat and communist majority could achieve especially worker share funds and its extension,Sad
a study visit to a chicken factory the butchery the smell the environment and the noise,Disgust
confession to my parents about my involvement in a moped theft,Sad
no answer as i see very little difference between shame and guilt therefore see answer for shame,Sad
when i was appointed to position of trust in a group set up to change the working environment,Happy
i was alone in a cottage i often stay in i was woken up by a rustling sound in the middle of the night,Fear
when i tried to explain to a plumber face to face that the toilet was broken and he did not believe it it had been mended ten times,Angry
when the result of a project work was treated nonchalantly intead of being criticized by the teacher,Sad
when programmes on violence or pornography are shown on tv,Disgust
when i talked maliciously about a colleague at work to someone else immediately afterwards i felt ashamed,Sad
when i decided to take a week s holiday without consulting the family first,Sad
after my girl and i talked things over our relationship changed and became positive a diificult time turned into pleasant one,Happy
when we could not land our plane and we knew that the fuel was running out bad weather had already frightened us,Fear
when i read about reagans tactical decision concerning the south african boycott,Angry
when my half brother became seriously ill with cancer and died later,Sad
a film were a woman was attacked and raped one did not see the worst but it had the desired effect very strong,Disgust
i made a comment and it was interpreted completely differently from what i had meant when i said it i realized how my mother had understood it,Sad
i had promised to visit my girlfriend but for different reasons could not make it i rang up later to tell her that i could not come,Sad
when i was offered a high position of trust which i later accepted,Happy
i had the window open and the door was shut so that the kitten would not go out my partner came in and started talking about something and i forgot about the window and suddenly i saw the kitten hanging from the window frame i was rigid with fright till i got hold of her,Fear
some noisy guests arrived at the hotel i had been slightly irritated earlier at night when i was trying to sleep they were having a party so i went and yelled at them i wanted to sleep as i had to get up early the next day,Angry
when i was told that i had not been successful in getting the job i had been expecting i was sure that i was sufficiently qualified,Sad
when my cat vomited and a worm came out which was still alive i was forced to wipe it up,Disgust
when i was a child it was found out that i had taken off my clothes outdoors it was summer and my friend and i were out in the woods it had felt exciting at that time my parents discovered that my trousers were back to front and i felt ashamed,Sad
when i stole money from my mother and she asked me later if i was responsible i never admitted it,Sad
cycling in the spring sunshine gives me such delight happiness is to be healthy my wonderful finance simply being here on earth,Happy
when my relationship with my family is very poor i often fear being excluded from the group a fear which is stronger in situations when an argument is on hand,Fear
recently when my sister who is four years younger than me and very spoiled shouted at my mother for no apparent reason the heartbroken expression on my mothers face made me feel very angry,Angry
when i watched the tv programme called the living planet and saw the far reaching environmental destruction caused by man,Sad
disgust is a feeling that i have never experienced with peoplie but on the other hand it has been with repulsive animals ie snakes on tv,Disgust
when relatives have acted strangely and unfriendly towards me,Sad
when due to hunger and tiredness i became generally irritated with my fiancee and made cutting remarks which really hurt him later i realized that my unfounded irritation had hurt the person i love most on earth,Sad
on a boat trip to denmark of us had a lot of fun and we spent sek each on one armed bandits and against all odds we won the jackpot of sek,Happy
a rainy day i was cycling downhill and a car door suddenly opened and while trying to avoid it the back wheels of my bike got caught in the tram tracks i somersaulted but had no injuries,Fear
on the way home from marstrand i was driving behind my fathers car another car tried to push in front of my father and he was forced to swerve and he thus collided the car with a pillar the other car drove off without even seeing what had happened,Angry
my girlfriend who had spent months abroad broke off our relationship by letter,Sad
at the police centre a man between was brought in he was very drunk and in all likelihood had not slept indoors for a long time and had relieved himself in his trousers,Disgust
a customer at the shop where i worked came in and asked if the goods that he had ordered had arrived i had totally forgotten about this order and i tried to offer weak excuses,Sad
i was years old when i hid the bicycle keys of a not very good friend after a few hours i pretended that i had found it,Sad
when i was at the endofterm party last week and had fun was happy and sang and drank only soft drinks it is possible to have a good time without alcohol,Happy
last summer i was walking along the beach in a bikini and an awful man came cycling after me he was shouting and i ran as fast as my legs could carry me,Fear
in a course i thought that i deserved good marks but i only got ordinary marks with no justification as to why i was given these marks,Angry
when i crashed my car and it had to be scrapped then it was my fault and i feel depressed as i miss the car,Sad
i had some sort of a stomach virus last week and i vomited in college in the morning then in the cake shop three times during the trip home and again when i got home,Disgust
when i was an evening school teacher it was my job to make the coffee but i was not able to get the coffee ready on time and i thus arrived half an hour late to the class on top of this the coffee was undrinkable,Sad
many years ago a friend wanted me to with her to southern europe and i preferred to travel alone i felt guilty because i wanted to go on my own,Sad
when i felt that my love was returned,Happy
when i was convinced that someonne had broken into my flat and i woke up and heard sounds that frightened me,Fear
when it became clear that a man had used many people sexually and psychologically despite the fact that many people looked up to him i understood that one could not trust him and i was forced to hide this for a while,Angry
when i feel helpless after having tried to help someone without any result,Sad
when i think now about the way my father behaved when filing a divorce,Disgust
when as an year old i wet myself in school,Sad
when as a year old i stole money from my mother,Sad
when i recently got a very positive answer from a clinic telling me that they would willingly assist and collect data for me for a clinical pilot study,Happy
every time i meet a certain dog that has once bitten me,Fear
when after a lot of provocation my child threw a plate on the floor,Angry
when i realized that i could not communicate properly with my closest friend,Sad
when i tried to explain to my child as to why there were magazines wiith naked girls on them at the kiosk,Disgust
when i stole a packet of cigarettes from a neighbour and the next day i owned up and returned it,Sad
when i was forced to decline the invitation to my mothers th birthday because of my work committments in another area,Sad
when i began dansing the teacher came and told me that i was very good and would soon get into the ballet academy,Happy
a late saturday night i found myself locked in the central underground station of stockholm with a group of hard rockers who were drunk and equipped with various kinds of chains etc,Fear
when i was forced to call the telephone company about a bill concerning a disconnected phone belonging to my landlord the bill was four months overdue and in the meanwhile he had been using my phone he seemed to have no intention of having his own phone reconnected,Angry
whenever i read or think about the way people treat animals and nature,Sad
when i saw a tv programme on animals in the film world mistreated and used,Disgust
when i was years old i wrote passionate love letters to my boyfriend and i later found out that his sister had read them,Sad
when i hated one of mmy flatmates who was nice to me,Sad
when my month old son is happy and well,Happy
a four year girl ran away from her father straight in front of my car i was forced to use the emergency brakes,Fear
after an examine i had been satisfied with,Angry
when a colleague failed to contact me at the arranged time,Sad
when i read racist slogans on the walls,Disgust
about swedens arms exports,Sad
not doing something i had promised,Sad
when i gave birth to a healthy boy,Happy
when my husband and i spent a night by ourselves in a house which was in an area on the outskirts of a large town with which we were not familiar we heard strange noises outside the house and the house had glass walls so the whole thing was even more frightening,Fear
jealous of my husbands old girlfriend we met her with her husband and there was a lot of reminiscing,Angry
when my daughter had problems with her friends and i could see her predicament from the window she was given a the cold shoulder,Sad
when i was an auxiliary nurse at the hospital and i had to change the nappies for the first time of a very old and sick woman,Disgust
when friends found out that i had been lying about where i had been on a particular occasion,Sad
when my middle child became very difficult to handle after the birth of his baby brother and i did not have any patience with him,Sad
when my husband and i decided to take a few days holiday after a particularly trying period,Happy
before a hospital visit prior to a dc under anasthesia for an expected miscarriage,Fear
exchange of points of view with my sister on a family matter,Angry
treatment to become pregnant with a negative result,Sad
when i woke up one morning and went to the kitchen i discovered that our dog had diarrhoea there were small piles all over the floor and the smell was choking,Disgust
when i was young about or i did not make it to the toilet on time i hid the dirty trousers in the cellar as i feared it being discovered by my parents,Sad
at work a boy was injured because of my lack of supervision,Sad
when i gave birth to a child and saw that it was normal when it was put against my breast,Happy
during labour when the foetal sounds became faint and there was a big alert for a forceps delivery,Fear
at a cash desk where i had gone to buy rolls of kitchen paper at a reduced price after queuing with screaming children it turned out that i had taken two roll packets instead of the one roll packet to which the rebate applied the assistant said you will have to get it another time,Angry
when i first heard that tage dannielsson had died,Sad
the lift of stockholm central station stank of vomit and urine,Disgust
on the train a drunk person touched my baby and i reacted very disapprovingly i felt ashamed later as the person had not been aggressive though he could have been,Sad
i get irritated with my son when he screams or is sick all over his clean clothes,Sad
the high school entrance exam,Happy
a gang of screaming and drunk youths captured a tram,Fear
an unjust refree decision at a sports event when i was the team leader,Angry
when my girlfriend left me,Sad
i was dominated by a certain person and even though i knew it i could not change my own reactions,Disgust
when i was given detention at secondary school,Sad
when i splashed a child by not slowing down while driving through a puddle of water,Sad
yesterday when the final whistle blew at the final match between ois and ifk and it was certain that ois had won the swedish title,Happy
i was teaching someone to drive and when we were about to crash i was scared,Fear
a drummer who had borrowed my drums destroyed both the drumskin and the sticks he did not repair them nor did he tell me about it,Angry
when my dad gives priority to my kid brothers band and his other activities we both play in different bands and rehearse in my parents garage,Sad
a friend unjustly put the blame on me to relieve his conscience and also spread lies for the same purpose,Disgust
my behaviour at a recent party i passed out early luckily,Sad
when i was face to face with my deceived friend after sleeping with his wife,Sad
when i dived among sharks and the brightly coloured fish on the outer reef of tvavni fidgi,Happy
when i missed crashing by a hairs breadth into a man who came out metres ahead of me when i was driving at kmh,Fear
when i told off a computer teacher who did not want to teach me beacause of prejudice,Angry
when i could not do anything because of a bad back,Sad
when i discovered that the house we had hired in tonga was full of cockroaches,Disgust
when i excreted on the mat instead of the potty,Sad
when i pulled a chair from under someone at kindergarten and he hit his head,Sad
when i passed the driving test three weeks ago and got my licence,Happy
when the car i was driving skidded on an icy road and landed in a ditch with one side against a rock,Fear
no response,Angry
no response,Sad
no response,Disgust
no response,Sad
no response,Sad
when i met friends i had not seen for the last years,Happy
when a guy chased me when i was out jogging,Fear
no response,Angry
no reponse,Sad
no response,Disgust
no response,Sad
no response,Sad
no response,Happy
no response,Fear
when the morning newspaper has not arrived,Angry
no response,Sad
no response,Disgust
no response,Disgust
no response,Sad
no response,Sad
i feel unbelievably happy about the relationship between my boyfriend and me it is a reoccurring feeling,Happy
a reoccurring fear that something will happen to my relatives,Fear
when i argue with my boyfriend i feel as though he feels superior to me,Angry
when i failed an exam last summer i had worked very hard for it and i was very disappointed thinking that it was hopeless to continue at college i did overreact,Sad
no response,Disgust
no response,Sad
when i argue with my sister it feels sometimes that i have the upper hand and i use it i often argue better and this makes her terribly angry,Sad
i was very happy when i got an attractive summer job,Happy
the birth of my child,Happy
when i have to leave the baby in the carriage and go shopping i fear that something will happen to the baby,Fear
when during winter the water pipes froze and we did not have any water for two days,Angry
i did not quite succeed in breast feeding my baby,Sad
the smell of garlic in rushhour bus,Disgust
i fell on the ground while crossing the street my cap covered my eyes and i felt quite difficult,Sad
i have a twomonth old baby when i came here to the university to attend lectures i had to leave the baby with his father i felt guilty,Sad
during the christmas holidays i met some of my old friends after not having seen them for six months,Happy
we were driving a car of a friend of mine when we turned in the wrong direction towards an unknown district and nearly drove down a precipice,Fear
when our religion teacher presented shocking sectarian thoughts and dooms day as official teaching,Angry
my grandfather died when i was an exchange student in the usa,Sad
i happened to see the videotape movie this is america part one at my friends place,Disgust
i insulted a couple of good friends of mine and even tried to hit them when i was drunk the next day i was ashamed of course,Sad
i stole carrots and got caught i had to apologize to the owner,Sad
in the undergrounds escalator a youngish bum asked me for money although i did not give him anything the fellow told me that i was really goodlooking a man who was in front of me also turned to look at me,Happy
i was afraid of moving away from home and moving to helsinki for my studies,Fear
in the student kitchen that we share somebody drank from my juice pot one litre so that i only got one glass out of the whole pot,Angry
my father gave money to my brother but not to me,Sad
during the weekend at home my mother fries greasy and unhealthy meat dishes which make me feel sick,Disgust
i was wearing slippery shoes and i tumbled down in a place where there were many people walking by,Sad
i ate a runebergs cake though i knew that i would immediately put on a kilo,Sad
at about nine pm i went home by bike on a dark cycletrack because of lack of time i had to take the shortcut,Fear
once i had to go home on foot at am i had to pass through a forest and i was going alone,Fear
i missed the train and had to wait for the next for two hours for this reason i missed an appointment which had been very important for me,Angry
when my grandmother died i had lived with her for ten years,Sad
when i went home by train from sicilia i was molested by a man,Disgust
i lied to someone and some time later this person found out that i had not told him the truth,Sad
i had to decline an appointment which had been very important for the other person for this reason we even got into trouble,Sad
a person with whom i had been on bad terms gave me a present we became reconciled,Happy
a friends father had died i was to come and see this friend although i did not know his family,Fear
i was watching tv with a friend after the first film i wanted to watch another film on the same channel my friend switched over to the other cannel without asking me what i wanted,Angry
my boyfriend an i seperated on his initiative,Sad
a friends boyfriend treated her very badly let her serve him provoked her and just utilized her,Disgust
i had lied to a person because i had thought that i could not tell him the truth when he found out he was not angry but understanding we talked the whole thing over,Sad
i had told a person unpleasant things in a bad manner he was very depressed and caused an accident,Sad
after having considered it for hours i was able to overcome my scruples and to call a friend with whom i had fallen in love i realized that my decision was right and was very glad,Happy
after having slept for a short time i woke up i had the feeling of someone standing beside me and was very frightened i had to turn on the light turn on the light for several minutes before i was able to get to sleep again,Fear
i moved to a flat a friend who had lived there before had left the flat in a terrible mess i was very angry about that sloppiness and impudence,Angry
my father had a complicated operation a long time before and also a long time after that we did not know how he would get over it during all that time i felt very sad,Sad
it was in a tramwaycarriage a stranger insulted a girl just because she blew her nose i detested his behaviour,Disgust
quite recently i realized that i had had some erroneous views about life for instance i had always lived for other people had forgotten my own person and suppressed my own feelings i was ashamed because i had not been concious of that until i had a conversation about it with a person,Sad
i had a quarrel with near persons i said many illconsidered things and i regretted it when it was to late,Sad
in summer when i was sailing with friends in greece i felt joy,Happy
i was riding with a friend in his car at a speed of kmh on the snowcovered motorway i would have liked to get out,Fear
meeting a male friend with whose wife i was having an affair,Sad
walking along the beach with a friend another girl talking picking up shells laughing chasing seagulls,Happy
climbing a mountain to see a view towards the top we suddenly came across a ledge with a nearly sheer drop on either side which i had to cross,Fear
a friend suggested in a roundabout way that the reason we were late for something was because of me and that im often late i know this was partly true but felt it unjustified that particular time and i felt i couldnt do anything about it anyway ie being late,Angry
talking to a very good friend who had just had a very bad experience which was changing his whole way of looking at life etc,Sad
i came across a group of people with the same basic ideasbeliefs who were all fighting and going against what they would say was good,Disgust
i was working in a job in which i could not work quickly enough and was told that my work was not up to standard,Sad
i had wasted some time instead of doing something i needed to do to give to a friend also in the time i wasted i had done some things i did not consider morally right,Sad
on meeting an old friend of mine,Happy
when my brother was very late in arriving home from work,Fear
during a fight with my best friend,Angry
when my dog died,Sad
during a movie in which i saw the effect of white settlers in africa,Disgust
when i got a bad result for one of my assignments,Sad
leaving a friend of mine alone at a dance i felt i should have kept her company,Sad
when i realised that i was forgiven by the god who is there when i realised how much god loves me and that my acceptance with him is not based on my performance that he loves me unconditionally and showed that love in christ who died because i do need forgiveness,Happy
fear paralysing that i would not be accepted by the god who i believed to be there because i was morally bankrupt before becoming a christian and realising that that was why christ came to free us from sin and to forgive us,Fear
at my fathers treatment of my mother at his disregard for her and not being committed to her,Angry
at a lack of love of my father for my mum sadness for him more than anyone else because he does not realise how much love and happiness there could be between them and is and how much he is damaging himself apart from mum,Sad
at what i was capable of of selfishly using others for sexual encounters while i held a vision of having a deepening aboveboard you know girl next door devotion to a girl in my head my drives and actions did not match this so consequently i felt disgusted at my failure,Disgust
at using other people because of sexual experience that was using another to the detriment of both anxiety that i may have affected another for the worst,Sad
for the above guilt at not living up to my own moral expectation guilt for not being the type of person my patents wanted guilt for just about bloody everything just realising that i have failed drastically in my own eyes,Sad
i was rockclimbing and absailing felt ok but suddenly as i was going over the cliff i was hit by fear i couldnt go on absailing down the cliff and had to be actually hauled back up it,Fear
i told my boy friend not to park in a certain place because the car would ger towed away he didnt listen and it was towed away at that stage our finances were below the poverty line it cost us all the money we had to get us through that week including rent,Angry
my sister won a scholarship to norway and it was particularly as she walked across the tarmac to get on the plane and she looked back at us,Sad
i work parttime as a shopassistant and a customer spoke to me very loudly about an indian man white woman with children how horrible that was and would i want to have little dark children,Disgust
my mother told my uncle who is a roman catholic priest redemptist father that i had been living in a defacto relationship for three years he was very very angry at me,Sad
i snapped very abruptly at my mother when she said something silly and stupid in front of other people she looked so defenceless hurt told them that im always doing that,Sad
i received a wedding invitation from an exflatmate enclosed was a small note that overcame a lot of the differences that had arisen between us due to the circumstances in which she left the flat,Happy
one afternoon helping at home on the property i was mustering getting in cattle and a bull turned and came for me,Fear
getting a terrible exam mark which i couldnt understand the reason for and trying to see a lecturer or tutor but being given the runaround,Angry
watching an old lady running up the street to catch her bus and miss it it reminded me of my own mother and how dreadful it would be to be her in the same situation,Sad
coming home one night my sister was home and had been drinking heavily and started picking arguments,Disgust
when i am travelling by car and have to meet an oncoming car while overtaking,Fear
when a close relative is treated badly,Angry
when a close friend died,Sad
when i saw all the starving people in ethiopia on tv it felt awful to see such suffering,Disgust
no response,Sad
when a mistake occurred at work which i was not responsible for this was disclosed later,Sad
when i called my boyfriend he asked me if i would live with him,Happy
last summer in italy i was attacked by a dogit was terrible to feel that untidy dirty dog against my naked skin,Fear
when my fathers new fiancee treats me like a child she does not trust me and constantly misunderstands me i get particularly angry when she says nasty things about my boyfriend with whom she works,Angry
when the guy i was in love with told me that he had met someone else and that we would not meet again for a year although we did not have a steady relatioship we were having an affair,Sad
no response,Disgust
no response,Sad
no response,Sad
when my love for a guy was returned,Happy
when i think of death not my own but that of my parents brothers and sisters,Fear
my parents did not approve my choice of a boyfriend now an exboyfriend he happened to be years older than me and he was considered completely unsuitable for me idiot,Angry
no response,Sad
when my uncle comes times a year for the traditional christmas dinner with my grandparents and other relatives and is very drunk,Disgust
no response,Sad
i was living at home during the summer vacations and towards the end decided to take some of my clothes and other belongings to the appartment in guttenburg when i had finished i went to my exboyfriends relationship uncertain home and stayed there till am i had to leave then as my parents needed the car for work in the morning my parents do not like my boyfriend,Sad
i met my present boyfriend on a boat trip to england we had said that we would call each other when we got back to sweden we were not going to the same town in england as soon as i walked in he called from england as he could not wait till he came home,Happy
when my mothers heart nearly stopped,Fear
there was a sofa in my flat which belonged to the old tenants who were acquaintances it should have been picked up a year ago but they had postponed it eventually they decided on one date and i stayed at home despite the fact that i had other things to do they did not come nor did they call and they still have not got in touch with me,Angry
when my exboyfriend and i separated,Sad
very intoxicated men who incite each other to fight i met a vile smelling man on the tram who got closer and closer to me till i got up then he got angry,Disgust
do not remember any situation of that kind,Sad
when my nephew asked me to tell him a story and i simply did not have the energy or the will when i saw his disappointment i was terribly guilty and read a story to him after all,Sad
when i fell in love,Happy
earlier i was afraid of speaking in front of a crowd of people,Fear
a girl i was with went off with another guy,Angry
at setbacks,Sad
i worked in a harbour and emptied latrine containers from the back of the lorries,Disgust
the day after the night i drank too much at a party,Sad
can not think of anything,Sad
when i was accepted as a student of psychology here at gutttenburg,Happy
i woke up in the middle of the night as i had jumped and shouted with fear i thought that someones cold hand or something similar had touched my hand i crept down under the covers and went back to sleep,Fear
no response,Angry
no response,Sad
when i was a young teenager my brotherinlaw to be had made heavy advances to me i did not understand very well what it was all about but i reacted strongly and the feelings are still there,Disgust
no response,Sad
i broke off with my partner as i wanted him as a friend and not as a lover he reacted very violently and i felt guilty as i had made him so desperately unhappy,Sad
i made dinner for some friends and they appreciated it very much,Happy
i was nearly knocked down while i was cycling,Fear
my father and i had an argument because i do not help enough at home,Angry
no response,Sad
i had intercourse with someone and then i realized that what i had done was wrong and it disgusted me,Disgust
do not know,Sad
i said nasty things which i did not mean to a friend,Sad
after intercourse,Happy
disappointment over a friend,Fear
quarrelled with my younger brother,Angry
when i woke up after a nightmare,Sad
helping older people on the toilet,Disgust
can not think of anything,Sad
squeezed the puppy in the door,Sad
when i was notified that i had been accepted as a psychology student,Happy
motor failure on a boat outside gottenburg when we were in heavy seas and the wind was strong as we could not steer the boat we drifted towards the rocks we did not succeed in attracting the attention of any passerby until hours had elapsed,Fear
a lady i live with had not bothered to clean up before she went on holiday i live in a collective,Angry
when i heard that a good friend had committed suicide,Sad
i was present when they found a shopkeeper dead in his shop he had been shot with a shotgun at close range,Disgust
i do not remember when i last felf ashamed i do not usually feel ashamed of what i do,Sad
my mother accused me of not visiting her enough when she was in hospital for an eye operation,Sad
after i had made my debut at ullevi against ifk gottenburg and got a good write up in the paper,Happy
when i was years old i woke up one night and found myself alone at home my mother had gone out to buy cigarattes from a machine,Fear
no response,Angry
when i found out that i had failed to pass my exams during the term by one point the fact that exactly the same thing had happened last term did not help,Sad
when i was touring asia with my present football team i saw old europeans with young asiatic prostitutes,Disgust
no response,Sad
no response,Sad
as an evening class teacher i got positive feedback when the atmosphere is good and a kind of relaxed understanding exists,Happy
after mischieviously ringing on the chemists tradeentrance doorbell and getting caught by him,Fear
the sight of a man who ran amok fighting at a dance,Angry
when out of work,Sad
with my mouth full of bun i drank directly from a packet of milk which turned out to be weeks old completely separated it took a while for the milk to seep through the bun,Disgust
no response,Sad
a boy who shot dead a squirrel,Sad
when i was accepted as supervisor for a student teacher the notification came by post,Happy
when i was involved in a car accident last november after the first fall of snow i lost control of the car and it spun round and landed on the opposite side of the road on the hard shoulder it was stopped by a pole on top of a bank sloping down to a stream,Fear
with the job appointments committee when the headmaster in charge explained that a male teacher was more suitable for the particular post i had more years of service than the male teacher but this was not taken into consideration i could have been given a less attractive job if things had gone the way the headmaster wanted,Angry
a colleagues year old daughter is seriously ill with cancer and has only a year to live i heard about it weeks ago,Sad
no response,Disgust
no response,Sad
no response,Sad
when a close friend met me at the station in the middle of the night when i came back from a long and tiring journey,Happy
having quarreled with a boyfriend he threatened to leave me,Fear
someone didnt show up at a meeting in spite of having agreed to come,Angry
when i understood that my marriage was falling apart and we decided to be legally separated,Sad
at an antipornography meeting when samples from films and magazines were shown,Disgust
comments from other children on my alcoholic father,Sad
having failed to help with the th of march arrangements womens day although i had previously promised to take part in the work,Sad
when i was able to buy my new car after lots of problems,Happy
after my car accident when i woke up in a heap of stones,Fear
when i tried to put up a tent some years ago i was teased and hindered by my cousin,Angry
when my grandfather died,Sad
no response,Disgust
hit a dog with my car and didnt stop,Sad
car accident i let a year old incompetent parson take the wheel and i feel very guilty about what happened even though i suffered the worst injuries,Sad
when i was admitted to a certain school as a student,Happy
my father has a chronic desease in the autumn of he had a very strong fit or seizure,Fear
a drunken friend of mine was beating up another friend who was also drunk,Angry
when i didnt get a certain job at lillehammer which i wanted very much,Sad
my boss on the job failed to keep his promise about something he knew was extremely important to me,Disgust
an exam where questions about very specific knowledge were asked,Sad
i hit my little sisiter on the head with a stone while we were fighting,Sad
when my father managed to begin a new life after the divorce from my mother resulting in a new little sister for me,Happy
a nearaccident in a car driving too fast on an icy road,Fear
my mother and her friends were speaking badly about my father when they were separated and my brothers and sisters and myself were allowed to listen,Angry
being bored in school not being able to marry and have children,Sad
when my mothers new husband treated her and my brothers and sisters badly,Disgust
stealing from my mothers purse when i was a little boy,Sad
no response,Sad
i was in hospital and then was visited by someone quite unexpected,Happy
i was hunting and was lost in the fog in the mountains,Fear
i was accused of a misdemeanour unjustly,Angry
when my girlfriend left me,Sad
slaughtering of animals,Disgust
i entered the wrong room and got into a bed where someone already was sleeping,Sad
i failed to show up at an agreed date,Sad
when i finally managed to get a specific sound from my guitar after baving tried for a long time,Happy
climbing a mountain i got stuck and realized i could get neither up nor down,Fear
meeting generally dominating persons in social occasions,Angry
discovering that lillehammer provided no musical environment that suits my taste even though i had been told so,Sad
cant describe any disgust situation,Disgust
when the cast general election resulted in norway getting a conservative government,Sad
a friend of mine shot himself through the head after having told me and others that he would do so,Sad
when my children were born,Happy
when i almost ran over a small boy who suddenly was in front of my car,Fear
when my father phoned me to come home from my vacation since he no longer had the time to look after my garden and animals,Angry
when i was told that a good friend was seriously ill,Sad
when i learned that a relative had been spreading rumours about me,Disgust
i was talking badly about a person to some friends and discovered that his daughter was listening,Sad
when my exhusband left our house and the children cried because he was not coming back,Sad
when my special friend said i love you for the first time,Happy
after having watched a crime show on the tv i was about to take the dog for a walk then suddenly there was a man on the porch we live some distance away from other people,Fear
when my car suddenly broke down,Angry
when an earlier friend was spreading negative rumours about me,Sad
there is a certain person whom i only have seen he makes me cringe feel disgust,Disgust
cheating to get the best grade on a test in th grade,Sad
a kitten had wandered into our office and i was told to take it back across the street when i crossed back the kitten followed me and was run over and killed by a car,Sad
when my term paper was evaluated,Happy
after seeing a terror movie at the cinema i was so scared that i couldnt even drive the car into the garage i often thought about the film afterwards hoping such things couldnt exist in the real world,Fear
angry with my brother who was making fun of me teasing me,Angry
when my gradmother died,Sad
i overreacted towards my mother and felt ashamed afterwards,Sad
when my parents work very hard and get tired while i go to school and study instead of helping them i feel that im letting them down disappointing them,Sad
got in touch with earlier friends after a long absence,Happy
i lost my way on a trip in the mountains,Fear
being subject to unfair treatment in a working group someone bending the rules was protected by the boss this resulted in more work for the others,Angry
the death of a close friend,Sad
was confronted with a person having negative thoughts of other people because of their social status beliefs color and outlook on life perspective,Disgust
feeling inadequate in a group situation being unable to convey my own thoughts and feelings,Sad
i failed to complete a working task within the agreed time,Sad
receiving a much wanted letter from a very good friend who lives abroad,Happy
before getting back the results of a test in school when i had worked very hard and was worried about not succeeding,Fear
one of my best friends accused me of giving up to early on problems it was only a casual remark on her side but i was angry and hurt,Angry
realizing that school will soon be over and we will all go different ways perhaps never meeting again our friends from this year,Sad
in a public swimming hall i saw a very aggressive man who practically attacked the children who got in his way when he was swimming,Disgust
i was making very strong statements about infidelity in couples then i discovered that one of my best friends who had just been through a very sad case of mutual infidelity was listening,Sad
i had planned a trip to the south during easter together with a friend she was very sorry when i changed my mind and decided not to go after all,Sad
a friend which i hadnt seen for years sent me a small present,Happy
one dark night with no street lights a car was obviously following me,Fear
i was subject to false accusations and got very angry,Angry
i was told by a good friend that we couldnt be friends any more because of his relationship with another girl,Sad
this is difficult since i dont remember feeling disgust towards anyone,Disgust
if i dont go to lectures i often feel ashamed,Sad
i was very angry with a girlfriend for interferring a little too much with my personal affairs i told her so rather strongly and she started crying,Sad
when my fiancee travelled km to visit me and i hadnt seen her for months,Happy
i was beaten up at a private new years party once through no fault of mine,Fear
i felt unfairly treated at an airport being told to use a different counter for domestic traffic only,Angry
when my grandmother died,Sad
the murder of two girls on a school trip to berlin and sexual crimes generally a couple of years ago,Disgust
when taking part in the mobbing of one of my best friends in primary school,Sad
when i secretly tried smoking for the first time being years old,Sad
when the person that i was very fond of returned to me,Happy
not applicable to myself,Fear
when students in our working group showed no responsibility or interest in our work,Angry
a very close friend left me,Sad
some people were unfairly treated because of their nationalitycolour,Disgust
taking part in the mobbing of some girls in my class in primary school,Sad
not applicable to myself,Sad
a close acquaintace cried for me i felt happy because somebody cared,Happy
a letter from my boyfriend began in such a way that i thought he was going to end our relationship i was afraid of reading the rest,Fear
my nephew is a deaf and also hyperactive boy i had been responsible for looking after him for a full day and was very tired then he suddenly grabbed a knife and stabbed me in the leg i got so angry that i didnt feel any pain,Angry
a woman i know is slowly dying from cancer observing this process makes me sad,Sad
close friends talking badly of other friends,Disgust
my father died after two very painful weeks in bed i felt relieved and was ashamed of that,Sad
we had a day off from school instead of helping my mother with her job i stayed in bed all day,Sad
renewed contact with an earlier friend,Happy
fearing the use of power or reprimands when i belong to the minority,Fear
a close friend first said he accepted an agreement but later used that agreement as a reason for attacking me,Angry
when realizing that my girlfriend and myself in fact had started the process of breaking up,Sad
political and military trnsgressions around the world generally speaking this cannot be described through this questionaire,Disgust
was accused of having hidden intentions in a situation when i believed i was acting honestly and fairly,Sad
when my aunt took her own life i felt guity for not understanding that she needed support,Sad
receiving a postcard form my sweetheart who was abroad on vacation not being at all sure if he would write me or not,Happy
doesnt apply,Fear
when i tried to breake it up with my boyfriend and he refused to let me go,Angry
having to go back home form the us after having been there for ten weeks to visit my brother and his family,Sad
doesnt apply,Disgust
doesnt apply,Sad
i dated another boy several times when i was still going with my former boyfriend this made me feel a little bit guilty towards my friend,Sad
finding my glasses again after having lost them in town,Happy
falling off a cliff in the mountains,Fear
having a fight with a class mate,Angry
when the gear broke on my car,Sad
cant remember having had this feeling,Disgust
cant remember that feeling,Sad
i forgot to lock the outside door at my land ladys place,Sad
i got a job right after school was over,Happy
going home alone through the forest after a girl guide scout meeting,Fear
i get angry when people disbelieve me or misunderstand me,Angry
at the death of a close relative,Sad
having been unjustly punished i feel disgust towards the person responsible,Disgust
being caught in changing the truth lying,Sad
doing something wrong at home and then letting my normally more rampant brother take the blame,Sad
having passed the exam required to be an authorized radiotv dealer,Happy
climbing a mountain where the rocks were very loose when we realized the danger we were very high up but still had a long climb ahead,Fear
being a spokesman for the union i got into a quarrel with a colleague who had been acting disloyally over a sustained period of time,Angry
when my grandfather died with whom i had a very close relationship,Sad
reading about executions and massacres which happened during world war ii i felt disgust towards those who did it,Disgust
i woke up at the house of someone i knew not remembering very much about what had been said or done during the party on the previous night,Sad
borrowing a car and then having a minor accident breaking a headlight,Sad
succeeding in helping others,Happy
when i realized that we are living on borrowed time and that the nuclear holocaust appears to come closer every day,Fear
when others let me down fail to keep agreements,Angry
death in the close family,Sad
when people manipulate others through appearing better than what they really are,Disgust
participating in a theft several years ago,Sad
feeling helpless not being able to accomplish what i really wanted to do,Sad
i received the message that id been accepted at the school where i really wanted to go,Happy
i came home and discovered that someone had broken in then i realized that they probably were still there,Fear
i was accused of having drunk a bottle of liquor and then refilling with water,Angry
got a package from my parents without even a small note enclosed,Sad
quarreling with my father when he made false assertions,Disgust
telling friends about how my parents had been treating my brothers and sisters unfairly,Sad
ive always defended my sister when needed at the expense of my brother this has led to feelings of guilt towards him,Sad
winning the local soccer championships this year was a great joy,Happy
before important sports events,Fear
when colliding with my car i myself was to blame,Angry
not succeeding in a crosscountry skiing competition which i intended to win,Sad
cant remember any episode of disgust,Disgust
when i got really drunk on norvegian indipendence day and was not allowed to participate in football soccer games for two weeks that was very unpleasant,Sad
when i and the boy next door set fire to a house by accident,Sad
getting the top price in the football pools,Happy
was threatened with a knife in the military by soldiers form another unit the reason was girls,Fear
when my mother treats me as a year old boy,Angry
getting to know that my uncle in america had a brain tumor,Sad
outside a night club a grown man was sitting on top of a younger woman beating her up,Disgust
my father was a member of the public alcohol and drugs board when i was picked up by the police for being drunk in a public place,Sad
when being illoyal disloyal to people close to me had such an episode with my sister who should have received my support and attention,Sad
receiving close friends form abroad whom i hadnt seen for years,Happy
motorcycle accident with two people involved running off the road broke an arm only,Fear
having agreed to share the taxi expenses three people in the back of the car just ran off leaving the person up front with the entire bill,Angry
death of a close friend,Sad
cant remember any such feelings now,Disgust
at a private party i literally fell into the food the party was completely ruined for the host carpets had to be cleaned etc,Sad
accidentally dropped a friends camera flash so that it was broken,Sad
selling my used car,Happy
almost crashing my car something which could have led to great problems,Fear
realizing that a friend had been talked into signing a certain contract,Angry
talking to a pensioned and bitter street order policeman,Sad
the sadistinc exacution of a student in the usa,Disgust
forgetting an important appointment,Sad
not keeping a promise of delivering materials of great importance to the receiver,Sad
managed to run km on skis fairly simply,Happy
afraid i wouldnt catch the train when i was going to see my sweetheart,Fear
receiving personal criticisms early in the morning,Angry
not getting a job,Sad
seeing a pornographic film when looking for a place to live,Disgust
when unjustified hurting other people,Sad
the negative feelings towards me displayed by my parentsinlaw,Sad
reunion with my wife after a legal separation,Happy
the house was on fire and i was saved by the dog i am afraid of the fire verging on panic,Fear
physical violence a friend wouldnt listen to me i repeatedly tried to warn him to no avail result eight people were pissed off,Angry
my father dying,Sad
maltreatment of children,Disgust
i lost my drivers licence because of speeding,Sad
car accident hurt three of my closest family,Sad
relating to my closest family,Happy
thinking of the unknown what happens at the moment of death etc,Fear
in traffic i often get relatively angry with other drivers several transgressions make me mad especially not yielding to priority traffic eg coming from the right,Angry
losing close people and animals so far ive felt most when losing our dog in a traffic accident,Sad
i feel disgust towards those who are responsible for the death of others,Disgust
talking about a persons unattractiveness not realizing that the person was listening,Sad
i often feel guilty and it has to do with other people eg if i havent visited my older relatives for a while,Sad
when the contract about my shop was signed,Happy
being very close to having an auto accident almost driving off the road,Fear
having gone to school without learning anything as usual,Angry
my sweatheart were away on a trip and then she got problems,Sad
overeating a traditional type of food blood pudding,Disgust
forgot to do some shopping that i had promised to do,Sad
i crashed my fathers car,Sad
receiving a letter form a girl that means a lot to me emotionally,Happy
being close to drowning,Fear
being slandered by friends,Angry
love problems,Sad
does not apply,Disgust
having finally to admit i was wrong after having denied it for a long time,Sad
being aggressive against members of my family,Sad
i won the country ski championship,Happy
i was scared in the dark when i was a little boy,Fear
angry when our team small boys lost the county championship football final,Angry
my grandfathers death,Sad
a teacher gave me lower grades than i was entitled to and was hoping for,Disgust
was caught stealing apples in a neighbors garden,Sad
not helping parents enough at home and at the farm this has happened many times,Sad
when the bank let me borrow some money this winter after my grant was spent,Happy
once i was stopped by the police in spain when i had some grass in my tobacco,Fear
my father accused my brother of having bumped his car and it was wrong,Angry
when a girlfriend left me,Sad
when a friend dropped a frog down my neck and i didnt know what it was,Disgust
fighting with my father while drunk,Sad
during th grade our class mobbed a famale teacher so badly that she had a breackdown and was hospitalized,Sad
i am a school teacher at a teacherparent meeting i received a good deal of positive feedback on my work both from the parents and through them from the pupils,Happy
as a child when i was at home alone i felt in an indefinate manner afraid of the death of my father and mother,Fear
i had a discussion with my mother concerning my sisters divorce we disagreed strongly,Angry
as a tenyearold i was at the funeral of my grandfather it was more the ceremonies held in the church and not really the death of my grandfather which made me sad,Sad
i had a discussion with my wife about an overweight acquaintance of ours about her eating habits and the scars caused by her pregnancy,Disgust
when i confessed to my girlfriend now my wife that i had betrayed her with another woman,Sad
the same as in shame,Sad
a successful lesson,Happy
i was thinking about death,Fear
a conflict with a pupil,Angry
when i am at home alone,Sad
a saturday night a bus full of drunken people,Disgust
a conflict with a pupil and there were probatory teachers present,Sad
selling the appartment after my divorce,Sad
when in an economic crisis i got an unexpected sum of money,Happy
in the dark an unreal figure formed by a shadow,Fear
when i was treated unfairly regardless of my motives or deeds,Angry
when i noticed obvious marks of old age in a negative sense on a close relative of mine,Sad
as a child when i saw an unesthetic sight,Disgust
on a social occasion i noticed that i reacted on the basis of my autonomous nerve system i could not help it,Sad
when i caused needless anxiety to a person close to me because of my lack of selfinsight,Sad
i was coming home from an exam and i supposed that i had passed it so i ran to a restaurant for a beer,Happy
i had been drinking with a pal and i later o clock had a date with my fiancee we were going to a spanish lesson and i was afraid that she would smell that i had been drinking,Fear
my fiancee and i were at my parents place watching tv there were only two tvchairs and we were sitting on them when my drunken brother came in and rudely chased my fiancee off the chair she was sitting on,Angry
i had drunk a couple of beers and my fiancee got angry at me,Sad
we were at a hamburger bar and a man at a table nearby started coughing and spitting into his plate,Disgust
we got into a fight with some chaps in front of our family house the value of the property destroyed was approximately fim i felt ashamed when my parents came to know about this,Sad
we had had a party the night before and we still had some liquors left the morning after i went to the kitchen pretending to prepare some tea and was caught by my fiancee pouring some rum down my throat,Sad
while dancing in a restaurant last week,Happy
i was on the inter rail in naples alone after an evening in a restaurant i was going back to the hotel when a prostitute approached me to sell herself i refused but as i carried on walking i felt that i was being followed by someone,Fear
when a girl left me,Angry
i was on my way back from the inter rail on board the ferry from stockholm when my father called me at oclock to tell me that my uncle had died and that i would be seeing him off on his final journey within four days,Sad
on reperbahn in a restaurant a charming old saleswoman came to beg a drink for herself,Disgust
at the funeral of my uncle i was one of the bearers i was not familiar with the etiquette and acted tactlessly because of my ignorance,Sad
on reberbahn i was in a restaurant where drinks were overpriced i did not ask for the prices beforehand and when the bill came i could not pay the bill,Sad
my girlfriend gave me some feedback and i understood that it meant that our relationship was about to turn even closer,Happy
at the dentists waiting for my turn to come,Fear
while in the army i was treated unfairly by my superiors i was held responsible for a deed of which i was innocent,Angry
when i came to know that my grandmother had died she was very close to me,Sad
in the army an acquaintance of mine tended to use his position to advance his own interests,Disgust
when i lied to my girlfriend telling her that i had passed an exam when i actually did not even take it,Sad
when i spoke ill of a fellow worker in the absence of this person,Sad
when i look at people around and know that people who are stupid look stupid,Happy
when i saw russian roulette on tv obviously the movie deer hunter,Fear
when stupid people push me during rush time in the city,Angry
laziness makes one sad,Sad
when i saw hundreds of snakes twisting over one another in a movie,Disgust
i saw a skidrow chronical alcoholic and i was ashamed of the people with a high standard of living,Sad
when i shot a bird in the head with a shotgun,Sad
being close to another person,Happy
uncertainty about my own abilities in an exam,Fear
an unfair punishment,Angry
loneliness being uncertain of myself in the autumn,Sad
a rich man expressing disgust towards an alcoholic,Disgust
a man asked me may i sleep in your stairway and i answered no,Sad
the same as in shame,Sad
i went to a doctor with a complaint the doctor told me that i was completely healthy,Happy
my father was away from home and he did not come back when he was expected he came back several hours later than expected,Fear
i had an implicit agreement with my sister about meeting her however she had not understood the situation the same way so she did not turn up,Angry
i realized that the girl i loved had to leave me,Sad
in the bus i was sitting next to a colleage who was drunk and behaved in keeping with his state,Disgust
i had promised to help out with domestic chores and i forgot about it,Sad
i had promised to call a girl but i did not do it,Sad
when i unexpectedly received birthday greetings from a person i like,Happy
i returned home late from a party last night and i felt afraid trying to anticipate the reaction of my father,Fear
when i learned that my brother had spoilt an lp of mine,Angry
when i came to know that a girl i was fond of already had a boyfriend,Sad
a too eager approach by a dirty drunken person in a bus,Disgust
i made a major mistake while learning how to use a computer programme and the teacher criticized me,Sad
i reproached my mothers cooking and criticised her personality and she felt hurt and depressed,Sad
i shot the decisive goal in an icehockey match,Happy
when i got lost in new york city a late friday night with a friend of mine,Fear
after having quarelled with a relative of mine about politics,Angry
the death of my grandmother,Sad
when i noticed that a nice person was being exploited economically,Disgust
i slandered a person behind his back and he got to know about it,Sad
i had quarelled with a friend of mine and i later realized that it was also my fault,Sad
i passed an exam which i was not sure at all to pass i rejoyced at the result because the possibility of continuing my studies depended on it,Happy
in the traffic with a car i nearly got crushed between a bus and a tram the attention of other drivers saved me at the last moment,Fear
i was disappointed and angry at the bad quality of a documentay program on tv in my opinion the topic was important and the program should have been made with seriousness and consideration,Angry
my father had a heart attack when i was not at home i was still living with them he recovered relatively well although he had to retire which implied relief from the stress of a small scale enterprise,Sad
at my grandmothers detestable and selfish conduct towards my elder sister although her behavior was due to senility and lack of understanding,Disgust
i arrived late at a seminar concerning my major subject at university although i had been appointed to formally oppose the paper which was being presented,Sad
i had asked the salvation army to take away a piece of furniture of mine but i forgot to cancel the agreement a friend of mine took it and i thereby caused the salvation army people some unnecessary work,Sad
on the cliff by the sea the silence and the sudden voice of a birdswans of the bay,Happy
a dark night when i had to go to the outdoor lavatory,Fear
when i realized that i was far behind the others in the language course and i could no longer catch up with the others,Angry
the long lasting illness of my grandmother and the changes in family relationships caused by it,Sad
spoilt smashed and molded potatoes in the fridge and having to clean up the dish later,Disgust
a truth expressed unthinkingly at a coffee party i realized later that i had been inconsiderate at a wrong moment and the wrong place,Sad
i did not go to the exercises without any adequate reason,Sad
when i got home from my job i found a letter from the university telling me that i had been admitted to begin my studies,Happy
while watching tv a war movie i felt a strong fear of death threat and fear of loosing people close to me,Fear
i was angry with a friend of mine who behaved in an affected manner,Angry
i made a longdistance call to people rather close to me and i thought about the sad incident that had happened to them in the near past i knew that they were thinking about it too when i made the call,Sad
my parents inherited an appartment and this made them behave in a peculiar manner,Disgust
when my friend let my personal matters be publicaly known,Sad
when i think about my family parents brothers sisters guilt is a part of my feelings,Sad
i unexpectedly met a girl with whom i have always got along well i had not seen her for several months,Happy
when my father was very drunk and raging at home,Fear
when i did not find the rack used for beating up rugs in the yard,Angry
when one of my cat died of a disease,Sad
i felt disgusted at the environment while getting back to my student lodging i did not see anything in the suburb which had been planned by taking peoples comfort into account,Disgust
my girlfriend was away visiting another city and i brought another girl home next morning when i started getting sober i felt quite ashamed of myself,Sad
i got fim too much when i changed money at the bank they soon called me at my job and the situation was embarrasing for me,Sad
in sweden a friend and i lived in an appartment owned by a finn one day this man came back to the appartment heavily drunk hashish and alcohol he was quite dizzy and he broke down and i could not foretell his reactions however nothing happened,Fear
i had an appointment downtown and the person in question was half an hour late,Angry
the death of my grandmother,Sad
in the army i had been in hospital for two weeks and as soon as i returned to the company a sergeant ordered me to fetch a load on the tractor trailer,Disgust
on the way back from a summer spent in sweden i drunk with a man in the train i had drunk so much that when i got home i fell asleep in the entrance hall i have never drunk that much neither before nor after that incident i was ashamed because my mother and my sister had to see me in that state and my father had to carry me to bed,Sad
while at primary school i did not let a friend ring a bell although he would have liked to do it afterwards i felt bad,Sad
i got a fairly large amount of my taxes back,Happy
i was jogging in the forest in the central park area when i saw a man hiding behind a tree i got frigthened turned around and ran out of the forest,Fear
i was coming home in a taxi with a fellow worker of mine he was criticizing my earlier conduct towards him which to my mind was unfounded when i reached home i ran out of the taxi and slammed the door,Angry
i had had a farewell party at the place where i had been working for a year that night i could not fall off to sleep i was sad thinking that i would not see my nice fellow workers again,Sad
i was travelling in a local train when a drunkard smelling terribly entered the same carriage and started eating fish that was stinking,Disgust
while quarelling with a fellow worker of mine i was vehement and irritated and i told him what i thought of him in plain language i was ashamed of myself when i met him the next day,Sad
i was working as a secretary my boss was to go to give a lecture and wanted me to give him the exact address of the place,Sad
a sunny autumn day after a long rainy period,Happy
years ago on my way to school by the forest path i came across an exhibitionist,Fear
a person close to me mistook my good intentions for bad and therefore associated unpleasant traits to me,Angry
a person close to me told me that his positive regard depended on my conduct,Sad
when an untidy and heavyly drunk person made endeavours to approach me,Disgust
as a little girl i was sick in the middle of a school day and i vomitted in the basin of the classroom,Sad
i lost my selfcontrol and raised my voice at a child,Sad
i got to know that i had been accepted at university,Happy
i had been watching a tvprogram on paranormal phenomena at night i could not fall off to sleep as i feared that humanoids were on the move,Fear
my superior blamed me for some neglects at work in front of others in fact the task in question was not supposed to be done by me,Angry
my father suddenly fell ill and died,Sad
when a friend of mine got drunk and started to blame and scorn my other friends and me,Disgust
when i forgot a promise made to a friend of mine,Sad
it was my turn to cook dinner i forgot a dish the favourite of the family in the oven and it got burnt and was uneatable,Sad
my joy was the joy of meeting again my husband came home after having been away for weeks for work i was on the railway station to meet him,Happy
i was alone at home and i could hear odd noises coming from above our bedroom i knew that nobody lived there since it was an office i got frightened later i was given a natural explanation,Fear
a relative of mine had come to see my husband to talk to him about a problem concerning his sister and me i was angry because this relative of mine did not dare to speak to me and instead spoke to my husband i got to know about it later the same day,Angry
the death of my father even though we had not been very close to each other,Sad
the male friend of my mother a widow moved in to live with us i did not like the man,Disgust
at school i was talking to a classmate about mathematics i had grown weary of it and said i would like to throw the book on the arse of kuikka my classmate said now he is sitting there and waiting for the book kuikka was one of the most quiet boys of the class i was ashamed of myself,Sad
the death of my father made me feel quite guilty because my attitude towards him had been cold and indifferent,Sad
my mother sister and i were thinking about old times our childhood and we had a very happy time,Happy
my husband had gone to drive a strange broken car at the agreed time he had not returned and i feared that he had had an accident,Fear
i am a school teacher one of the classes does not obey me at all keeps on talking does no work one afternoon everything went wrong and i got exceedingly angry,Angry
a young close relative of mine died leaving behind a baby a few months old,Sad
a series about freud was shown on tv in it a tampon had been set in the nose of a woman and forgotten there after great pain it was taken off closeup picture the woman was bleeding from the nose and the mouth,Disgust
i had promised to lend something to my motherinlaw and i forgot it a couple of times when she asked me about it the third time i was ashamed at my absentmindedness,Sad
a borrowed car broke down while i was using it it was not my fault nevertheless i felt guilty,Sad
i started a new branch of studies after having failed a former one when i got back my exam papers i was very happy to know that i almost had full marks,Happy
i was diving below the ice in a cave at a depth of metres visibility was almost zero and the oxygen level decreased threateningly there were three of us divers on one safety rope,Fear
my mother carried on using mental pressure concerning something which was serious and a real burden to me,Angry
my grandfather died i went to the mortuary and saw the corpse,Sad
the same as in anger,Disgust
as a child when i was blamed for peeing in the swimmingpool,Sad
a friend of mine was drunk and having an argument on the street with a woman appparently his girlfriend i was walking on the other side of the street and thought that i was not supposed to interfere later i heard that he had shot himself that evening,Sad
my girlfriend sent me a letter with a shiny picture in it,Happy
i was about to begin a journey in a car with an acquaintance of mine,Fear
on the tv news i heard that nicaragua had complained about the increasing threat of war with the usa,Angry
my girlfriend gave me the mitten left me,Sad
watching a violent movie,Disgust
the morning after a wild party,Sad
i picked up a girl and i thought that i had misused my position and authority over her as there did not seem to be any realistic possibility of continuing the relationship,Sad
when to my surprise i got to know about having got very good high school graduation marks,Happy
my grandmother was about to die and it had the effect that at night after having read a book and once in bed in perfect darkness the fear arose that i too may suddenly die,Fear
when i checked my examination paper and realized that i had been careless thoughtless lazy and hasty so as to make unnecessary mistakes concerning things i know and understand,Angry
when we decided my boyfriend and i that we would separate i realized that he would have wanted to continue our relationship and the coming separation hurt him,Sad
when an acquaintance of mine told me about the way his parents treated their sons in an unequal manner the most successful of them got continuous encouragement and the youngest was not encouraged and was rejected,Disgust
i was talking to a friend of mine about our parents and education i said something and then realized that i did not know my friends parents their motives and education i felt ashamed at having talked about something i did not know anything about,Sad
my mother told me that the enveloppes that i had been tearing i had torn the stamps away in good faith had been the firstday enveloppes which my father had collected as a young man,Sad
i am not especially good at english and after the high school graduation exam in english i tensely waited for the result the whole day in the evening when i heard that i had done excellently i became very happy and the anxiety vanished my family was at home,Happy
i feared that i was pregnant it was not planned and i would have been compelled to have an abortion which i would not have liked at all fortunately after a weeks anxiety i got to know that i was not pregnant,Fear
a member of a religious sect tried to convert me using really evil tricks to persuade me after he had left i was anxious and angry for a long time after the event i was alone,Angry
when my boyfriend wanted to leave me i felt sad and melancholic,Sad
in a film there was an episode where they used a chain saw to cut a man i could not look at it but i could not avoid listening either i sought shelter in my boyfriends arms,Disgust
i thought i would be able to use the mangle of the house and so i did not want any help however i blocked it and i had to get the janitor to help me out he reproached me for not having followed the instructions,Sad
i promised my friends that i would take care of something but i kept forgetting about it when they asked me about it i promised to do it immediately however i got started only after a couple of months i felt that i had betrayed my friends,Sad
when i got an unexpected letter from a guy who had been my school mate,Happy
when my brother went to shoot wild ducks i feared that the boat would overturn and he would drown or that the gun would accidentally go off,Fear
my father had once again told me that i should be careful and try to seek admission to other places also apart from the faculty of social sciences at the university of helsinki i was not at all interested in any other place and had no time to study for other entrance exams,Angry
i would have liked to go out to chat with some acquaintances but i realized that i was not wanted i felt hurt disappointed lonely and deserted,Sad
when an acquaintance he was drunk of my roommate vomitted on the kitchen carpet it was past midnight and my roommate had just moved in this acquaintance had helped her move in,Disgust
i was carried away while talking about my visits abroad and i tended to boast a little till i realized that the listener was amused,Sad
when i was babysitting at my cousins place i tried to have a pleasant time and did not really take care of the child i do not care very much about children,Sad
when i got points in an exam of statistics the result was unexpected and it made me realize that statistics do not surpass my abilities as i have sometimes thought,Happy
when a big angry dog put its snout on my arm and had i made one movement it would have bitten me,Fear
when my roommates were watching videotapes and prevented me from watching the news the first feeling i had was that i was being treated unfairly and then came the feeling of anger,Angry
when after a night of sleeping in anothers arms one wakes alone and knows that the lonely arms of the night are not the same that one meets in the morning,Sad
when an unpleasant person tried to make friends with me a subtle small insignificant grey being whose helplessness and neutrality evoked the feeling of disgust in me,Disgust
badly chosen words to a vague acquaintance of mine made me feel ashamed at having given the wrong impression about what i wanted to say thoughtlessness,Sad
when i behaved improperly fought in a public place afterwards i felt guilty about my conduct,Sad
when my friend told me that he would come and meet me in a moment,Happy
my father had been drinking and i feared him when we went to bed at night,Fear
my friends promised me that they would definitely call me to tell me if they were visiting me or not,Angry
a close friend of mine had not contacted me for a long time,Sad
a friend of mine came to see me when he was quite drunk,Disgust
i said something especially stupid which i did not mean at all,Sad
i did not go to help a friend of mine though she probably needed me,Sad
when i felt that an exam which i had feared was an easy one and went well,Happy
i was afraid when my dog ran out through a crack in the fence when a train was coming,Fear
when a friend of mine was drawn into a fight because of the stupid gang he belonged to i felt angry with him and his friends they could not think about anything sensible but would fool around without taking into consideration the feelings of other persons,Angry
i felt sad after having had an argument with my boyfriend i felt that he did not understand me and that there was no point in carrying on with the relationship,Sad
i detested my father who was a drunkard he would rave threaten and blame my mother and me he finally drove us away from home,Disgust
when i was on holiday with my former boyfriend he hit me and behaved in a very evil and ugly manner in front of the hotel personnel,Sad
when as a child i stole from a friend of mine the ring she had got in an easter egg,Sad
when i got home from a pleasant trip abroad i got to know that i had been accepted at university,Happy
at school i had acted against the will of the group and the next day they promised to take revenge on me,Fear
my mother had for some time been trying to separate me from a good friend who she thought was not good company for me finally at breakfast one day we had an argument and i tried to defend my friend,Angry
i got to know about the death of a close friend,Sad
when i was watching a movie with many violent episodes they accurately showed the cutting of corpses etc,Disgust
when i was caught telling a white lie at that time i was not allowed to stay outdoors after pm one day when i was late i made up a story that our neighbour had invited me to his place though i had actually forgotten about the time while playing with my pals,Sad
when before the last exam i have taken i went out instead of studying,Sad
when i was pressing figures on the curtain cloth i had bought the cloth after months of hindrances,Happy
i am a kindergarten teacher and i am thoroughly weary of my job after having taken the university entrance exam i suffered from anxiety for weeks as i did not want to carry on with my work studies were the only alternative,Fear
my lifepartner who was drinking more and more spoke about kicking the cat he had never done anything of the kind but i knew that he would do so one day without thinking about it,Angry
estrangement from my best woman friend we have been going different ways for quite some time now but the break was total when she got married as her husband is unreasonably jealous of me,Sad
my lifepartner is going through a crisis way of life oldfashioned values and can only get out of it by talking bold decisions i have noticed his cowardice and attempts to escape his problems by drinking i detest his drinking and his being full of selfpity,Disgust
again a quarrel had come up in our difficult relationship my lifepartner threw all the books off the shelf i am sure that it disturbed our neighbours since this happened late in the night,Sad
a lonely neurotic shy girl lives nearby she has expressed a wish to meet me i have however avoided her turned down an invitation as the crisis my partner is going through uses up all my empathy,Sad
begining the weekend with my girlfriend cozyness beer and wine,Happy
the fear about my future work making ends meet and health coping,Fear
a friend of mine ridiculed me telling me that i would never accomplish anything i felt that he had interfered with my life,Angry
i felt sad at having to leave my girlfriend after constant problems and failed attempts at reconciliation my sadness was caused by the irreversibility of the decision,Sad
a man spat on the wall of a house,Disgust
in an express bus i sat on a seat meant for senior citizens and invalids,Sad
when i did not succeed in finding a job after having finished a nonacademic degree,Sad
when after an overwhelming anxiety and enquiry i understood something about why i exist and what my task in life is,Happy
at the railway station while waiting for the last train at night i noticed that a drunk young man was appraching me in a purposeful mannner,Fear
while having a discussion with my mother i realized that she does not for a moment doubt the justification of her making the decisions concerning my life,Angry
when i think that i will probably never have a genuine contact with my parents,Sad
while reading olli jalonens new book the distant cold and selfish relationships between people in the book made me feel disgusted,Disgust
when i approached a person of the opposite sex and was rejected,Sad
when i noticed that my little sister was sulking because i could not meet her because of a misunderstanding,Sad
the day i got to know that i would get a shared dwelling with my boyfriend my parents place was getting a little crowded with my growing bother wanting a room to himself i first felt doubt then joy but also sadness the feeling of joy was the strongest,Happy
my grandfather had lungcancer and was being nursed at home i felt fear when i was alone with him and he almost choked on mucus secretions,Fear
the outrageous conduct of a relative towards me and those close to meblaming us and lying,Angry
we had to finish the life of our yearold dog,Sad
a very drunk person,Disgust
an argument that grew out of an ordinary conversation with a person very close to me when we should have been having a good time together,Sad
while trying to get my little brother over a ditch he fell on his head and started crying i was scared of having caused him permanent injury,Sad
a chat on the telephone with a friend,Happy
meeting some new unpleasant people or some new demanding situation,Fear
for example unfair pushing in a bus,Angry
when i am in my opinion not understood correctly,Sad
when some people act very important in any situation,Disgust
generally when i am late in attending to matters for example paying bills,Sad
if one has planned to do something important and then for some reason fails to do it,Sad
i was in a dancingtavern and the atmosphere was one of waiting for the end of the world suddenly people began dancing wildly inspired by the band an unbelievable experience wonderful that even finns sometimes flare up and forget to think what others are thinking of me it was delightful to dance to ones heart content,Happy
i was travelling back home by boat with two friends of mine after a lovely holiday trip the night and the sea were dark and the wind was blowing i feared that death was there on the boat i somehow felt sure about it i feared being left alone,Fear
i was at home filling my tax report nobody had time to help me i would have liked to do it quickly so that i could go and meet a friend of mine who had just returned from hospital i got angry as both my brother and my father refused to give me their calculator as i had not asked for it nicely i could not leave as i had to wait for help and the tax report had to be done,Angry
i tried to talk to my parents over the phone as i wanted to go home for the weekend and i knew that i would not be able to bear it i tried to reduce the gulf and the conflict between us by talking in order to unite our worlds result hysterical mess blinding and blaming,Sad
my mother called me because she had read through the enveloppe a letter addressed to me she denied having read it intentionally and said the words just popped out through the enveloppe as the sun was shining on it hah hah,Disgust
i feared that i would have to describe my sexual life to an older strange woman,Sad
when i moved away from home,Sad
the inflammation of the ear of my child got cured and the doctor said that the ear was completely all right,Happy
my husband suddenly fell ill seriously and during the medical examinations we did not know what would follow,Fear
the housing council asked the city to cut linden trees so that the inhabitants of the lower floors would have a view to the sea,Angry
my child unexpectedly started acting in a restless and disturbing way at school in addition his performance at school weakened,Sad
on a trip abroad a ladylike member of our group turned out to be an alcoholic she spoilt many days of my holidays because of her behaviour and paranoia,Disgust
i failed an exam which i thought i would certainly pass,Sad
i had been guilty of gossiping and blaming others and one of my superiors at the workplace made a formal reprimand,Sad
when a student of mine at music performed and played remarkably well,Happy
when climbing up the stairs to the top of a skijumping hill,Fear
my boyfriend came home late one night without having told me about it before,Angry
the breaking up of a long lasting relationship,Sad
while watching the movie called deer hunter on tv when it showed how prisoners were treated,Disgust
when i noticed that a person i found attractive had seen me picking my nose,Sad
when i think that i have been too stict or narrow minded towards my students,Sad
when i made up with a girlfriend of mine after having been on unfriendly terms with her my fault i cried with joy that evening,Happy
while cycling in the country i came across a large herd of cows,Fear
when i heard that my stepmother had treated my mother in a wrong manner,Angry
when my friend did not pass the high school graduation examinations,Sad
when i heard about the advances an acquaintance of mine had made to my friends who did not approve of them,Disgust
when after having had sexual intercourse with a friend i thought that he had told about it to a friend of his,Sad
when i promised a male friend of mine to visit him and did not,Sad
during lectures i sensed an unexpressed understanding with a boy i did not know we exchange glances i think he likes me and i like him too perhaps he has fallen in love with me,Happy
at night i walk home past a forest once somebody got stabbed in the forest i imagine someone attacking me and i hurry up,Fear
in a tram the ticket seller was commanding taking the role of a leader trying to emphasize her nonexistent authority with undue strictness towards a goodhumoured drunk who could not find his ticket at once,Angry
a relationship in which i had put my trust broke up i was sad when i realized how easy it is to forget something that one had once regarded as great and significant,Sad
a nightmare i was dreaming about bloodsuckers which i tried to shake off from my body they are everywhere they get glued they suck and there are a lot of them i panic,Disgust
i told evil lies about a close friend of mine i was evil in order to sound jolly to charm a person whom i wanted to impress i sold my friend i was despicable,Sad
i met my ex boyfriend by chance we separated a few months ago and i am now with a new boyfriend my ex boyfriend looked depressed and i know i am not to be blamed,Sad
during interrailtrip after troubles i met my little sister,Happy
traveling as the only female in a railway carriage in the middle of the night in italy,Fear
a male honduran acquaintance of mine despised my opinions,Angry
when our dog died,Sad
while walking on the street with a good friend of mine we met an acquaintance of hers my friend started showing off and telling false stories about herself and praising herself,Disgust
i was dishonest to my boyfriend concerning something that is important to our relationship,Sad
a parking fine,Sad
after having at last finished my masters thesis i felt great joy and relief i had been haunted by the thesis during the whole of my studies,Happy
while preparing my masters thesis i was scared that i would not accomplish anything as the subject was rather difficult,Fear
during the summer at my workplace a person kept interfering with my tasks and making unfounded remarks i felt hatred for him but it stopped when i realized that he just longed for attention,Angry
the last time i felt sad and disappointed was when i did not do as well as i had hoped in one of the final exams as compared with the earlier exams the questions i think were unjust,Sad
after the first of may i detested my fiances friends who had piled on to our party and spoilt it completely,Disgust
after our sad first of may party i felt ashamed because the friends who had been invited had to suffer we the organizers of the party did not drive the intruders away,Sad
at my summer job i was responsible for making various orders it was not me who had ordered some seasonal merchandise but when much of it was left over and had to be thrown away in the autumn i felt partly responsible for the much too large order,Sad
when i met a good friend of mine after a long time,Happy
i was camping with a friend of mine and we spent the night in the forest i could not fall off to sleep and could clearly hear noises from outside steps approaching our tent,Fear
when i quarelled with my parents,Angry
being away from a very close friend i was away from finland for a year as an exchange student,Sad
when i saw a spider,Disgust
while playing i urinated on grandmas floor and did not go to the lavatory my cousin told grandma and she came,Sad
while travelling in a bus with an invalid ticket i got caught,Sad
while having a discussion with a colleague of mine i realized that her conception of man and work were similar to mine,Happy
while he was drunk my life partner tried to hit me i felt scared and fled to the bathroom,Fear
a higher status colleague of mine despised my attitude and organization of work,Angry
i could not meet my love after having waited for a month due to illness,Sad
once again my life partner came back home drunk at midnight,Disgust
my love and me rented a room in a hotel one evening we stayed there a few hours and when leaving the hotel i felt ashamed,Sad
i had by being silent disapproved my love and made him unhappy he had not been able to keep his promise i thus was thinking about my own conduct towards another person,Sad
i had just moved to the town where i study and i got a postcard from a good friend from my home town,Happy
my boyfriend hinted over the phone about wanting to be free he thus did not say it point blank silence followed,Fear
they had returned much less of my taxes than i had expected,Angry
after my boyfriend and i had separated,Sad
in the morning the cat of my landlady had vomited on the floor near the staircase i take to go to the bathroom,Disgust
my boyfriends mother whom i had not met earlier made an unexpected visit i was lying lazily on the bed reading a newspaper and my boyfriend was studying,Sad
the cat of my landlady escaped through the window which i had left open,Sad
i got a letter from my best friend whom i had not heard from for a long time a good letter,Happy
someone knocked on the door when i was alone at home though there was a door bell i looked through the peep hole but it had been covered i called my sister but she could not help me as she was hundreds of kilometres away,Fear
my parents put pressure on me to buy clothes when i would not have liked to do so,Angry
when my grandfather died i saw my grandmother crying against my aunts shoulder i had never seen my grandmother cry before,Sad
at school i detested the spinach gruel which had lumps of flour in it,Disgust
i told some acquaintances of mine something that i regretted later,Sad
i speak harshly to my parents though they only mean my own good,Sad
when i got a letter from home,Happy
while cycling in the country a dog started running beside me growling and barking and trying to bite my foot,Fear
disagreements with mother when i moved from kankaanpss she had promised to help me move but broke her promise because of some hindrance,Angry
when i had to move away from home to study and i knew that i would not be coming back home for a long time,Sad
when i noticed two spiders running on the floor in different directions,Disgust
when i realized that i had been wrong about a person close to me because of preset ideas and prejudices,Sad
when i reproached my friend because i was myself lowspirited and disappointed,Sad
i found myself a place after looking for one for a long time,Happy
in an aeroplane,Fear
i was angry at my boyfriend who had promised to come to see me but did not because he spent the evening with his pals,Angry
the breaking up of a relationship we decided that the relationship could not carry on so it was no surprise to me and anyhow i had known it would happen sooner or later,Sad
the disgust i feel towards a certain person,Disgust
after an event in which i felt that i had acted unfairly,Sad
at my job i got disproportionately angry with a child my reaction was not as it should have been,Sad
i went to see the entrance examination results at university i rejoyced at my success,Happy
i borrowed a car which was supposed to be used for a long journey a few hours later and one of the tyres burst in the middle of the town and i did not know what to do,Fear
an utterance which i had intended to be a joke was taken as an offence in my opinion this was stupid and i got angry,Angry
my best friend had a relatively severe illness i was sad because she was suffering,Sad
a man tried to have sexual intercourse with me though i had communicated my unwillingness later on i felt disgust at that person as well as myself because i had partly submitted,Disgust
i told my friend about how i had calculated my salary by cheating a little when my friend remarked about it i understood that it was wrong to do so and i felt ashamed,Sad
i am going steady with a boy but i had sexual intercourse with another one and i felt guilty about it afterwards,Sad
a good report card a scholarship in primary school,Happy
i was walking home with a friend at night along a quiet street something started rustling in the bush it was an exhibitionist,Fear
i got angry at a friend of mine whom i caught reading my notebook almanach,Angry
when my grandmother died of cancer,Sad
in a lift a drunken fat and untidy man tried to make advances at me,Disgust
sometimes i have by accident said to another person something in which it is easy to read a negative attitude,Sad
for the sheer pleasure of it i quarelled with my boyfriend who was trying to be especially kind to me,Sad
when i made the acquaintance of a certain person,Happy
when abroad while driving a car along a dark winding road,Fear
when my sister took my things without having asked for my permission first,Angry
when my grandfather died,Sad
when i was working i got treated in a way which i felt was not democratic,Disgust
while working as a domestic helper one day i had not cleaned up very well and they made a remark about it,Sad
when i decided to move away from my parents home my mother told me that it was as if a part of her had been torn out of her,Sad
when i went to a job interview i met a person who was very nice and his attitude made me glad,Happy
my episode of fright happened when i came to study i had to stand in front of my still unknown fellow students and talk about myself my hands shook i flushed and became tonguetied,Fear
i felt guilty when i spent a night at my boyfriends place particularly because i had been harsh and spiteful when i had left home the reason was that i feared a possible discussion on the subject and i wanted to leave defiantly,Sad
i was in a restaurant with my boyfriend when i saw my best female friend after not seeing her for two weeks we rejoyced hugged and had a long talk,Happy
one evening while going to meet a friend of mine i had to cross a meadow by a dark road there were bushes on the other side of the road the weather was damp and a bit foggy i heard steps behind me and kept speeding up my steps all the time,Fear
my brother told me that a person whom i know had insulted him i am very fond of my brother and as he himself can not get angry or hurt my protectiveness was aroused and i got angry,Angry
my guineapig had been ill for a couple of days one evening when i came home i enquired as to how it was doing my mothers expression told me that it had died my knees refused to support me and i began to weep convulsively,Sad
i happened to see two boys fighting one of them fell down and hurt his head the other one used this to spank the head of the boy on the ground,Disgust
i had been away all night without having told my parents about it in the morning when i came home my mother looked tired she said that she had been awake all night because of me and that she was angry and disappointed,Sad
i had not written to or called my grandmother who was lonely for a long time my mother asked me to call her on her behalf and when i did so my grandmother was delighted and she told me that she had been waiting for some news from us,Sad
when i was sick my husband bought me a piece of cake,Happy
i saw a man who had had a heartattack and who was being treated for it i feared that my own father could have been there,Fear
when i saw a big man hit another one and nobody did anything,Angry
when my sister left to go home in sweden after the christmas holidays,Sad
i once watched the series called dynasty on tv and i detested it,Disgust
i feel guilty as i am not working and even my studies are not progressing,Sad
when my redcheeked content child runs to meet me in the yard of the kindergarten and gives me a moist kiss on my cheek,Happy
a neighbours girl had disappeared and many people were looking for her someone had gone to notify the police something had certainly happened to her,Fear
without my permission my son had made popcorn after coming back from school the consequences were a spoilt kettle and chaos in the kitchen but what could have happened with the hot grease,Angry
the death of a close relative,Sad
one of my fellow students used questionable and unfair means to advance her studies faster than others i detested her,Disgust
my friend told me in a fairly loud voice the blunders she committed last night,Sad
i stopped my car in front of a pedestrian crossing as a child was crossing the street the car driving in the next lane did not stop and the child got hurt had i not stopped,Sad
after my vacations one day after a lecture it occured to me to buy a rose for my mother we went together to a pub and my mother told me that she would be getting married next spring i did not known about it and so was all the more glad,Happy
i work at a day care centre and one day when the children were outdoors a fouryear old boy disappeared from the yard i was not looking after them then but as the manager it was me who was responsible,Fear
i was on vacation and therefore i did not attend a meeting of the day care centre nevertheless the very day i came back they called me early morining to ask me what are you going to do about the matter which had been discussed in the meeting then i got angry,Angry
the fact that my mother is getting married again my mother and father divorced about years ago means that she will probably move to turku and our home which is a one family house will be sold i myself have not been living at home for the past six years,Sad
while travelling in a bus there were three people sitting behind me two men and a woman they were drunk and the conversation was unbelievable about fucking fellatio etc they tried to get others to take part in the conversation i loathed it and felt like crying,Disgust
when i was seven years old i stole a chewinggum from a big glass bowl on the counter of a nearby shop and i got caught,Sad
i am the secretary of an association and during the last meeting i forgot to take the minutes,Sad
i had been away from home for a long time and when i came home i was delighted it was wonderful to see familiar dear people and i was rejoycing in advance i had been feeling very lonely,Happy
i awoke at night and did not remember dreaming about antthing in particular i just felt oppressing fear it was dark and all the others were sleeping,Fear
one winter day i unwillingly was outdoors with my younger brother years younger than me i lost my temper on him and wanted to throw my brother down the snow bank we were on i pushed him but not as hard as i had wanted to we were alone the two of us,Angry
i was on a class excursion by boat to stockholm at night my class mates prepared to clebrate their motive in life which was life is merriment i felt depressed about the way they sought happiness,Sad
i was on my way home by bus a man who had drunk a fair amount of alcohol started talking trying to hug and pat a woman sitting next to him fortunately it was not me,Disgust
i gave a wrong answer at school,Sad
when my little brother asked me to play with him i told him that i had no time and that i would play with him the next day however the next day i said the same thing,Sad
when after a long time i saw a girl with whom i was in love,Happy
when i was walking on a fairly outoftheway street,Fear
a friend of mine had promised to arrange me some tickets for a concert which i considered important he could not get them the way he thought he would so he gave up the whole thing,Angry
i was sad when i saw that a beautiful girl was not attainable,Sad
i heard somebody talk about studies in a highly enthusiastic studentlike way,Disgust
while attending some affairs which were taking some time with a bank officer i felt that my clothes and appearance were out of place too raggy,Sad
one evening i went out with some friends of mine although i was supposed to stay at home with my little sister who is,Sad
while watching an entertainment program in which there was a clever and amusing sketch,Happy
when i was in the army a room mate of mine came back from furlough and threatened another fellow with a knife,Fear
the last day of school is traditionally celebrated by singing a song about all the students who are leaving in the song about me there were things which irritated me a lot,Angry
i worked for seven months in a factory and made friends with a fellow worker later i visited my former fellow workers and was told that while in the army my friend had shot himself,Sad
the behaviour of a fellow towards me and some others in the army was really mean i detested this,Disgust
i tried to date a girl but she refused,Sad
while doing some calculation exercises i neglected a part of it though i had marked it as done by chance i was asked to demonstrate this very part on the blackboard,Sad
in the army my result at the shooting exercises got me a three day furlough,Happy
when i was years old i would usually come home from school with my mother in a car for the first time i had to take the school bus and i mistook the bus stop and found myself two kilometres away from where i lived i was very scared wondering how i would get back home,Fear
i read in the newspaper that the student lodging fund was going to build new appartments for refugees in my opinion this is the states affair this is when only a fractoin of the students can find an appartment,Angry
i lead a rather secure life the only thing i can remember is a song from the nineteenth century which is against alcohol both the melody and the word although naive effected my emotions,Sad
yesterday in the elevator a man started smoking this is something i just can not tolerate,Disgust
in primary school i once faltered while answering a question and the others started laughing,Sad
generally when i am shopping i feel like i were guilty of all the thefts through the year i have never stolen,Sad
when my favourite football team made a goal and was about to win the cup of england,Happy
i was less than years old when our neighbours dog chased me to the roof of a small shed and there seemed to be no hope of getting away from there,Fear
while playing a ball game i was just about to make a goal when i was thrown off my feet and i failed to score the goal,Angry
when i heard about the death of frantois truffaut the french motion picture director on the radio i had planned to go and see his last film,Sad
i saw a movie called the thing the film directed by john carpenter the monster in the film made me feel disgusted,Disgust
i had misbehaved at a party and did not wish to meet the person in question later,Sad
while playing a ball game i made a mistake and we lost the game,Sad
when i was in the sauna bath,Happy
i had a dream in which i was an african elephant,Fear
when i came for the lesson it was cancelled and i had to fill in a questionnaire instead,Angry
when my car froze and i could not start it,Sad
when i saw our computer teacher,Disgust
when i was going downhill on skis and fell down twice the first time,Sad
when i was involved in a car crash,Sad
i passed an exam which i thought i had failed,Happy
my mother had not come home at midnight she had forgotten to tell me about it i was very young and all alone at home,Fear
my girlfriend started singing she cannot sing and did not stop despite my asking her to do so,Angry
when my grandmother died of cancer,Sad
when i was still a child i saw a horror film on tv in which there was a rotten human skull,Disgust
as a small boy i took a coin from an empty taxi cab my mother saw it and told the driver about it i even knew the driver,Sad
when i betrayed my former girlfriend,Sad
new years eve party in the country i hardly knew a person my partner spent most of the time at the bar i had little opportunity to get to know people because our table was separated and my boyfriends parents were present,Angry
christmas eve there was a tension between my parents they did not even try to restore a harmonic atmosphere mother stayed in her room almost the whole day i felt alone and was very sad,Sad
father said if you are pregnant you will have to procure abortion i was filled with disgust against my father,Disgust
i had an intimate relation with my boyfriend but unfortunately we had sexual problems therefore i deceived him but i was ashamed when i told my friend about it,Sad
i work at a commercial house from to am on a very cold day in winter i was late and let a fellow worker stand in the cold for half an hour,Sad
after one year of searching my friend and i have found a flat we are able to pay for,Happy
car accident in the middle of the night,Fear
at the weekend i wanted to be absent from school because of a sports event but my teacher refused to give me the day off because he didnt like me,Angry
when i was six years old my favourite cat died,Sad
a gigantic spider climbed over my face and what is more in my own flat,Disgust
i was very fat and felt absolutely unwell i was afraid of leaving the house and getting to know new people,Sad
i was said to be responsible for my mother getting ill and growing thin i did not realize that it really was my fault until several weeks later,Sad
i won a car in a prizecompetition the moment i was informed about it i felt joy,Happy
my sister had to undergo a very complicated operation her eyesight was at stake,Fear
i had a quarrel with my parents i was convinced to be right,Angry
i heard that a friend had died in an accident group situation suddenly a friend came in and said have you already heard that there was a terrible consternation silence then everybody shouted excitedly how could that happen,Sad
scuffle in a carriage of the underground in vienna three drunk men thrashed a man in a wheel chair i watched the scene from another carriage,Disgust
i put an end to a friendship with a girl i had only pretended love and affection to be able to sleep with her,Sad
a young girl tried to put an end to her life because of lovers grief not until she was in hospital i heard that i had been the reason for her action,Sad
in order to be admitted to my final examination i had to pass two examinations as i had not studied very much i resigned myself to be left behind nevertheless i succeeded in these examinations,Happy
i had not told my parents about my bad marks in school one day my father wanted to speak to the teachers fortunately i could influence my parents to take it easy,Fear
i wanted to go to a friend of mine who had a party at the moment i wanted to leave my father said i couldnt go because he needed me for some work in the afternoon,Angry
a friend of mine who had repeated a year at school once before did not pass the final examination and had to take it again half a year later,Sad
ecoactivists demonstrated against a project to build a power station at the danube in the middle of a lowland forest hainburg and the government decided to delay it for another year when my father heard about it he said that we needed another hitler,Disgust
there was a time when my room looked terribly untidy just at that time my aunt came to see me fortunately i could prevent her from entering the room,Sad
i was supposed to fetch some friends at the bus stop but i did not do it because my father was in a bad mood and i was afraid that he would grumble,Sad
my boyfriend returned after a long absence,Happy
my car skidded on the wet street,Fear
i wanted to see a friend i had been looking forward to it and had certain expectations but he did not pay any attention to me played cards with other people,Angry
a good friend quitted me after he had behaved in a strange manner,Sad
in broad daylight i saw an untidy old man pissing and playing with his penis in the middle of the town,Disgust
somebody who knows me very well discovered that i had told him a lie,Sad
when my boyfriend was away i flirted with his best friend i felt guilty the next day,Sad
recently a good friend only called me when he needed something he never said please or thank you or any other kind word,Angry
my favourite horse died we had tried our best to save him but it was hopeless he had to be shot,Sad
i read a book about the sexual phantasies of women i read about a woman having sexual intercourse with a dog,Disgust
in our flat the bathtub is in the kitchen at the beginning i had very intensive feelings of shame when i had a bath and people were in the kitchen,Sad
i had to take care of the plants of a friend of mine for several weeks i watered them but let them stand in a cold room so that two of them perished,Sad
when i met a good friend after a long time we had had a quarrel but after two weeks i was really glad to see him again,Happy
when we stayed in vienna with our class my friend and i behaved incorrectly our teacher threatened us with exclusion from school,Fear
when i lost my driving license because i had been driving while under the influence of alcool,Angry
my mothers death,Sad
when i entered the dissecting room for the first time i think i felt disgusted mainly because of the bad smell of formaline,Disgust
i think i felt ashamed for the first time when i entered a night club,Sad
during a ski tour with a friend we two had drunk too much when we went down the slope on ski i lost my friend who had lost his way i thought that something must have happened to him he finally arrived but after a very long time,Sad
my father stayed abroad for one year he does not like to write letters because he makes ortographic mistakes i never had a good relation to him he wrote me a letter in which he said that he loved me,Happy
when i was a child i was always afraid of my father just when he looked at me i felt frightened,Fear
a colleague asked me to study with her i could not explain things as perfectly as she had expected so she reacted in an aggressive manner,Angry
during the christmas holidays i went to see my parents and stayed with them for two weeks after two or three days we had the same conflicts we had had ten years before when i had lived with them they were glad when i left,Sad
old man in hospital hollowcheeked only one half of his nose and glasseye rattling breath,Disgust
when my father came into the bathroom and saw me standing there naked,Sad
i live with my boyfriend we have a close relationship i fell in love with another man,Sad
when i met my girlfriend i had not counted on that,Happy
one night i had a feeling that somebody was stealing my car but i was too frightened to go and see,Fear
when we rearranged furniture in our flat and got stuck in a chair,Angry
a person died not really a friend,Sad
several weeks ago i had problems with friends i felt disgusted by a friend,Disgust
when i was a child i thought that i had to be ashamed when asking and doing certain forbidden things,Sad
when quarreling with friends,Sad
in southern tyrol i was gathering apples it was a fine day i was not thinking about anything i felt an overwhelming joy,Happy
my girlfriend and i slept in a lonely hut we had drunk alcool suddenly some soil fell on us then some water although we tried hard we could not find out the cause,Fear
i helped my little sister years learning mathematics obviously she did not want to understand what i explained and started to cry i grew angry,Angry
when my girlfriend told me that she wanted to leave me,Sad
on a trip i passed by a cellulose factory it was a fine day beautiful landscape i observed this factory with disgust,Disgust
when i went to a sauna with my father for the first time i was when i entered the sauna naked i felt ashamed for a short time,Sad
i came home from a discotheque at half past four in the morning although i had promised my parents to come home at midnight from am i felt guilty towards my parents,Sad
a friend i had missed very much came to see me unexpectedly,Happy
on my way through lonely streets i met with a huge stray dog it stopped at some distance and looked at me i tried to ignore it but i was very frightened,Fear
a friend of mine tried to persuade me to go at her place to act as a model because she felt too tired it was a quarter of an hour before the appointed time i had just lied down and did not want to go because it was too late anyway she said that i only was talking about looking for work but if it was possible i would not accept it i was angry about this unjust judgment,Angry
after i had lived with my boyfriend in a foreign country for half a year i saw that it was impossible for me to stay with him for economic reasons we separated although i loved him,Sad
in a certain book i read about cruelties and violence in prison and souteneur circles i felt especially disgusted when i read detailed descriptions of physical and mental torture of less powerful people,Disgust
when i talked to a psychotherapist for the first time i started to cry first i talked to him but he did not say anything and after a while i was crying,Sad
i went shopping with my mother and sister years old mother always told my sister what she should buy instead of assisting my sister in defending herself against mothers interference i just behaved aggressively towards my sister,Sad
when i worked as an aupairgirl in london i received a call from a good friend who told me that she was in london too and wanted to see me i was very glad after that call and especially when i saw her,Happy
it was on st claus day when i was five years old st claus and his devil servant came to see me st claus devil servant rattled with his chain and bowled terribly i was so frightened that my parents had to ask him to leave,Fear
a friend called me and told me that she wanted to come and see me she lived in a village at km distance fom my home town next morning i expected her but she didnt arrive as i got impatient i called her but her parents told me that she had gone skiing i was very angry because i had cancelled an appointment to be able to see her,Angry
when i was eight years old my father was run over by a car when i saw his body i was sad beyond words,Sad
a friend prepared a soup with chicken heads and invited me to eat it i saw the eyes staring at me and the tongues hanging out of the bills i was so disgusted that i felt nausea and had to leave the room,Disgust
when i had to go to the gynecologist and to sit on that special chair i felt ashamed,Sad
after a terrible quarrel with my family i withdrew in my room i felt guilty because i had caused this scene by my aggressive behavior,Sad
i had the unexpected possibility to see a friend i like very much,Happy
i was afraid of a certain examination although i was relatively well prepared,Fear
at the hairdressers i got two stains of dyestuff on my new trousers these stains are not removable so i cannot put on the trousers again,Angry
in my grandfather to whom i had a very close relationship died,Sad
a drunken man forced me to kiss him,Disgust
a friend started to insult another person without reason and i felt ashamed of her behavior,Sad
i had to call somebody between and as i had no possibility to call him at this time i did not do it until pm,Sad
after a one years stay abroad i returned home i was even more glad to see how much my family was pleased to see me,Happy
i went home all alone from a restaurant it was dark i went very fast behind me there were some drunk men who shouted at me by chance i met some friends who accompanied me,Fear
a friend who shares the room with me opened the window in the morning and left the room the whole day when i came home in the evening the room was so cold that i couldnt stay there,Angry
when my aunt whom i had loved very much died when i heard about her death i was not as touched as at the funeral i really became conscious of her death at that moment,Sad
a friend told me how he managed to win the sympathy of as many people as possible he said he first listened to what they said and then he tried to only say things they would like to hear he would never express his own opinion i felt really disgusted when he told that,Disgust
in a restaurant i made the acquaintance of a boy who always told the same things in a very loud voice i laughed and said to him that he always repeated the same things some time later i heard that he had undergone a complicated brain operation,Sad
after closing the front door i realized that i had left the key inside the house i felt even more guilty since it was not my own house but the house of people i hardly knew,Sad
on our way to france my girlfriend and i went to verona by chance we met an italian couple they gave us two tickets for the dressrehearsal of aida it was a different world for us full of fascination after the representation we ate a phantastic pizza in a restaurant near the arena,Happy
on a mountain tour my girlfriend and i passed by an inn near the house there was a big dog which began to follow us as my girlfriend is afraid of dogs i had to draw his attention to me he jumped towards my shoulders and wanted to play with me but i really did not like that,Fear
i arrived in vienna in the middle of the night i asked for some silly information as i realized myself afterwards and the inquiry clerk reacted in a very arrogant manner,Angry
i had to leave my girlfriend for weeks because of my studies this happens frequently the last hours before my departure are always very depressing,Sad
when i stayed in the house of friends i washed my face and wanted to dry it with a towel this towel seemed to have been used over a long time already it smelled indefinably awful,Disgust
a friend of mine has not very much money therefore once i stayed with him and his girlfriend i bought some meat but nobody wanted to go and prepare it for dinner my friend said i thought you wanted to invite us for dinner of course i said but i thought by myself that it must have been enough that i had bought it,Sad
it happened when i still went to school i got closer to a girl but i considered it only as an affair only much later i realized how painful this must have been for the girl,Sad
when i was informed that a short story i had written had been accepted for publication,Happy
some friends and i were crossing a street when one of my friends was seized by a car and thrown aside i had seen the car coming in our direction but i did not have enough time to react and prevent the accident,Fear
i wanted to clear up a misunderstanding with a friend that i had caused a third person meddled in our conversation turned my efforts to ridicule so that i did not succeed in what i had intended,Angry
death of my grandmother,Sad
in school i had difficulties mith mathematics when i had to work for an examination i really felt disgusted,Disgust
i played in a stage play suddenly in front of people i could not remember the words i had to say,Sad
one night i did not come home without telling my parents and i did not want to speak about it afterwards my mother cried i had a bad conscience and felt guilty,Sad
after weeks i saw my girlfriend again,Happy
one evening in the tramway i was afraid of two drunk men molesting my girlfriend and me,Fear
i went singing with a group of young people on january th the three magi a local custom called star singing one of the girls my girlfriend broke the star being the accompanying person i felt very angry thinking of the consequences,Angry
when the grandmother of my friend died in a hospital my friend was crying and i was sad too,Sad
i saw a physically handicapped young man whose spittle ran out of his mouth while speaking,Disgust
it was in a group situation suddenly it was my turn to say something but i felt that i was not able to express myself very well i felt ashamed and blushed,Sad
my girlfriends results in school had become worse because i prevented her from learning we often went out etc,Sad
i went shopping with my parents my father payed everything for me i was very glad,Happy
when i was a child i heard the floor cracking and i thought there was a burglar in our house i hid under the blanket and trembled,Fear
during a lecture a colleague who did not know anything about the subject got on my nerves asking silly questions,Angry
when my grandfathers died and i realized how much i would miss them,Sad
during a football game another player who was perspiring very strongly ran into me,Disgust
i tried to pass an examination particularly well but i did it worse than ever i felt ashamed,Sad
during the military service i lost a part of an equipment i accused another person and he was rebuked and punished,Sad
at a choral concert i appeared as a solist the concert was very good i forgot all the hard work that had been done before there remained only an undescribable joy and a feeling of warmth security etc,Happy
i am a cantor i sing psalms in church several weeks ago i had to sing too but the organist did not tell me in time as i did not know the psalm i was afraid and said that i could not sing,Fear
during the christmas holdidays i wanted to invite my brother his girlfriend and their child for dinner when i said to my brothers girlfriend that i would like them to come at my place for dinner she refused and never mentioned it again as if i had never asked her,Angry
several years ago my brother died in an accident when i heard about it i was very sad it took years until i resigned myself to it,Sad
i read a book about the situation in southafrica about the terrible violations of human rights i was disgusted with the white population,Disgust
my pt instructor also works as a masseur he wanted to massage me therefore i had to undress for the first few times this was not easy for me i got gradually used to it,Sad
some time ago i took the driving test i did answer the theoretical questions very well but i failed the practical driving test it was my fault because i had not enough practice,Sad
when my brother came back home after staying in hospital he had undergone an operation which had been a matter of life or death when he came home i could see him smile for the first time after may weeks,Happy
after a short stay in marocco we missed the ferryboat back to spain and we had to look for an accomodation by chance we met a man who offered to take us to a camping site while i was sitting in his car i was terribly afraid because i had heard of people being robbed in marocco,Fear
after an exhausting day i came home and wanted to take a bath to relax my father wanted to take a bath first and when he had finished after an hour there was no hot water left for me,Angry
i met some nice people during my holdidays when they left i knew that i would never see them again,Sad
a drunk man attacked his wife and wanted to humiliate her by insulting her then he turned violent and started to beat her in front of her child she left it happen without saying a word in order not to make things worse i watched the scene and tried to calm the man but without success just because he was stronger we had to comply from that day i detested him,Disgust
for a medical checkup we boys and girls had to take off our clothes with the exception of our underwear then we had to go into another classroom where older pupils were sitting and staring at us,Sad
i allowed my little brother to clean the bathroom in his own way my mother came and saw the floor overflowed with water slapped my brother in the face and told him to go to bed immediately,Sad
one day i did not feel very well and i wanted to talk to somebody a friend invited me for dinner and i was very glad,Happy
i was driving my car and it was very misty it was in the night and i was alone in my car i felt totally insecure nervous and overstrained,Fear
my mother treated me unjustly as if i was a little child i said mean things i was unable to defend myself adequately,Angry
when my uncle died whom i had loved very much i was very sad and i felt totally helpless,Sad
i watched the news at the tv it was a commentary about hainburg i felt disgusted when i heard members of the union speak about the situation,Disgust
i took the tram without paying there were many people around me when i was caught by a controller i felt ashamed but also angry,Sad
i behaved in a nasty manner towards a friend i said things which i could have said in a more friendly way after that i felt guilty,Sad
a friend of mine often had difficulties with her parents once she had a child she had a better relationship with them,Happy
once our school class went skiing on a steep slope a boy standing behind me lost his balance fell down and drew me with him i slided down the whole slope at about m distance from a tree i could stop,Fear
it happened in a tram some older people started to grumble about the young people just because i had not immediately left my seat to them,Angry
when i was younger i was very good in apparatus gymnastics i always won in competitions but once i was only at the fourth place,Sad
a friend was assaulted by a young man on her way home,Disgust
some men were talking about me and my sister,Sad
during my holidays i had a boyfriend who turned away from me outwardly therefore i danced with another man and raised certain hopes in him after a while i had to explain to him the circumstances,Sad
i received a letter and a christmas present from a person i had not seen for two years,Happy
i was at home alone and my mother had asked me to heat the house i put too much fuel into the stove it began to glow and there was a noise in the whole house as if it was going to explode,Fear
at the end of my holiday job i got less money than was due to me and nobody mentioned anything about that,Angry
my little cat which i had raised all by myself hanged itself when playing in the garden,Sad
at school a classmate who was a very good pupil had to help another boy who performed less well he told him on purpose the wrong things so that he had to repeat a year,Disgust
when i was a child i played my mother a nasty trick to make her feel hurt,Sad
i had promised my friend to take her to an important appontment but i was late so she missed the opportunity to get a wellpayed holiday job,Sad
i have a boyfriend and i am very fond of him when we had our months jubilee i had forgotten it but he gave me a red rose,Happy
when i was a child i was afraid of big dogs one day when i came home a big dog was laying in front of our door i was so frightened that i did not dare to enter the door and i waited until somebody passed by,Fear
i share my small flat with my friend on her birthday we could not see each other until evening because we had to stay at the university all day in the evening i left a lecture before it finished to be able to buy flowers for her when i was at home she called me to tell me that she would stay the night with her boyfriend,Angry
when i was a child i had a grassparakeet i liked very much his legs were crippled so that he could not move very fast once i came into the room did not notice him and stepped on him a few days later he died,Sad
when i was younger i often saw my father come home drunk he had big problems at that time once he woke me up in the middle of the night and shouted at me,Disgust
at school i was bad in mathematics although my teacher had admonished me to do my homework one day i had forgotten to do it when my teacher noticed it i blushed and was ashamed to be rebuked in front of the other pupils,Sad
when i was a child i often quarrelled with my younger sister once i became so angry that i slapped her in the face she cried and shouted so that my mother came in and scolded me,Sad
after a weekend at a seminar i saw my husband again i hurried home hoping he would be there we embraced i enjoyed feeling his body,Happy
one evening i stayed at home all alone as we lived on the ground floor i was often afraid of burglers,Fear
one day when riding on a bicycle path a car coming from the opposite direction forced me to get off my bike although i had the priority,Angry
my father died unexpectedly at the age of years he certainly would have liked to live longer i was also said because i was confronted with the fact that i would die one day too,Sad
one day when i was twelve years old my brother took some slimy substance swimming on the surface of a pot of vinegar made of cider and threatened to throw it at me,Disgust
when i was ten years old a classmate laughed at me because i had told him that my father had retired,Sad
i felt guilty because i had not accomplished a thing as well as i had wanted to,Sad
a party with friends on new years eve,Happy
when i was hitchhiking and i went with a man who drived like a madman,Fear
i was in hainburg in december and i was angry about the politicians and the police,Angry
i met again a very good friend after a year and realized that there had grown a certain distance between us,Sad
when i listened to a conversation of friends talking about the power of money,Disgust
when my grandmother died at her funeral,Sad
i read about a monk who had been murdered and put into a barrel which was filled with blood of pigs,Disgust
i went for a walk with a very close friend we were talking about our problems i told her lies,Sad
i had to tell a collegue the time for an appointment with another collegue i told her the wrong time it was obviously my fault,Sad
i went to buy a bicycle with my father when i wanted to pay my father took his purse and payed,Happy
my mother had fallen down from a ladder when she had been gathering cherries her back was hurt just when i arrived i saw people of the lifesaving service giving her medical care,Fear
i was waiting behind a car which was going to leave the parking place because i wanted to park my car there because of uncoming traffic i had to wait for a short time another driver placed his car on the place,Angry
my partner left me after we had been together for a long time,Sad
at a discussion a friend took a faschistic view what i had not expected,Disgust
at a weekends seminar my trousers suddenly burst therefore i was prevented from participating in several activities,Sad
when i was driving my motorbike i went into a bend incautiously and fell down i was slightly hurt the motorbike was slightly damaged,Sad
before christmas i got to know a girl but our relationshop could not consolidate before the holiday therefore it was a big surprise to get a carefully handmade present from her our relationship grew closer,Happy
when i was a child i fell into a cellar when playing and could be freed only with big difficulties,Fear
i was angry about several drivers who showed an aggressive and dangerous driving habit,Angry
when my grandmother died i had a very deep relation to her i lived with her for several years,Sad
some time ago a girl tried to make me up without any action of my part she used all possible means although i behaved refusingly she did not give up for a longer time,Disgust
when i went to the sauna for the first time and there were men and women,Sad
when i was parking my car i was not cautious and bumped into another car i caused considerable damage the driver of the other car was very angry and i let him insult me because i felt guilty,Sad
a person whom i had not seen for a long time called me and invited me for a party,Happy
when i was walking on the street a group of drunk bawling young people approached,Fear
when i was househunting another person got a flat that i would have liked too because he heaped a floot of words on the letter,Angry
when my grandmother died,Sad
when i shoplifted a pair of earrings from coles and my mum caught me with them in my bag,Sad
when my mother was tremendous on the phone and we talked for hours she was in a good mood,Happy
when i saw a good male friend unexpectedly after a year as ive just returned from overseas i was feeling tired looking a mess and nervous,Fear
when i wanted to talk to someone i liked and whom i have been told likes me by his brother and even by himself however he avoids any confrontation and is vague,Angry
after having left the company of someone who gave me a lot of support and made me laugh found myself alone for days on end,Sad
when a boy had continued to use foul language and swearing in front of a group of my friends,Disgust
when i was about seven or eight i was caught having stolen a dolls dress from my nextdoor neighbour,Sad
feeling guilt after greed buying chocolate and pigging out to the point of feeling sick especially as i am fat,Sad
when planning to marry,Happy
no really strong such emotion just falling off to sleep when i caught sight of a cm diameter spider crawling onto the pillow beside me,Fear
my feelings towards wouldbe inlaws for their participation in recent broken relationship,Angry
recent breakup of seriors longterm relationship helped along by wouldbe inlaws,Sad
no very strong such emotion treatment of my sister by her dancing instructor he is a user ie takes advantage of her good nature,Disgust
after failing a second attempt at med following a number of difficult personal circumstances,Sad
failure to complete medical course as a result of failing fourth year twice,Sad
when wayne and sue close friends were announced our guardians at ther wedding,Happy
car accident nearly occurred between us and drunk driver coming in opposite direction it missed us by approx m and collided after rolling twice midair into nearby scrub,Fear
when boyfriend lied to me,Angry
when my boyfriend took me to his fathers grave,Sad
on boat trip saw mother giving young child aprox years cigarettes,Disgust
when harassed by this boy it was sexual refer to guilt,Sad
when in grade late home from school every day for weeks because of harassment from a grade boy i lied to mother about why i was home late,Sad
getting a parttime job,Happy
small car accident black ice on the road cars in front of us started zigzagging and so did we car in front did a turn we followed and ended up in a gully,Fear
people hunting animals,Angry
when my grandfather was sick and died i felt more sad though when he was sick,Sad
people spitting in railway stations,Disgust
falling over,Sad
eating too much i felt guilty afterwards because i knew i shouldnt have overeaten as im putting on too much weight,Sad
when my last years second semester results came through i was ecstatic,Happy
i was sleeping in my room but woke in the middle of the night to think i could hear noises and see shadows moving i felt that someone was in the house,Fear
at school a couple of years ago a socalled acquaintance told lies about me to a teacher i was told about it by friends who overheard the conversation,Angry
my grandfather died he lived almost as a recluse not caring for himself as well as he should dad and we all helped as much as we could but it didnt save him from himself it was an unexpected death his second de facto wife was lucky she wasnt jailed,Sad
in my penultimate job i was responsible of a sections with several employers after several years of dedication i was dismissed by a new chef saying that i was incompetent,Sad
i assisted to a scene where the police attacked a person that didnt have his documents the savagery was too much and the attacked person bleeded to much,Disgust
in a party of friends i got completely drunk,Sad
once in my homes yard i was plaing football with my cousin and in a certain quick the ball went on uncontrolled putting down a birdcage killing it,Sad
when i get something that seemed very hard like getting a job a boyfriend etc a specific sutuations was when i started to date a boy whom i liked for a long time,Happy
when i had to assume a position which i didnt expect,Fear
when i was dismissed unjustly from the firm where i worked because there where persons that didnt have problems and wouldnt miss in the jobs they occupied if they were dismissed,Angry
i felt very sad when i had to give up something that by right was mine and although i didnt get it a kind of suvenir that people dont give you the right to have,Sad
the acts of brutal violence in generally disgusts me fights phisical aggrssion etc,Disgust
i felt ashamed when in a certain occasion i had to read a text and didnt stop stuttering,Sad
when i was reproved eighth grade of high school,Sad
when i talked with a teacher yesterday who to say the least was rude and unwise and had irrelevant opinions about a friend,Angry
the loss of the woman who loved me most till today,Sad
in a sexual experience with an unknown woman where after the sexual act i only could go away without looking backwards,Disgust
when i wanted to kiss a friend and didnt succeed i felt shame,Sad
on a telephone talk where i was agressive and stupid without the least reason or better motive,Sad
when i succeed in writing something i felt and doing it i felt well and very happy for being able to express to myself something that was suffocating me,Happy
when i crashed my car,Fear
when in a difficult moment i couldnt express myself correctly and my thought came out with distortions bringing about highly negative and distorted results,Angry
when i heard about the death of somebody i liked very much and i was not present either to see the person or to try to share my emotions with other friends,Sad
when i saw a woman subjugated by money and not being able to hide how she hated herself for not having the will power to get out of such a situation because it was convenient according to what she told me,Disgust
when somebody suddenly said something about me at a wrong moment and i didnt agree at that exact moment i was needing an extremely positive word,Sad
when my mother surprised me while masturbating,Sad
i forgot to water the flowers in our flat and was rebuked by my friends who share the flat with me,Sad
after my final examination at school i was glad that the examination was over and that i had passed it,Happy
when i was a child i had a nightmare at that time i was not yet able to tell anybody about it so i was very frightened i could not explain myself all that and i had to deal with it by myself,Fear
i was angry with a person who behaved terribly at a ball offending her relatives,Angry
when my grandfather died when i heard about his death i had a bad feeling in my stomach and i felt as if i had lost something very precious,Sad
my brother caught a spider and let his frog eat it,Disgust
once i spoke without thinking very much it was quite a nonsense,Sad
i was not sure whether i should help an old woman going down a flight of stairs i just watched her and saw how difficult it was for her to do it,Sad
for about one year i had a rather bad relation with my father last christmas eve he invited me to stay withhim and i was very glad about it it was a fine evening,Happy
i live outside graz so i have to go by bus one day i went home from the bus stop alone it was dark i had to go through a forest and there was a dark figure behind me i was very frightened,Fear
my sister had promised to help me to do a translation from english into german but the day i needed her she told me that she was busy i was very angry,Angry
several years ago my mother died she had been ill for a long time but nevertheless her death came unexpectedly i did not and i still do not want to believe that it is true,Sad
i have a horror of spiders and snakes on a walk through the wood i saw the body of a slowworm without the head,Disgust
i came home from a party rather drunk i said things i would never have said normally next morning i was terribly ashamed about what i had said,Sad
an accident happened to my little cousin because i had not taken enough care of her she fell on the floor and her hands were hurt,Sad
i had a little cat which was very sick as i liked it very much i went to a veterinary with it he told me how to tend it and it really recovered its health everybody said that i had saved its life,Happy
when i was a child i had a terrible nightmare with st nicholas devil servant i asked my mother if he really existed and she said yes the following nights i could not sleep and a light had to be left turned on,Fear
as i usually do not start learning until a short time before an examination i once made up my mind to try to work for a longer time but once again i did not do it and got a bad mark,Angry
a friend told me about his cousin who is my girlfriend he said she had treated him in a mean and nasty way i was surprised because in front of other people she had always treated him in a friendly way i am very sad about it,Sad
i went out with my sister her boyfriend and his friend i did not like this young man but suddenly he overcame me and kissed me he was very strong so that i could not defend myself,Disgust
during the oral part of my final examination i made a mistake in speaking so that all the teachers laughed at me,Sad
there was a time when i did not get on well with my sister i always grumbled at her and said bad things about her to my mother so my mother always scolded her,Sad
when i passed my final examination at school,Happy
when i was on a cave excursion with friends i suddenly lost them and was afraid of losing my way in the cave,Fear
when i felt being treated unjustly by a teacher,Angry
when my grandmother died i had a stronger relation to her than to my mother,Sad
when i was molested by an old drunk man,Disgust
when i had a latin examination in school,Sad
when i had drunk too much and nearly got an alcohol poisoning,Sad
when i met my girlfriend again in another town after a long separation,Happy
when i went home alone early in the morning i had to go through a wood,Fear
a friend was unpunctual we wanted to prepare ourselves for an examination,Angry
when my grandparents moved to another part of the town,Sad
at the butchers i saw an animal which had just been slaughtered blood was dripping on the floor,Disgust
in school i was very bad in running long distances and my classmates laughed at me for this reason,Sad
i had to take care of my little brother when i met a friend i did not pay attention to him for a certain time and he was hurt while he was playing,Sad
on my birthday an old friend of mine sent me a card i had not met him for a year and i was very glad that he had thought of me,Happy
once i spent a night with a friend at the secondary school we told each other horror stories and suddenly we heard uncanny noises i was terribly frightened,Fear
when we still attended school my brother and i usually went to see our aunt and to show her our terms report she rewarded us with money although my reports were as good as my brothers he got more money,Angry
my friend was pregnant but lost her child during the second month i went to see her at hospital she was crying i felt very sorry for her,Sad
when i attended school our class visited an institution for mentally and physically handicapped persons although i tried to control my feelings i was disgusted,Disgust
after a party i spent the night with a friend we both were drunk the morning was disillusioning a friend was me leaving the room and i felt shabby and immoral,Sad
i had to take care of a neighbours child i did not look after it all the time and the child fell down and was hurt i felt guilty,Sad
a very good friend of mine had been away for three months when we met again we ran up to each other and embraced,Happy
one evening my father told me to go into the cellar and get him a beer i was terribly frightened at the idea of a man sitting in the cellar and assaulting me for my defence i took an empty bottle with me,Fear
i had stolen a bottle of rum from a person who knows me well he threatened to call the police if i did not pay shillings,Angry
when my uncle died i saw a funeral for the first time all people stood around the open grave and cried,Sad
at a party i met a girl who drew me to her told me some nonsense and always wanted to kiss me,Disgust
i put my head into the pullover of a girl to see her breasts the girl looked at me so that i felt ashamed,Sad
my uncle had promised to buy me a bicycle as time went by and i had not received it yet i asked my father to buy it for me later i heard that my uncle had wanted to offer me the bicycle on my birthday two weeks later,Sad
several days after my final examination at school i was sitting in an airplane on my way to greece i enjoyed that moment very much,Happy
one night i was lying in my bed awake but i had my eyes closed i saw figures with terrible faces and black frocks bending over me and touching me i opened my eyes but i could still see them i had the feeling that somebody was in the room it was terrible only when i turned on the light i was able to go to sleep,Fear
i had arranged with a friend to go with him to carinthia by car we had arranged a place where to meet i was a bit late and my friend had left already i had no money to go by train i nearly started to cry because i was so angry it was very important for me to go to carinthia,Angry
our dog had to be shot because he had killed a roe i liked him very much and so i could not resign myself to that i hated the hunter who shot him,Sad
i was sitting in a stationhall and watching a lavatory attendant she was very dirty she started to eat something out of a dirty cup it must have been something like lard then she took some breadcrumbs out of the pockets of her apron and ate them i had to leave i felt like vomitting,Disgust
i had to go to the doctors because of a veneral disease i told the doctor that i must have been infected by my boyfriend this was not true but i was ashamed to tell the truth,Sad
when we were playing i hurt my little sister but towards my mother i did not admit that it was my fault,Sad
my neighbour was not able to set his car in motion because it had snowed heavily i helped him he was thankful and invited me,Happy
i was skiing with friends and they wanted to skijump i did not want to be left behind so i braced myself and followed them,Fear
at an examination i got a bad mark just because of a small mistake when i went to the lector and wanted to talk about that he did not listen to me but sent me away,Angry
my cut was run over by a car after searching for a long time i found her lying in a kerb i was rather shocked and angry with the driver,Sad
when i watched a report about el salvador on tv i saw people who had been murdered by terrible methods,Disgust
at a crosscountry race i wanted to take a shortcut which is not allowed i was caught and disqualified all my friends had observed that,Sad
during a discussion i reacted very aggressively and so i made it impossible to continue discussing,Sad
on my birthday i got a present that i had desired for a long time,Happy
when i am discussing something with a person and i realize that the other person is thinking over her own argumentations instead of listening i become angry,Angry
when we were on holidays my girlfriend had to leave me after weeks and i had to stay in turkey for some more weeks because i had a job there,Sad
i studied medicine for several semesters i was always disgusted when we had the dissectingcourse i cannot understand why some persons like this course,Disgust
some time ago we had a tournament in our tennisclub for tactical reasons i was chosen to play against a much weaker player than i am although it would have been enough simply to win the game i defeated him extremely this would not have been necessary,Sad
i had a discussion with my girlfriend after some time we started to quarrel and at least to get the upper hand i said that she was not as important to me as she might believe some time later i apologized for that,Sad
on new years eve i went in a disco with friends i amused myself and got to know many other people,Happy
i had to go to the dentists when he touched my tooth with his drill i was terribly aftaid of the pain i would feel any moment,Fear
i was very hungry and just wanted to start eating when a friend called me who usually talks for a long time i was angry because i was prevented from eating,Angry
my sister whom i like very much asked me for a favour which i refused her for some flimsy reason some time later i felt sorry for that and something like sadness,Sad
on my way to a concert i went with a man who tried to molest me at that moment i did not care much but now the impression fills me with disgust,Disgust
i asked my friend to come with me to a disco because i wanted to be with a person i know well but when i amused myself with others i let my friend sit alone although i had asked her to come,Sad
i called my little sister to make her pick up her toy from the floor when she still refused after i had asked her for the fourth time we began to quarrel at last the whole family was involved in this quarrel and trouble was brewing,Sad
i had a singinglesson but i was not very good the last exercise was singing scales i did that very well and my teacher seemed satisfied,Happy
a teacher wanted to instill a certain opinion and a certain behaviour into myself what i refused i was afraid when i saw him,Fear
a friend had promised to call me at a certain time i expected his call impatiently but in vain,Angry
years ago on christmas eve i felt very sad because i realized for the first time how i missed my father who had died at christmas years ago,Sad
a man whom i like was drunk and tried to molest me,Disgust
it was the time when everybody spoke about and discussed hainburg i was also asked for my opinion i was ashamed because i had no firm view of the whole thing and therefor was not able to join the conversation,Sad
i was on a concerttour and therefor seperated from my boyfriend but i needed warmth which was given by a male member of the orchestra my feelings towards him were not very deep but his feelings were i felt guilty when he said i am not a radiator,Sad
on my th birthday i passed the drivingtest i was glad because i had had to study very much because i had been lucky and because as a proof that it was really difficult not everybody had passed the test,Happy
at about midnight i had to go by bike through graz alone on the whole it was a distance of several kilometers a car followed me through the streets only when i went into a oneway street the car disappeared the rest of my way home i was very afraid,Fear
i had studied for almost one week for my physicsexamination with difficulty i passed the examn i was angry about the teacher and also about myself because i had not remembered enough during the examn and because the time that i spent studying was wasted,Angry
i had cared for a horse for years one day it was sold and i cried for several days because i was so sad,Sad
a friend of mine was telling jokes which i felt to be very disgusting especially because i was eating,Disgust
at a carnevalparty i smooched with a man some days later i was rather ashamed for that,Sad
by fun i had a tussle with my sister suddenly i obviously hurt her unintentionally and she ran out of the room crying,Sad
during my first week in graz i met a girl who i had got to know in the train from amsterdam to graz although i had considered her very sympathetic we had seperated without changing our adresses,Happy
many years ago i saw the film psycho by hitchcock for the first time when i saw the film i was alone and afterwards i hardly dared to go to bed and hardly was able to sleep,Fear
i had got a bad cold my father said i must be crazy to go by motorbike at those temperatures when i answered him that i did not care about a cold he said that if i did not care for anything i could leave him it was for the second time he said something like that,Angry
i was at home alone when i realized that a young roe approached our house i hid because i did not want to frighten it it limped some time later when i thought that it had already run away i saw it lying on our terrace i came nearer and saw that it was terribly wounded i informed the ranger who said that the roe must have been attacked by dogs he had to shoot it,Sad
several years ago i stayed with friends in the mountains for one week we lived in a hut and had to cook for ourselves one day my friend did not succeed in preparing spaghetti that dinner was terrible nevertheless we all ate rather much and had an improper and unsavoury conversation,Disgust
my mother and my grandmother were talking about one of my grandmothers friends whom i hardly know i gave some deprecatory comments on him whereupon my grandmother told me that the man had died recently,Sad
when i still went to primaryschool i went on a skitrip with my family after skiing we went to a restaurant for lunch suddenly my father said that he had forgotten something in the car he gave me the key and asked me to go and get it i had difficulties with the key which was already bent i asked my mother to help me when she tried to turn the key it broke we had no second key my mother was blamed for all that and i did not say a word,Sad
i had not studied very much for my final examination at school so i had to take an additional examination in french the oral examination was not very hard for me the more i was glad when i heard that i had passed it,Happy
when i was years old my tonsils had to be operated on this is not a complicated operation but just before it started i was very afraid so that i will never forget it,Fear
my parents are divorced father pays alimony for me two years ago my sister who lives with father suddenly asked mother for money as she considered the amount of money my mother offered her too small she brought an action against mother i was terribly angry with my sister,Angry
i arranged with a friend to go skating the next day he asked me to wake him up by telephone at twelve oclock because we had come home late in the morning next day i called him he was not at home as something like that had happened to me several times before i came to the conclusion that one cannot rely on anybody and i felt very sad,Sad
whenever i see a spider or a snake i feel disgusted,Disgust
when i had slept with a boy for the first time i felt ashamed for three reasons first because i was only years old second because i did not really like him third because he had caught me napping,Sad
i had been together with my boyfriend for two and a half years when he got to know another girl and not even tried to conceal that from me i drew my conclusions and left him i also felt a bit guilty for what had happened,Sad
my boyfriend told me that he would take me to the training of the lifesaving dogs,Happy
i was in a dark cellar and saw a glowing red point i thought that it was a person with a cigarette but it was only the red switch,Fear
a man treated his dog very badly he insulted and beated him until the dog kept lying on the floor with his tail drawn in,Angry
a horse which i had liked very much was taken away,Sad
on tv i saw a report about church in amerika a priest was shown who was performing miracles in front of the camera i felt disgusted,Disgust
when i was a child my uncle came to see us i spit at him and ran out i do not know the reason for that my father came after me and insisted on my apologizing,Sad
i quarreled with my boyfriend he said it was unfair that i always started crying so that he had to give in,Sad
to be able to prepare myself better for an important examination i did not spend the nitht with my girlfriend but in the students hostel i had not done that for months the day when i had the examn somebody knocked at my door at seven oclock in the morning my girlfriend who likes sleeping late had come to be able to be with me,Happy
i studied medicine for several semesters and at that time i developed a great fear of examinations i was most afraid of my examination of anatomy while other students were examined i was dissecting i was able to hear everything and was waiting with fear until it was my turn,Fear
when i come home in the evening the first thing i do is to sit down and smoke a cigarette one day i found the flat in a totally desolate state my girlfriend had wanted to tidy up but had not finished,Angry
my sons mother told me that she wanted to move to vienna and take the child with her this means a rather long distance for me my whole family was sad and dumbfounded so that my own feelings were intensified,Sad
when a very near person got into an awkward situation but showed only helplessness and indecision,Disgust
i spent an evening with my girlfriend when we wanted to go to bed i was totally drunk next morning i felt rather ashamed,Sad
i threw away an object which belonged to a friend because i did not know what to do with it my friend was very sad about that and i felt guilty,Sad
after a long time i saw my boyfriend again,Happy
my first public appearance in front of a rathe big audience,Fear
i was angry about how the government acted concerning hainburg especially when i saw a discussion about it on tv,Angry
death of my father he died of laryngeal cancer,Sad
when i got indecent offers,Disgust
when i bought new skis i was ashamed to tell the assistant that i am not good at skiing and therefor bought racing skis,Sad
my schoolmates were teasing a pupil who was not able to defend himself very well i should have taken his part,Sad
i thought that i had failed an examination but when i was informed about the mark i saw that i had passed it,Happy
before an examination i had the fealing that i had not learned enough,Fear
once when i was playing table tennis i was already sure that i would win but at last i lost the game,Angry
my grandfathers funeral,Sad
in cinema i saw a film which showed how a person was torn out his guts when he was still alive,Disgust
i was sitting in a restaurant with friends they asked me something which they thought i should know actually i know it but at that time i was not able to remember it,Sad
i had an appointment with a friend i promised him to meet with him but at last i did not without having informed him,Sad
when i had a psychical crisis i met a girl who told me that she had had almost the same problems and how she had finally overcome them,Happy
i had climbed on a cherry tree alone and there was a thick caterpillar beside my fingers i feel disgusted by caterpillars and snakes i was terribly afraid of the caterpillar crawling on my fingers out of the fear i was almost unable to climb down,Fear
a friend of mine told other people that i was a slattern because of an occurence that had happened some time ago when i heard about that i was very angry,Angry
my grandfather was seriously ill he had only a few days left to live i had always loved him but never told him when i saw him for the last time i had the feeling that i had omitted so many things i could not do again there was a fly sitting on his forehead and he was too weak to drive it away i was very sad when i saw that,Sad
normally my father never tells vulgar jokes we do not speak about sexual things too but once he told such a vulgar joke that i was really disgusted he did not tell me but some of his friends but i was present,Disgust
when i was or years old i pulled down the trousers of a friend because i wanted to know what she looked like my mother watched that and as a punishment sent me into the house we never spoke about that i think it was as embarassing for her as it was for me,Sad
when i told my boyfriend who loved me very much that i wanted to put an end to our relationship a long time before i told him that and also a long time after that i felt guilty because i had hurt him so much,Sad
unexpectedly i met some persons who i like very much spontaneously they invited me and integrated me within their group although it was late in the evening,Happy
after a footballmatch i went home by car a friend drove i did not realize that he was drunk until we were in the car he was madly racing several times we were in dangerous situations and i told him to be cautious but he did not care,Fear
a friend of mine uses butter instead of oil when he is cooking i am always angry about that because it is an unnecessary luxury recently we both were cooking and he wanted to use butter again when i had already put the oil into the pan he poured it out again and put the butter into the pan,Angry
after some friends had come to see me they had stayed for several days and we had got on very well when they had left i had a feeling of emptyness,Sad
i had a quarrel with a friend who lived with me in the same flat he moved out before he went he invited me and some friends for a drink at last he was totally drunk and smelled disgusting besides he told lies about us and behaved as if he was to be pitied,Disgust
i went to see a friend there were other people too and everybody brought some present i was the onlyone who brought nothing my friend was very hospitable and did not show anything although i knew how he felt,Sad
with a group of handicapped people we went to a party when we wanted to leave we were not able to find one of these people i had told his mother that we would leave at pm actually it was planned for pm therefore there was a delay,Sad
i had a quarrel with my fianct when he admitted his fault everything was allright it was then for the first time that he surprised me with coffee and cake and a bunch of flowers,Happy
after my boyfriend had beaten me for the first time i always trembled when somebody knocked on my door or when i heard steps coming nearer,Fear
i had not eaten anything for days to be able to pay the fine for my fianct but he stayed in another town and spent one thousand shillings in the restaurant during the same time,Angry
i had to give up my love because it did not work out well,Sad
i was insulted without a reason by a drunk man,Disgust
my boyfriend had drunk too much and beaten me when i had to show the letter the door which was almost crashed i felt ashamed,Sad
i spied on my fianct and was terribly jealous later i saw that there was no reason for that,Sad
my sister had a daughter i saw the baby for the first time through a pane of glass and she looked at me,Happy
my mother my sister and i were sitting in the sitting room and watching a film on tv my father came home drunk and told us to turn off when we did not do that he switched off the fuse and started shouting we were sitting in the dark and i was afraid that he would do us a harm,Fear
i bought an aquarium which made me much pleasure i was watching the fish when my father came in and asked me how much i had payed for it he said he would not pay for the current that it would require,Angry
when i was years old i got a cat but after days he died i was very sad because i had nursed him and taken him to the veterinarys but in vain although i had had him only for a short time i had liked him very much,Sad
when my grandmother was about years old she lived with us for several years i saw her illness i did not even want to breath the air that smelled of her presence,Disgust
i am lefthanded when i attended the first form we learned to write with pens i smeared everything i had written all my friends had written well and wanted to know why the teacher was looking at my notebook i was ashamed,Sad
when i was we spent our holidays at the seaside my sister and her friend wanted to go to a bay on an undangerous way i wanted to arrive before them and went on a shorter but more dangerous way when i arrived i found nobody there i waited for a long time but nobody came on my way back i met my mother who had been searching for me desperatly she did not scold me but i saw how much she had worried herself,Sad
when i was i had a mystic vision i melted into a dazzling light which omitted perfect love the physical experience became unimportant i heard or saw the words overcome egotism the feeling of joy remained for month after that experience,Happy
when we had swimming instruction we had to take a header from the springboard i usually refused to do that but at least i was forced to,Fear
when i played in a chess championship i was disturbed by other people i asked them to be quiet but in vain,Angry
when my fluteteacher was replaced by a new one,Sad
when i was a child i was sometimes forced to eat things that disgusted me,Disgust
when i was years old some friends of our family had come to watch tv i lay on the floor and moved my pelvis when the other people had gone my mother told me that it had looked as if i had wanted to make sex,Sad
when i shirked the gymnastic lesson i met the director of our school who asked me what i was doing,Sad
when i was in a situation which seemed hopeless for me i moved back to my parents for my father it went without saying anything normally he ofter grumbles at me,Happy
i lived in a flat with a couple the woman was so jealous of me that she sometimes had crying fits eventually her husband could not stand that any more and wanted to kill me,Fear
i have a very big family at my grandmothers funeral we all met and everybody pretended mourning in reality it was like a fashionshow everybody wanted to show himself,Angry
often a dog which is treated very badly by his owner comes to us,Sad
after a pleasant evening with friends in my flat one of them did not want to leave because he wanted to sleep with me he said that he had fallen in love with me that he felt alone and so on,Disgust
i look up to my karateteacher when i came to a training lesson after i had not trained for one week i was totally stiff i was ashamed,Sad
my sisters asked me to fetch them at a discotheque which is km off there was a thick fog and snowfall there was not enough room in the car for all of them and they asked me to go there once again when i did not do that they had a way to make me feel guilty,Sad
when i heard that i had passed my final examination at school with success,Happy
before my final examination,Fear
when my mother kept me in leadingstrings,Angry
when my father died,Sad
when i worked at the lifesaving sevice and saw the first exitus,Disgust
when i made a fool at an examination,Sad
when i had wrongly explained someone an important exemple for an examination,Sad
last year i went to see friends in yugoslavia two girls with whom i get along very well,Happy
before i went to the urologists i was afraid for several reasons because it was for the first time because the medical checkup might be painful because of the uncertainty and because someone had informed me about it,Fear
my girlfriend did not understand me i was angry with myself because i had problems when we seperated i could not resign myself to it,Angry
a friend who was years old died,Sad
when i was in the army we got a certain dish for dinner that i do not like at all we were not obliged to eat but i was very hungry,Disgust
i had to pay a fine because of speeding,Sad
a friend who was years old died of leukemia i had not known that he was so ill and therefore had not cared,Sad
when we got a young dog,Happy
i was afraid before i went to the doctors,Fear
i had an accident with damage to the car body,Angry
my dog died of a cerebral tumor,Sad
when i worked at the lifesaving service i was disgusted by a patient whose outward appearance was distasteful,Disgust
when i was a child i had a medical checkup i had to undress myself and was examined by several doctors,Sad
when a classmate wanted to sit down i pulled his chair away so that he was slightly injured,Sad
when i heard that a good friend who had been abroad for a long time would come and see me,Happy
when i had my first oral examination after a long time especially one day before the examination when i had the feeling that i had not studied enough and had not enough time to make up for it,Fear
i heard friends grumbling at me in an adjoining room although they had behaved in a friendly way when i was present,Angry
when my brother died,Sad
i read about a murderer who brutalized his victims by cutting open their stomaches and taking out their bowels,Disgust
when i was a child i had told my mother a lie and she found it out,Sad
my father had been alone for a long time because my mother and sister were on holiday i had not seen him for a long time and when i finally called him i realized that he had been very sad about that,Sad
i unexpectedly got a present from my father,Happy
when i had to go through lonely streets in the middle of the night,Fear
my boyfriend had promised me to come home at about pm he did not return until midnight and had consumed a lot of alcohol,Angry
a relative whom i like very much left for the united states,Sad
when i was walking on the street i slipped on the dung of a dog i did not fall down but i felt disgusted by the bad smell on my sole,Disgust
some persons who are important for me came to see me and i had not washed the dishes,Sad
i was looking after my cousins little daughter she fell down was slightly injured and cried vociferously,Sad
i met again a very good friend whom i had not seen for a long time,Happy
i got lost in a foreign town i did not know the language of that country and it took me hours to meet my friends again,Fear
a friend had promised to get me a book which was very important for my work but she forgot it,Angry
my dog whom i had had for eleven years died i watched his soporification,Sad
a drunk man bumped into me and wanted to grip me fortunately i was able to break loose,Disgust
when i stayed on a nudism beach a man was watching me in a disagreeable way i had the feeling that he was examining my body,Sad
i had a quarrel with my father he was depressed because somebody had treated him injustly as we had an argument it was impossible for me to help him,Sad
my friend came to see me after she had stayed abroad i waited at the station,Happy
after a motor accident i was the frongseatpassenger i spit blood,Fear
at an office an application that i had made was turned down because of a scrupulous interpretation of the rules,Angry
my uncle died i felt sad at the funeral,Sad
i saw a drunk man tottering behind his wife and insulting her awfully,Disgust
after an oral examination i shook the professors hand but he had only stretched it out for my ballpointpen,Sad
i spread abroad an intimate secret,Sad
i bought a christmas present for my girlfriend on my way home i was really glad about having found such a suitable thing,Happy
my fear appeared in the form of jealousy i was afraid that my girlfriend had fallen in love with another man i was afraid to lose her,Fear
i was angry when i watched a skirace all the austrian skiers dropped out,Angry
during my holiday i met again a friend who had tried to commit suicide she had just left hospital her lips were trembling she looked miserable,Sad
on my way home in the middle of the night i saw a drunk man and a woman who were quarreling beating each other shouting and so on i felt disgusted especially because they treated each other in such a degrading way,Disgust
my girlfriend and i live in one flat with another couple we get along very well and usually we share everything once we two were sitting in our room and eating a cake when the others came in,Sad
i was on a visit to friends who have a baby the baby was crying in another room but soon it became quieter and it seemed that it would fall asleep i went into the room where the baby was lying and it started crying again,Sad
i went to fetch my girlfriend at the station when the train arrived and i saw her descending and running up to me i felt glad,Happy
when i wanted to go into a house there was suddenly a big dog standing beside me it was hardly moving but i did not know how it would react later on,Fear
my father had bought too many goods for his shop there was not enough space to store them,Angry
a friend died of cancer when he was years old,Sad
at a party i saw two persons having a fight the aggressions and the hate between these persons produced an unpleasant impression on me,Disgust
during a discussion i said something rather stupid and unnecessary,Sad
when i was driving my car i wanted to pick something from the floor of the car and drove into the guiderail i thought that i should not have done that and felt guilty,Sad
on my birthday a friend came to see me unexpectedly and brought me flowers i usually do not see her very often,Happy
i was awakened by a dream in the middle of the night i dreamt that a stranger was in my house,Fear
my boyfriend had promised me to come an am he was hours late,Angry
when i heard about a murder of a yearold girl,Disgust
when i broke the piggy bank of my brother and my mother discovered that,Sad
i was sitting in a restaurant with friends and i knew that in the meantime my girlfriend must have come to my flat and found the door closed,Sad
after i had been away for a long time a friend told me that i had passed all my written examinations,Happy
recently my younger brother disappeared for two days without leaving a trace usually he tells me when he wants to do something like that therefore i was afraid that something had happened to him,Fear
i played chess with my yearold brother i made a stupid mistake and he won,Angry
it was only once that i really felt sad at my grandfathers funeral after a long time of suffering he had died of cancer,Sad
years ago i served in the army once a collegue denounced me because of a delict which is usually committed i was arrested for days i still detest this man,Disgust
once i went home totally drunk and roused all our neighbours from sleep,Sad
when i was in the puberty i smashed the favourite toy of my little brother because of a fit of rage,Sad
after i had had a disappointment in my private life my friend who studies in vienna came to see me spontaneously,Happy
before an oral examination which i did not take eventually,Fear
a friend had promised me to give me a lift to graz to be sure i called her before we went she told me that she had just promised another person to give him a lift,Angry
i am sad because some relations to friends are not very good,Sad
i think i have hardly had a situation where i felt disgusted perhaps once when i saw a big spider,Disgust
when my boyfriend left me and i wanted to persuade him to stay,Sad
i promised my mother to come home on her birthday but at last i was prevented nevertheless it would have been possible to go but i did not,Sad
seeing relations from overseas after a few years,Happy
unknown person knocking repeatedly on backdoor when no one else was at home,Fear
boyfriend chatting up another girl,Angry
a friend breaking up with her boyfriend,Sad
accidentally seeing a friend in a compromising situation with a stranger,Disgust
parents finding out i smoked,Sad
not thanking relatives for a favor done,Sad
emotional reassurances by spouse,Happy
movement in bush late at night while camping,Fear
heated discussion with spouse concerning new house,Angry
loss of close relative,Sad
the price i was charged for work on my car,Disgust
caused fault in vcr by not following instructions carefully,Sad
losing my temper with my spouse,Sad
a night spent with a group of friends,Happy
a car came very close to hitting me whilst i was crossing the street,Fear
a friend whom i had gone out of my way to do something for did not bother to acknowledge my efforts and treated me badly thereafter,Angry
a girlfriend ended our relationship in an abrupt and unexpected manner,Sad
a friend once reacted childishly he is yearrs old to my not responding in his favour to a request that is he asked me for some money i refused and his reaction was quite childish,Disgust
on one occasion whilst engaging in horseplay with my girlfriend i caused her to be physically harmed,Sad
i borrowed money from a friend and did not pay back the debt when i said i would,Sad
getting a phone call from a very old friend,Happy
before giving a seminar to a rather large audience,Fear
being stopped by the police for a traffic offence which i dont think i committed,Angry
death of a parent,Sad
at a social event when none of the guests would help to serve food or clear tables it was all beneath them,Disgust
the mother of a small child found me shaking the child in exasperation because i couldnt get it to sleep,Sad
the more than satisfactory result of a recentlycompleted university subject was communicated to me by phone,Happy
i was a passenger in a jumbojet which was accelerating down the runway and almost at the point of takeoff when the pilot suddenly braked and put the engines into reverse thrust in an obviously urgent attempt to stop the aircraft the hostesses show signs of concern and my first thought was that something was on the runway in our path and that we were in danger of hitting it,Fear
a person walking his dog allowed it to defecate on the footpath outside my house although it had happened before this was the first time i had witnessed it all the skills i had learnt from py were thrown out the window when his indifference to my protestation was obvious to me,Angry
while walking through an old mining area i unwittingly disturbed a wallaby which in its resultant flight accidentally fell down a deep mine shaft on investigation it seemed uninjured but it was impossible for the wallaby to get out and also for me to get it out of the shaft to prevent its suffering a slow death i shot it,Sad
a colleague and i were sitting on a bench next to an old man in a shopping centre the old man coughed and spluttered somewhat then with his fingers removed the resultant phlegm and mucous from his mouth and transferred it onto the armrest of the bench,Disgust
i had promised to contact a friend about a particular matter by a certain date then thought no more about it until the friend reminded me after the date had passed,Sad
a neighbour complained about smoke from my backyard incinerator entering his house after a change of wind direction i lit the fire after originally checking that the wind would not blow the smoke in that direction,Sad
on my birthday when a very close friend sent me a huge bouquet of flowers,Happy
when i heard that there had been some women raped at uni just near where i usually park my car and walk by myself at night although i wasnt in danger it unnerved me for days and i was fearful whenever walking through the area,Fear
when the person i am going out with let me down in a situation that i was depending on them and didnt show respect or care,Angry
when i found out that a person i went to school with had died in a car accident,Sad
when i heard about the way a parent of a friend had mistreated him and caused a great instability,Disgust
when i realised that i had become too emotionally involved with the person im going out with and when i began to like someone else and questioned whether i really care about person im with,Sad
when i came very late one night or morning and my parents were waiting not so much angrgy as disappointed,Sad
one of my friends and i had breakfast in a restaurant it was spontaneous and lots of fun,Happy
i was walking home late at night from lectures and someone deliberately started following me it was dark and i was scared,Fear
at one of my close friends saying she didnt like the way i am nice to people i dont know or who have been nasty to me,Angry
leaving melbourne to move interstate leaving relatives and friends behind,Sad
disgust at a girl i know for continually feeling sorry for herself and never acting positively to do something about her problems,Disgust
i am ashamed of the horrible way i used to treat my little sister,Sad
often i forget to give my immediate family birthday presents,Sad
i noticed that meryl streep and i had similar cheekbones and jaw structure,Happy
i do not recall being scared in the near past,Fear
as for disgust,Angry
girl i was fond of did not initiate conversation as i expected in tutorial,Sad
i realised that someone was insidiously attempting to shit me off i was disgusted with him for doing so because i afforded him with no excuse to do so,Disgust
i do not seem to feel emotion such as shame guilt or fear far out,Sad
i cannot recall feeling guilty in the near past remark subject may not have taken the exercise very seriously,Sad
when i was complimented and called delightful,Happy
when my mother was angry with me over my friends and boyfriend,Fear
anger towards my lover for being late,Angry
the death of my twin sister suicide,Sad
disgust with myself for consistently making foolish errors in communicating with others asking for kg of nuts when i only wanted g,Disgust
i had been rude to my mother at a time when she needed comforting not anger death of my sister,Sad
guilt because i had not written to my sister for months before she died,Sad
my current lover and i had been very busy with work and study and had not had time alone together for almost a month until one afternoon recently when we made love for hours and then showered and ate together,Happy
a workmate and i had been antagonistic with each other for some weeks he had reacted violently to my criticisms of his work standards,Fear
i had been having a heated argument with a lover whose intention was that we should marry in the near future and was rejected by her when i started to cry when i stopped crying for a moment she said there have you got it all out now,Angry
i was alone in my parents house having made plans to spend the afternoon with a lover plans which the lover cancelled watching a movie and considering my life and circumstances pressures of examinations in particular,Sad
i discovered some pornographic literature in a workmates drawers the literature featured pictures of naked women defecating on one another,Disgust
upon returning from a journey of about two weeks duration i found that a collection of pornographic literature had been removed from my room i had previously thought that no one was aware of the existence of this material,Sad
my mother and father had forbidden me to ride my scooter on the road and i had transgressed together with the wild kids from across the street by riding my scooter down a steep hill near our house my mother sent the boy next door to collect me and i was severely scolded,Sad
blank,Happy
after going through a glass door i sustained a number of serious cuts which were gaping open,Fear
the mother of a person with whom we had been sharing a housing accused me of trying to rip her off over payment of bills in the house,Angry
watching am they had a programme on the starving refugees their plight was a source of sadness for me,Sad
a girl with whom i was staying having sex with a person for about nights running and then with his brother the following night and back again,Disgust
during an argument an acquaintance accused me of having insulted her parents by having had sex in their house which they overheard,Sad
a girl whom i hadnt seen for a period of time told me that she had been pregnant and had an abortion i was the father,Sad
when my boyfriend last told me he loved me after i gave him an impulsive kiss,Happy
when my boyfriend was leaving to go home one night i had a very deep sense of uneasiness and an unwarranted fear that i wouldnt see him again,Fear
anger with boyfriends best friend for alienating me and blaming me for personality changes in my boyfriend and changes in my boyfriends attitude to him and his obvious egoistical attitude himself in doing so i also lost one of my best friends his girlfriend,Angry
death of paternal grandmother to whom i was very close died of cancer,Sad
disgust with oneself after being intoxicated enough to go to bed with a stranger,Disgust
i feel shame every time i think of very dear friends of mine abroad who were family to me for a year and now years later i have attempted but have not actually gone through with corresponding with them to express my feelings and gratitude,Sad
after being told that an exboyfriend had been hurt by my wearing something he had given me when i was with another guy i was unaware of my actions really as i had not considered the fact that he had given it to me and might see me i still respected his opinions of me,Sad
when i thought that my high school love and i had a mutual emotion,Happy
i was on my surf ski rather large waves to strong current separated me from my ski and we both began to drift slowly actually rather quickly away to sea the direction i was drifting in was taking me straight over a reef on which rather large sharks were constantly being caught i was alone with no one to help me,Fear
i was enjoying the company of bird life while i was eating lunch in a park when a group of people began throwing sticks at some of the birds for no reason other than the satisfaction of seeing them being scared away,Angry
when i left my sisters house after staying there for a few days she has two little boys and they are very warm people the family at the time i was in need of this sort of contact and i grew very fond of children no im not a paedophiliac,Sad
when my father revealed inconsistent morals,Disgust
when i woke up after a night of drinking i couldnt remember and discovered several untoward things had occurred,Sad
leaving home when my mother thought i had no reason to go and felt that i was rejecting her she is a constantly depressed person a bit of a worrywort and i felt guilty about having given her this additonal problem,Sad
id just got the top mark in an exam,Happy
my brother and i were driving to brisbane when he drove back onto the road perhaps cutting off another car but not noticeable this driver did his best to drive us off the road for about an hour,Fear
i was at the corner shop which i patronise regularly i had only a note and i purchased about worth of goods that i really needed the keeper made sarcastic remarks to others about people using him to cash notes,Angry
my mother died of cancer after a year illness i think the most pregnant moment of sadness was the next morning just as the sun rose,Sad
a lecturer in great detail spoke about his sexual experiences,Disgust
i was walking outside the union refec after rain when i tripped and fell,Sad
i stole c from my mothers purse for a choochoo bar i was,Sad
on a sailing boat at night under a full moon listening to pink floyd drinking good wine with good company the boat being steered by autopilot and a full eclipse of the moon,Happy
fear of sexual overtures from a close relative in the family,Fear
when my rights to use a shared house had been usurped by coowners out of pure selfishness,Angry
at rejection being ignored by a loved person held in great esteem,Sad
viewing the nuclear war film threads,Disgust
following heavy stirring ridiculing a close friend who was very vulnerable to such attack inspiring fierce defensive counterattack,Sad
guilt at having pressed another person to exposeexplore his personal weaknessesfaults to the extent that the other person was made to feel terribledefensive,Sad
family member survived an operation,Happy
i was walking to my car at night and thought that i was being followed,Fear
i walked in on a teenage patient of mine i work in a hospital as he was going through my office drawers and he had removed money from my purse,Angry
death of grandmother,Sad
when i became aware that an acquaintance had stolen from friends,Disgust
caught cheating on a diet,Sad
i had shown anger toward my dog and he was killed later that day,Sad
a close married friend has just had his first child,Happy
stranded in the north of fraser island with a submerged wd hire vehicle,Fear
not being alowed on a school camp with the class id been in for years i had stayed down due to illness,Angry
at the funeral of a friend about years old who was killed in a hitandrun motorcycle accident,Sad
a female friend was violently ill on the return journey from a wedding reception we attended getting her out of the car when home took quite a while,Disgust
cheating in a minor geography exam at school,Sad
i wasnt able to see my girlfriend on her birthday and because i was late arriving home from uni i didnt phone her as arranged at a certain time she rang in the meantime,Sad
having received an offer to do postgraduate work,Happy
taking a trip to crocokile country i fell out of the boat and was motivated by fear of being eaten to perform great swimming feats,Fear
last night finding that someone in the house had eaten an entire packet of almonds i had bought for a family treat,Angry
the loss of my father as he died of a massive and sudden heart attack,Sad
when after a party celebrating a friends st birthday upon leaving i found people outside throwing up and further unconscious,Disgust
having had a very heated argument with my sister i began hitting her about the head with a newspaper i was holding,Sad
a situation where i stole a friends wifes wallet,Sad
winning a tight tennis match one set to play and the team was behind by games we won the last set and won the match by a game,Happy
when at school i threw a duster at another child and hit him in the head the blow caused a flesh wound and i was afraid of what would happen to me when the teacher found out the circumstances,Fear
finding that a subordinate at work was still not willing to cooperate after discussions to try and resolve an attitude problem,Angry
death of the family dog,Sad
we had friends to dinner and one of them threw a beer bottle in the air and it bounced on an expensive table and damaged the table the person did not apologise,Disgust
after making a joke about a friends marriage that was too personal,Sad
carried out a vandalistic act on some windows at an old army location,Sad
arriving in new zealand as a teenager first overseas trip something exhilarating about the change of scenery etc,Happy
as a child ie hiking in reasonably rugged bush and becoming lost for a duration of hours,Fear
following an argument with my brother he broke my golf clubs,Angry
leaving the house myself and a female friend had shared for months because of the friendship which developed and our approach to each other in occasional instances of several personal crises,Sad
discovering a good friend had lied to me resulting in a detrimental relationship with another person,Disgust
no specific instances perhaps having lied as a child resulting in someone else being blamed for the event,Sad
leaving university in following exclusion and lying to parentsfriends about reasons for leaving ie lying about the fact of having been excluded,Sad
going to a friends wedding and seeing many of my old friends whom i had known before i moved to a new district five years previously,Happy
car accident travelling as a passenger along narrow bitumen road at night trying to overtake semitrailer the truck pulled over onto our side and we hit the wet dirt swerved back into the truck back onto the verge over a guide post and into a ditch,Fear
at school when i had a shouting argument with a friend over my ability to carry out a particular duty in the correct way without harming her,Angry
looking up endofsemester results and finding id failed three out of seven subjects,Sad
when i found out some family friends were embezzelling the company they worked for using company petrol and food supplies and claiming furniture and crockery,Disgust
when my best friend foud out id been lying about something id been doing behind her back,Sad
after having told an authority figure a very large lie i was told she believed me because she believed i had never lied to her,Sad
after being away on a holiday for months a friend who lived interstate had remembered when id get back and phoned to welcome me home on the night of my arrival,Happy
walking along with a dog barking at you and following you,Fear
doing a group assignment and being left to do all the work and take the blame for any mistakes,Angry
after training for an australian championship competition for a year and then injuring myself weeks before the competiotion,Sad
someone ruining someones property just for the fun of it,Disgust
a friend giving me an expensive christmas gift while i gave her a cheap one,Sad
talking about someone behind their back,Sad
i was captain of the school swimming team the team was only two points in front before the last relay we won the relay which i swam in and thus my team won the championship,Happy
i was in about grade i came home from school one day and was told that my mother had skin cancer and would have to go to the hospital straight away,Fear
brother provoked anger it was when mother and father were away and we had to look after ourselves he accused me of being selfish and a snob,Angry
shifted from melbourne to brisbane all my old school friends gave me a party and i had to say goodbye to them all,Sad
was picking up my father from work and on passing through the valley watched three prostitutes walk up and down waiting for someone to pick them up clothing was disgusting,Disgust
had a very good friend we grew apart i found myself running her down to other friends,Sad
guilt after fighting with my sister for telling her how bad she was,Sad
when i won the under showjumping at the brookfield show the competition was very stiff and there were many riders competing,Happy
when i was on holiday walking back to where i was staying at night and two men started closely following me there was nobody around that i could run to,Fear
when my mother and father split up i was angry i felt deprived and different from other children at school,Angry
i was terribly upset when my kitten got hit by a car he didnt die but for several weeks we thought he might have to be put down,Sad
when i heard that one of my good friends when at a party had got herself involved with some very undesirable characters and was experimenting with drugs,Disgust
when i hadnt studied for an exam so i pretended to be sick so i wouldnt have to go to school i lied to my mother she realized i had been lying when she got home from work and found that i had been over to a friends place,Sad
when i was young i stole some money from my mothers purse it wasnt very much but i can remember when she found it gone i felt very guilty,Sad
day i received my te score and acceptance into my chosen course,Happy
first day at university i didnt know what to expect,Fear
at a school dance when my supposed best friend kept walking away from me whenever i came near her,Angry
at end of school function to celebrate leaving friends who id known for up to years,Sad
while watching a film of an experimental operation on a cats brain in which the cat had metal pieces protruding from its eyes mouth etc to keep the head stable while being cut open,Disgust
when my mother asked me to do a job for her which does not require much effort on my part yet i refused for selfish reasons and saw her have to do it,Sad
after having been told not to take the car i took it anyway and felt guilty about having taken it,Sad
eating biscuits and drinking milo chocolate energy drink made with milk and usually drunk warm with my friend at college we get on really well dont withold any feelings about each others friends and are pretty good at cheering each other up when we are homesick,Happy
going to a disco by myself to wait for some friends we had separated and hadnt planned where to meet i wasnt sure if they were even going to this place so i felt very conscious of being alone,Fear
a person ignored my advice did not pay any attention to what was saying she acted as though i wasnt even there we were doing group work so everybody had the right to speak yet she just ignored me she made me feel insignificant,Angry
a friend of mine is having psychiatric problems because of his mothers death ages ago he is really quiet and because it relates back to his childhood i feel sadness for him he doesnt lead a normal life and it just seems unfair,Sad
at school when the only thing people my age could think of was getting rolling drunk they couldnt have a good time without firstly getting drunk,Disgust
a girl i was with yelled something out to this group of guys i knew it sounded really childish,Sad
i didnt tell my parents exacly what had made me so late in getting home one night i left out some details and somehow i felt i had lied to them,Sad
getting a good mark for a subject i had worked hard at but expected only a moderate mark,Happy
when cleaning up a pile of junk under our house a huge spider a jungle spider ran out near me i do not like even small spiders,Fear
at the hardware store trying to convert imperial to metric measurements i made a mistake and didnt buy enough tiles for the bathroom i was angry at myself because i hope to be a maths teacher,Angry
my father died last year after an week severe illness,Sad
during the py film session on tuesday one of the films shown was of an experiment on a live cat involving strapping it into a machine for possibly days and doing things to its brain,Disgust
several years ago i was caught riding the train without a ticket the stationmistress treated me like a criminal almost,Sad
i was walking quite quickly and unthinking through a childrens playground when a toddler ran in front of me i knocked him over and he hit his head quite hard and began crying,Sad
i got a good reaction from my tutor and tutorial group for a presentation id given that i was very worried about,Happy
a man was yelling outside my window at am yelling threats though not to me,Fear
going away for the weekend leaving my college room open when i returned several friends had had a party there leaving the mess,Angry
passing away of my father,Sad
at a party where the boys were telling revolting stories about the girls theyd been with,Disgust
getting slightly intoxicated at the icc ball,Sad
i felt guilty about going out when i should have been studying for a presentation i had to give on wednesday the next week,Sad
when i received the results from my final examination higher school certificate and received a mark that was beyond my wildest expectations,Happy
walking around the university at night by myself having been previously warned of rapes etc,Fear
when i received the mark well above requirements for the course i wanted to enter yet i was not accepted anger at the injustice of it because i didnt receive early release of hsc marks,Angry
when i left all my friends at school break up knowing we would probably all go our separate ways and none see one another for a long time,Sad
at my father when he yelled and accused my sisters friend over the phone of doing something he didnt do or know anything about,Disgust
when i was little and didnt own up to placing a lolly on the varnish this pulled it all off and i didnt admit my guilt,Sad
i felt guilty when i skipped a two hour practical class i knew i would miss out on more information which i did not know but i couldnt cope with going,Sad
got through first semester university,Happy
at the tender age of eleven a friend and i left a party and proceeded to walk through dark and secluded streets of a bad neighborhood to find a telephone recent spate of horror movie watching had occurred,Fear
in a situation whereby a friends actions were deliberately against my wishes and with no regard to my feelings,Angry
i broke up with my boyfriend of seven months but it was a very indepth relationship and so after feelings of grief and loss were over i felt an immense sadness,Sad
a situation where i ignored my beliefs and principles for a trip of whimsy,Disgust
i bacame involved with a boy for a very brief moment not because i liked him but because i needed some sort of company the consequences werent as i expected and caused me much shame,Sad
ignoring my parentswishes,Sad
getting back with my boyfriend after a year away apart,Happy
having my luggage checked at customs,Fear
when a friend wouldnt speak to me and wouldnt tell me why,Angry
thinking about friends overseas,Sad
hearing of a filthy situation over the phone,Disgust
sending pictures home when id put on so much weight,Sad
borrowed someone elses towel without asking,Sad
when i opened my te score envelope and saw i got into physiotherapy,Happy
when i was bringing in the shopping and nearly stood on a snake,Fear
when i was accused of bitching about best friend,Angry
at our senior dinner separated from school friends nothing will ever be the same again,Sad
at a night club watching little tarts trying to earn a living,Disgust
when i was little mum caught me telling a lie about who broke the cup,Sad
when i used to tell mum i was going somewhere else than where i was going,Sad
when my brothers had passed all of their exams and were able to graduate from their courses,Happy
when i was caught in an elevator and it got stuck between floors,Fear
when i was put into a tennis team below my standard,Angry
when my father died,Sad
when i have seen people very drunk and making fools of themselves,Disgust
when my friends were rude to a girl,Sad
when i was rude to my mother and got angry with her,Sad
when my present boyfriend asked me initially to go out with him i had waited a long time for this to occur,Happy
when somebody broke into our home one night when my mother was out and my sister and i had just gone to bed,Fear
when my sister lost my favourite jumper at a party and failed to tell me for several days after it happened,Angry
when my father passed away of cancer i was extremely saddened he was not very old which made matters worse the actual death was horrendous but the moving funeral saddened me more so,Sad
when walking along the beach with my boyfriend we saw people having sex on the sand dunes in full view of everyone it was the fact that they chose that area in which to have sex that disgusted me,Disgust
when i told my sister i had slept with my boyfriend and she at first was mad at me i then felt shame for this act but not guilt,Sad
i stayed at the coast for a weekend with friends my brother came to drive me home but was rude and in a hurry to rejoin his friends i was embarrassed because the family involved was extremely nice and hospitable to him,Disgust
i allowed my then boyfriend to touch me if only briefly,Sad
i ate biscuits one night after tea while watching tv i dont know why,Sad
when i saw my brother in church and publically accept jesus christ as his saviour and lord,Happy
i was seven years old and swimming outside the flags at the gold coast i was caught in a rip and taken out about m i couldnt swim too well but an older friend swam out and saved me,Fear
while at school i had to write an essay for doing something wrong that i didnt do i wrote the essay about how i was mistreated and got saturday morning detention along with a few other kids but they didnt show up,Angry
when one of my closest friends died unexpectantly,Sad
when i saw a male engineer one year and came back to find he was now a female i dont know itthem personally,Disgust
when dad went to a sports day and was the only parent there and he was cheering for us,Sad
we owned a shop and i used to serve in it occasionally we sometimes took lollies out of the stand and dad caught me one day,Sad
on holidays just driving along a road beautiful scenery just with my boyfriend not really talking but just feeling overwhelmed,Happy
lying to a friend about something that was trivial,Sad
i had promised to do a task for someone that was close to me and from the outset i knew it was important that i do it but when it came to it i let them down,Sad
good news about a sick relative,Happy
walking in the dark by myself,Fear
getting terrible meals but paying heaps for them,Angry
when felt lonely about writing my family,Sad
person talking about a situation while eating,Disgust
felt it after i spoke terribly got mad at the person who is the most important in my life,Sad
not giving up something for lent,Sad
when i received my te score and my acceptance from university it had been a goal since i left the bank a year earlier,Happy
every time i see a spider or a snake,Fear
my younger brother and i had been fighting over the tvvideo he kept on turning it on and off every seconds and was not listening to my authority and was being cheeky we fought and i ended up in tears hed won,Angry
the first time i left home,Sad
on a camp boys and girls in one cabin one guy forced himself upon another girl and was having intercourse while the girl in the bunk beneath was pretending to be asleep and not be ill,Disgust
when my new jeans split while i was with the youth group,Sad
when i was i told mum i came in at midnight when really it was,Sad
cant remember specific event besides just being moderately happy until a year or so ago,Happy
left alone in dark when young,Fear
cant remember exact example,Angry
close relative is dying of cancer found out last week,Sad
doctors ignored relative who complained about pain and is now dying of cancer,Disgust
one of my best friendsfianct broke off the relationship because his feelings for me were stronger than for her i felt the same for him but did not really encourage him to leave her or stay with her still felt shame,Sad
after the fact that made me ashamed i felt sadness,Sad
a person that eat half of a cockroach in a cake without knowing it,Disgust
a situation where we were the center of attention and things happened without my control on them that showed our disagreement and ignorance,Sad
when i let a person assume a fault that i committed,Sad
when finally i found a place to live i felt relieved predicting changes in my life and i became happy,Happy
when i dreamed that i was being attacked by a friend,Fear
when i was left by the person i loved without any reason,Angry
to fight with a sister and to know that she doesnt care,Sad
to be kissed by soembody i didnt expect to,Disgust
a day when i was getting out of the shower i covered only the front part of my body with a towel i was years old and i didnt see that my cousin was in the room,Sad
when i finished a love affair where i was responsible of the sad end,Sad
i felt it when i received a letter telling that i had been classified in a national concourse of p i felt happy and vanity about it,Happy
i felt fear when once i was asleep and dreamed that i was dying asfixiated by a cardiac attack i was afraid and woke up desperate altough i wasnt afraid of death i was afraid,Fear
i feel it when i see that somebody is traying to made a stupid of me,Angry
i felt it when i was at home and saw a discussion without sense between my parents,Sad
when i see all the putridness of people the fact is the catarrh and spits that whash the streets of spaulo,Disgust
i felt it when i felt that i was being observed as an object of pleasure sexual when i opened and took off a shirt in a classroom at pvc,Sad
i felt it when playing i pushed my brother and he fell down cutting himself in pieces of tile,Sad
when i asked my girlfriend to marry me,Happy
when i almost drowned myself in the municipal swimming pool that i use to go almost not excaping,Fear
i was with my girlfriend when some guys that i dont like made fuss at my girl,Angry
the death of my grandfather,Sad
to go through the underground way at suburb station of lapa poor people and the ambulants badly dressed up in a passage badly kept,Disgust
in a fight with my girlfriend in a luncheonette where everybody stared at me in such a way that i had to leave it,Sad
i pointed a failure of a friend of mine,Sad
when i met a friend that i hadnt seen for some time,Happy
when i got in jungle where there was a great number of snakes,Fear
when an unknown person provoked me verbaly and physically,Angry
when my team lost a championship,Sad
a dirty person smelling bad and unknown laying on me,Disgust
i confused a girl with another,Sad
once when i complained i caused a great discussion between my parents,Sad
when i began to date a boy with whom i am till now this was months ago,Happy
i learned that my girlfriend had been unjustly missed from work,Angry
i got separated from the man i loved,Sad
an acquaintance of mine revealed himself in a light unexpected to me,Disgust
once as a school girl i was copying at a class work and my teacher spotted me,Sad
i was in a sanatorium in front of me a boy fell down from his invalids chair i could help him but i didnt i felt like being paralysed,Sad
when i took my entrance exams successfully and also when i got my school leaving certificate because the delivering ceremony was extremely official,Happy
when i was to sit for my first entrance exam i had fear of a possible failure,Fear
i was indignant at the unimpartiality shown by the referees at the football match between bulgaria and france,Angry
when i got separated from the man i loved so much,Sad
when i was watching some scenes from the bertoluchis film twentieth century,Disgust
when i was a school girl and i copied at a class work,Sad
when i have sometimes been unfair to my parents when i have happened to deceive them over some trifling things,Sad
when i was admitted to the sofia university,Happy
when i come home late at night,Fear
when i talk to silly pettyminded and unmanageable people,Angry
when my friend girl went abroad for two years,Sad
when i happen to witness some sadistic acts,Disgust
when i have a plain appearance,Sad
when someone is accused or punished instead of me,Sad
i was admitted to the university and a niece was born to me,Happy
i was bitten by a dog,Fear
my grandfathers funeral,Angry
i was alone at home on new years eve,Sad
i was on a walk with my child when i met a drunk woman,Disgust
i was unaware that i had walked the streets in torn trousers,Sad
once i worked as a designer a fitter was hard hit in a damage that occurred at the building site i had designed,Sad
my admittance to the university,Happy
a grenade blew out next to me,Fear
an unjust calumny concerning me,Angry
unrealisation of the desired profession aviator,Sad
disgust with a subordinate,Disgust
i lied to a friend,Sad
betraying someones trust,Sad
friends fianct left her for me,Sad
winning queensland chess championship,Happy
when in a car accident where car was total wipe off wipe out or write off,Fear
with self at losing an important game that i should have won,Angry
death of grandfather unexpected,Sad
someone smoking on electric train electric trains are nonsmoking with alcohol smell coming from person,Disgust
when bathing at surf beach lost togs,Sad
promising someone to do their job and then not being able to do it due to transport troubles,Sad
receiving a very personal letter from a lady that i like which revealed that she was more enthusiastic about me than i had thought possible,Happy
introducing myself at a first tutorial this year at university,Fear
i was angry at a university tutorial when an ignorant loudmouth persisted in trying to dominate the conversation,Angry
i left my home in melbourne to come to qland to study and before i hopped in the car i hugged my mother and shook hands with my father sensing immediately my fathers sadness i also had a flood of the same emotion,Sad
when one of my parents verbally personally abused the other,Disgust
i felt something akin to shame after a heavy night of drinking along with waking up with a woman i had just met whose husband was an epileptic i was later to know that she knew my mother,Sad
i felt guilty about talking negatively and agreeing with a person who was doing likewise about a nonpresent third person,Sad
being in love for the first time,Happy
as a child stepping on a rusty nail being told that i might get tetanus,Fear
as a child about years old walking across a paddock being set upon by another boy who claimed it was his land being intimidated by the boy crying being punched etc,Angry
as a child having a dog it getting a disease and dying,Sad
being in a malaysian city with my girlfriend coming out of a picture theatre seeing her rush up to a taxi that a very old sick man was trying to get to seeing her take over the taxi,Disgust
as a child being sent to the shop by mother buying some chocolate getting caught by mother,Sad
as a child accidentally stepping on a pet guineapig it dying,Sad
when i achieved my first at university after a long string of s s and s is the highest mark awarded is a conceded pass,Happy
one night going downstairs and hearing a strong stirring of brances which was not the wind,Fear
i was informed by my flatmate that when wed moved into our flat shed expected us to buy our food separetely this event actually happened some months after our sharing began prior to this she had said nothing,Angry
having to decide on a termination of a pregnancy after discussing it with friends family and the man involved,Sad
when a friend didnt invite her own parents to her graduation ceremony,Disgust
saying something quite rude but in jest about a photograph of someone but it didnt quite turn out that way,Sad
when i was about years old i borrowed a can of drink from the refrigerator intending to replace it later that day but it was found missing before i could do anything no one owned up to its disappearance,Sad
when i was a child my beloved cat gave birth to four beautiful little kittens before she had them she came up to me and i followed her out then witnessed them being born,Happy
on embarking on university life i came from a different city and did not know anybody at the uni i was frightened because my well known and loved friends also all my security had been taken away,Fear
when my brothers were being cruel to my boyfriend because his flatmate bent back one of my brothers fingers it wasnt his fault,Angry
upon moving away from home for the first time to a different city i felt no longer under the wing of my parents even though they would always be there to help me i felt a sense of loss i was now all alone in the world responsible for my own actions,Sad
i was sitting at a rock concert listening to an extremely loud band a tiny baby in a crawler had been left by his young mother right out in the sun next to a speaker and was screaming probably in pain,Disgust
because i was lazy and unthoughtful i did not get into contact with a very close friend when she shifted from the gold coast to brisbane for a month despite her efforts to contact me i felt shamed when i finally confronted her again,Sad
when i felt i had let my parents down especially my mother by having sexual intercourse for the first time and a few times after that also when i went on the pill,Sad
the weekend after i argued with my parents i went home again and they couldnt have been nicer as soon as i walked in mum kissed me then dad and thanked me for the birthday presents id left for him including a very sentimental birthday card,Happy
before uni started i had to leave home and take up residence in brisbane the big smoke leaving home my family and moving to such a big place was quite intimidating at first and i was anxious about it,Fear
my flatmate was asking questions about my relationship with my boyfriend whether i wasnt treating him as unfairly as i claimed hed been treating me as a result i was angered and became defensive,Angry
a very close friend from victoria visited me over the holidays having enjoyed his company immensely over short days i was overwhelmed by sadness when he left to return to victoria,Sad
one of my flatmates and i came back to the flat monday morning to find a real mess left by the guy we share with,Disgust
first weekend back home after one week at uni i scolded one of my sisters best friends for using our telephone very silly but i was annoyed because she was there at a time when i needed to be with my family,Sad
when my bictorian friend was staying at my house we ere going places together and sleeping together at the time i had a boyfriend locally the first time i had to face him after sleeping with the guy from melbourne i felt very guilty,Sad
joy of giving birth and of sharing that joy with my husband moments of complete happiness and feelings of so much love,Happy
attempted rape by guys held my arms behind my back and molested me constantly threatening to beat me penetration did not occur as the driver of the car stopped that,Fear
anger at doctors for their treatment of me after giving birth they left part of placenta behind and i bled heavily for twelve weeks due to this i felt weak and emotional and they said i needed psychiatric treatment and give me no support,Angry
when my son was diagnosed as having cerebral palsy at age he would have to endure so much labelling stigma and discrimination even though his case was relatively mild,Sad
i have an adopted aboriginal sister i felt disgust due to the racism she has been subjected to,Disgust
i cant remember ever feeling shame,Sad
when i decided my first marriage had ended and left with the child i felt overwhelmed by guilt as i was separating mother and child,Sad
receiving notification that i had made a successful application to the speech therapy course at uni gave me a very good feelig of achievment and joy,Happy
not included on questionnaire,Fear
my exboyfriend began to date my best friend after they had been seeing each other i found out that he had been sleeping with another girl without my friend knowing i told my friend what he had been doing behind her back,Angry
my mother left my father for his best friend and he moved to papua new guinea despite the fact that i am closer to my father than to anyone else in my family i had to move in with my mother and say goodbye to my father not knowing when i would see him again,Sad
when i discovered my mother had been having an affair with my fathers best friend and then ran away with him without even speaking to me about what she was doing letting me come home from school simply to find her gone i was filled with disgust and contempt,Disgust
i recently became sexually involved with my sisters lover i care for him very much but i am ashamed of the hurt i may cause her,Sad
i once stole a shirt from the department store in which i work i have been promoted to work in a very privileged section of the store their belief in my integrity makes me feel even guiltier,Sad
seeing a close friend who had just returned from twelve months overseas,Happy
finding myself alone in a public toilet block with a man known to have had great psychological disturbances,Fear
after seeing an uncertain child work on a model for several hours i watched a bully of the same age destroy it telling the child that it was worthless,Angry
leaving home to move closer to university as an oldest child this experience was traumatic for both my parents and myself,Sad
viewing the results of senseless vandalism to a local primary school,Disgust
i slept with a man purely because i found him physically attractive and was under the influence of alcohol,Sad
inventing a fictitious series of events as a result of which i ended up in a conflict with my two closest friends,Sad
when i finished my exams after th grade i was worried about getting a te score high enough for physiotherapy when i found that i had been accepted i was ecstatic or more appropriately could jump for joy,Happy
when going for my drivers licence for the third time because everything it seemed hinged on getting it i was really nervous and the testing officer made me a little afraid as well there were lots of things to worry about i passed however,Fear
when a socalled friend let me down when she promised to tell me when a certain concert was occurring and that shed get me tickets i was really looking forward to it she did nothing just told me out of the blue one day what a fantastic concert it was going to be,Angry
when my family heard that my mothers cousin who lives in england wrote us to tell that he had cancer of the lymph glands,Sad
when i found out how the people of ethiopia were starving and their government was spending millions on celebrating being in power so many years then i saw all these people on tv needing food etc,Disgust
i went to visit montrose home for crippled children to interview a handicapped child i interviewed two boys and it went really well i promised i would visit them but never got the time now i hope theyve forgotten me but i feel ashamed of letting them down,Sad
i was driving my parents car into a carpark in front of a shop we own and scraped the corner of the front panel on the back corner of my fathers utility i didnt tell anyone i lied about the bump later i had to confess,Sad
two years ago somebody i like very much wanted to give up his studies i tried to make him understand the importance of what he was going to do not only of the difficulty to find a job but also because he will decrease his culture etc this person made the test to the college entrance examination and to our great joy we found out that he succeded in entering at the university,Happy
one night when i got out from the university i saw two strange people near my car when i got near they moved away and then came close again i had a feeling that they were assaulters after i left i discovered that the windshield was broken,Fear
one day in a crossroad somebody crashed my car i got out and this person laughed at me i felt such a great anger that i got in my car and went away,Angry
i dont know why suddenly i thought that what i was feeling for my boyfriend was not really love after almost three years being together this matter of fact shaked me and i felt a great sorrow that i can call sadness,Sad
returning home in the late afternoon i saw an indecent act made by a man with the purpose that i saw it,Disgust
in a school parting we agreed to go to a restaurant we met at school and we separated us in several cars my car broke and we arrived late all those who already had arrived stand up and applauded us when we entered two hours late all the restaurant attention was turned on us,Sad
when i was a little girl about eight years old i broke the bey from a closed mother asked who did it i said that it wasnt me as i almost never lied and my brother did it more frequently in spite my brother denieing it my mother gave him a few slaps,Sad
when i entered at the university,Happy
one night i and my friends went to the cemetery we stopped the car in front of the wall and suddenly the grave digger appeared over the wall looking like a ghost i was already afraid and almost died,Fear
when one teacher unjustly gave me zero in a test saying that i was cribbing,Angry
when my grandmother died,Sad
i went to a restaurant with my boyfriend for dinner there we saw a couple the man of the couple was a negro and he hadnt manners for eat,Disgust
when the teacher asked me to read my composition that was the homework i stood up and invented one because i hadnt done it a colleague saw that in my copy book there was nothing written and he accused me and so i was called in the directors room,Sad
when i took away my best friends boyfriend,Sad
when in the end of a semester i got the approval in a matter that i judged very difficult,Happy
crossing a street of several ways the cars began to move and i thought that i was going to be trampled,Fear
i went to the school library and asked for a book but the librarian told me that there wasnt such however when an other colleague asked for it she gave it to him,Angry
some colleagues decided to go out on a saturday not inviting me to decide either the place nor the time,Sad
a teacher giving a test was called by a student by his first name he the teacher said that he didnt give him this liberty,Disgust
one day in the intimity with my girlfriend i had an ejaculation,Sad
when i answered to my mother with rudeness,Sad
the situation in which i felt happiest in my life was when i was with the person i love for the first time,Happy
fear of thief,Fear
i feel anger when somebody forbids me to do something,Angry
i felt sad when i was despised by another person,Sad
i felt disgust of dirty,Disgust
shame of not doing something well,Sad
i felt guilty when i couldnt help a person,Sad
when i got through the examination for my driver licence and when i finished i knew i had passed it,Happy
i was inside the car with my husband and we were assaulted with a gun at oclock in the evening,Fear
when they changed my office to another room without my agreement,Angry
i couldnt sleep and began to remind of my childhood we are many sisters and at that time we were spanked a lot and i dont know why i started to remind of the spanks they and i had had their shouts when this happened,Sad
when i red a report in the magazine vesa about an iranian telling what she had lived in the prisons in iran i felt disgust about that people,Disgust
i made a comment that at the moment didnt fit,Sad
when my niece was years old she was in the living room while we were fixing the table for a birthday party and as every child she couldnt stay calm she burst a balloon when i told her to be quiet her father pinched her i believe if i hadnt said anything this wouldnt have happened,Sad
i was in ilha grande with a wonderful sun with wonderful people with a wonderful sea with a wonderful boy,Happy
when i was looking for a job i felt a lot of fear but the fear was greater when i found it,Fear
this feeling occurred to me when my colleague entered in gv university and i didnt,Angry
when i applied for the college entrance examination to fuvest and i wasnt approved in the second fase,Sad
i had this feeling when i met a girl not that she was dirty but she was to fresh dump and childish,Disgust
i was very fat and was ashamed of my body,Sad
when my exboyfriend didnt want to sleep with me anymore and i insisted we made love but he felt very badly and i felt guilty,Sad
i felt happy when my mother borrowed me the car in order to let me go out alone for the first time,Happy
i felt afraid when i smoked maryhuana for the first time in my life with a lot of friends in the middle of the street at day brake,Fear
i felt anger when i had a fight with my father and he beated me my mother came to help me because i was beeing beated and he also beated my mother,Angry
it happened when i lost two very intimate friends in a car accident,Sad
i felt disgust of my father when i knew he had a lover,Disgust
when my mother found out that i smoke maryhuana,Sad
i felt guilty when i stole the boyfriend of a friend of mine,Sad
always when i am well succeded,Happy
when there is danger nearby,Fear
i feel anger when things dont come out as i wish,Angry
when i couldnt go for a trip with my friends in a holiday,Sad
disgust of drunkers and of blood,Disgust
shame of being reprehended,Sad
when i shout at a colleague in classroom,Sad
when there was a possibility of getting on better in professional life i valorized very much this aspect people showed me this possibility not the real fact even because until now,Happy
when i was curious about it and went to a spiritism session with a friend i had already been there other times many times when i was younger but that day even if i dont believe in spiritism i was terribly afraid that something would happen to me sort of incorporation,Fear
when they denied a job to a person that i propsed giving political reasons that has nothing to do directly with the professional level,Angry
during an informal talk with a friend when we talk about the life of another person a common friend that is in a situation of not being able to assume certain problems that he decided to solve that is she herself suggested the problems and decided to solve them but didnt get it until the moment,Sad
when my friends and i were camping in a weekend and with little food we met a middle age couple from a small town that invited us to eat in their house their house was small badly built with old and dirty forniture and utensils the problem was with pans and dishes and even the food,Disgust
when i went to meet the family of my boyfriend in a party in his house his mother was eager to know me and all his friends ready to make jokes about the situation,Sad
when i met another person i began to go out with him and my boyfriend with marriage accorded met us together he did a great scandal he broke the engagement and i began to go out with the other and it didnt work because my mind was all mixed up,Sad
when i got a wedding ring of diamond from the boy i loved,Happy
afraid of getting alone without friends without anybody,Fear
when they stole my dark blue tennis,Angry
when i became conscious that men dont wnat anything they dont have a goal they have sex but this isnt important,Sad
when i went in a clinical hospital and saw in what conditions people are attended there,Disgust
in the last day of carnaval i met a boy and began to flirt with him i was in love with him when he introduced me to his friends i died of shame because i was with them before i met my boyfriend in carnaval,Sad
when i didnt pass the examinations for fuvest i felt myself guilty for i should have studied i had the opportunities and i drew them out,Sad
when i met again a great friend and talked a little while with him when i see again another i miss,Happy
i feel afraid of the way a great friend looks at me and also a little afraid of the directions that its going,Fear
i felt anger of a friend when she met a date and become nervous and pest as she always gets when she meets him,Angry
when i knew almost the same day about two great friends of mine that had serious existential crisis and mainly when i notice that im in the same situation that they are but i didnt realize it,Sad
when some friends and i get acquainted a guy during vacations i thought he was disgusted and a friend of mine for whom i feel a little disgust wanted to stay with him,Disgust
i felt shame when i had to talk with a person that i hadnt seen for many years shame that he wouldnt recognize me or that i wouldnt know what to say,Sad
when i wished secretly and lied to a friend of mine because i didnt want her to stay in my house on the beach as she always does and wouldnt stick on me,Sad
when i entered university,Happy
i have been afraid several times what marked me was that i almost didnt enter university,Fear
im crazy about football when my team lost a goal in the paulist championship and so it lost the classifications,Angry
when my grandmother my second mother died,Sad
when a girl that i liked didnt accept my curting,Disgust
when i had my first sexual relation and it didnt work,Sad
when my father had a serious fight with my sister because of me,Sad
when i met a girl and asked her for a date and she agreed i thought this girl would never like me this was an emotion of joy,Happy
the same fact about the girl years married guilt disgust the fear was the main factor in our relationship,Fear
about the car sadness i felt anger the way i acted after negotiating it,Angry
to buy a car and didnt like the business and the car,Sad
i met a girl years old married i liked her i asked her for a date and i kissed her i discovered that she lived nearby where i passed every day i got amused thinking that her husband would be or me i didnt talked to her anymore,Disgust
when my mother looked in my drawer where i keep my personal things and she found some porno photos that i have kept from more than a week and split it,Sad
about the girl years married i felt guilty of the relationship,Sad
i felt joy when i red my name in the list of the approved in the entrance college examination,Happy
i was visiting my parents in law when the house was invaded by three strange men and they committed an armed assault,Fear
nearby the end of the year my wife and i were having a car ride when it appears another vehicle driven by a drunk driver and provokes an accident,Angry
to have a friend who i didnt see for months and under the circumstances that i met him made me feel happy and perhaps because it has been one of the good things that i learned with this friend,Happy
when i left a carnaval ball at oclock am i was alone in a foreign city and i had to go back home when a guy appeared and tried to catch me,Fear
the fact that i hadnt been informed about something and i had the greatest trust in this person,Angry
a friend of mine lent me his apartment for holidays and besides this he was a fine person months later i knew that he died tragically in a moto accident he was very young and i felt sad and couldnt believe it until today,Sad
in contact with a poor family of northeast it was offered to me a crab to eat at my request but the fact that this crab was prepared antihygienically and his appearence was also antihygienically it caused me disgust but i ate it anyway,Disgust
it was my birthday and all the members of the group made me a surprise in a public place at pm giving me flowers and suvenirs,Sad
attending to a demand made by a client i work in a bank i suggested her an application of money in a week ahead but i informed her wrongly the client arrived a week after and the application wasnt made and she lost with this a lot of time and money,Sad
when after a long time of searching i got my first job,Happy
after some time of work i was transferred to another place and in an other quite harder job,Fear
when i used to go to my chief asking about any doubt about the job and he didnt care didnt answer me leaving me speaking alone,Angry
when i knew that a person that i liked very much didnt react the way i would like to even that i knew about his feelings for me,Sad
when i knew that a person who i didnt like had about me other feelings,Disgust
after lot of explanation to fail in my work,Sad
my brother and i were at home watching a tv program when i started to tease him and in this joke i hurt him without knowing the seriousness of it i went on he got angry and gave it back to me at this moment i felt anger at him but knowing that it was my fault,Sad
when a person that i like very much got near to me,Happy
i was at home alone and heard noises on the roof and doorknobs and drawers,Fear
when a person is privileged in account of situations that are unjust and disloyal to colleagues and friends,Angry
when i was betrayed by a friend and decided to stay apart form her,Sad
after a serie of facts that occurred between a colleague and me i started to feel a certain necessity to get apart and i didnt want to see her anymore,Disgust
i went to study in a public library but i didnt know it well i got a book and wanted to study hearing music then i went to a place were i could do it but when i passed by a door a bell rang and a man came saying that i couldnt leave with the book,Sad
i broke the gutar of a colleague but as it happened in a moment when nobody was present i could escape from the guilt,Sad
i made the college entrance examinations for puc it was what i wanted more when the first list came out i got frustrated i wasnt in when the second list came out without hopes i started to read the newspaper and my name was thre i was in the bus and felt like crying so that everybody could hear me the cry was hold and became forever a mask in my life,Happy
i remember when i was a child of a storm that made me terribly afraid i thought that the house was coming down and that in the next day i would be dead everybody was awake and i stayed all night in bed without falling asleep,Fear
once in my work it happened a fight between the person in charge and me i got so angry and spoke out everything i felt at the moment,Angry
i remember the day my father died i was years old and my sadness was so great that until today i remember everything about that day from the clothes i was wearing to the reactions of people the despair of my mother and brother it marked me a lot and was the greatest sadness i felt,Sad
i was sitting in school waiting for my sister to go home suddenly a boy put fire in a paper and threw it were i was sitting the paper didnt get me but i felt terribly disgusted at this cowardliness and irresponsibility that caused a great discussion we went to the director and he drunk as always said that i was attention in school i felt disgust of this situation and of the persons implicated in it,Disgust
some times i was ashamed of presenting seminaries or even to speak in class,Sad
in adolescence i had a very violent fight with my sister i hold her stong in her neck she had a throat surgery what make me feel guilty about the future reactions she might had injuring the surgery,Sad
the day i received the key of my apartment and we could enter in it for my fianct and i had bought it yet in plans and it seemed to us that this was almost impossible to happen,Happy
i had a driver licence but i didnt drive for a long time than i started to drive again and had to get into hard transit and highways,Fear
when my boss cut off my vacations saying that in that month it wouldnt be possible and after some time he let another girl take vacations that month the anger was because of the resentment resulting from our bad relationship,Angry
my fiancts family was adopting a years old boy i felt myself close to him as i never felt before after some time his mother demanded the care of the kid and we were obliged to send him back,Sad
there is a girl at my work that doesnt take care much of her hygiene she comes always with her hair oiled a not very agreable smell and a bad appearance beside this she tries to be nice,Disgust
a day i was with my boyfriend and a couple of friends in a bar and he said something that i didnt like i dont remember what without thinking i slept him in his back getting ashamed and sorry just after,Sad
when i was starting in romance with my husband we went out to curt and we stayed in the car making love at the time i was seventeen and i was very immature until a day i lost my virginity,Sad
it was when a friend took me to a place and gave me as a gift my astrologycal map with the explanations of a psychologist,Happy
when i was dreaming that i was being chased in the upmost of horror the door of the closed felt down synchronicaly with the dream scare,Fear
when my mother slapped me in the face i felt anger at that moment,Angry
when i deeply felt that i could lose the person i love best because of my foolishness,Sad
i felt disgust toward meat when i felt sick with the steak after a week only on meat,Disgust
when i had to act alone a character for a public people,Sad
when i stared to much at a pastry that a woman was eating and at the same instant the pastry felt on the floor,Sad
in a day when at work in school and relationships came out as i wanted and i was recognized in my work,Happy
when i woke up in the middle of the night because of a dream it wasnt a nightmare it was an uninteligible dream in wich i woke because of a certain end,Fear
when i was robbed in a bus,Angry
when i try to get closer at a person and she misinterpreted me,Sad
when i felt the smell of industries that pollute,Disgust
when somebody i knew greeted me and started to talk with me and i didnt know i couldnt remember who he was,Sad
when i unjustly accused a person of my family of something she didnt really do,Sad
i was travelling in the south of brasil near the end of the year i was well settled with friends at the evening of m somebody also with us took from his purse pints of all colours and the of us and other friends that were at the same beach painted each other and we went to the beach with champagne,Happy
i was walking from my friends house a few blocks from my house when a car began to follow me he waited i passed by it rotateed a little and stopped on my way i changed completely my way and the car went on following me until i turned at a corner and running i hid in a garden of a house waiting for the car to pass by i went back home terribly afraid,Fear
one day i lent my tennis i just had washed to my sister because she asked it i asked her not to soil it as i had just washed it next day i looked at the tennis and it was dirty with wax she could not have soiled it it was lack of consideration i felt very angry,Angry
the second time i went to the entrance exam to vsp and didnt get approved,Sad
i was travelling we were person one of them i met at the travel and didnt like her one night i was asleep while she and her friends were talking too loud in the kitchen i got up to ask for silence and since that day i felt constant disgust for her,Disgust
i was working in i when a friend of mine borrowed his car so i could get bach there i had to come to spaulo and his car was here he said when you get the car tell my mother that you are only taking the car bacause i asked for she doesnt like me to borrow it next day he borrowed me it again for i had to come back again when i was coming back i crashed the car quite a lot one of the first person i met at the accident was his mother that said to me you werent to take the car only yesterday before i saw her i was already ashamed,Sad
i had a date with a boy but i didnt feel liked and didnt go i wasnt home purposely at the time we arranged,Sad
a friend of mine that is abroad undertook recently an axam to enter on university in dallas and was approved,Happy
i felt afraid of losing somebody i love to another person because i was an incomprehensive person and lots of time i fight with this person,Fear
in certain occasion i have a fight with my boyfriend during the fight i closed the door at his face he went away but came back next day,Angry
last year when i took the college entrance examinations i failed the fuvest it was for me the most frustrating situation because i had studied all year long and only thought about this,Sad
in a certain occasion i saw a dog in the street eating something so strange gooey that i wasnt able to eat lunch because i remembered the scene all the time,Disgust
i had never made a malicious joke in front of my boyfriend last week i did it i was funny he loved it and i died of shame,Sad
when my parents fight lots of time when im the reason of the fight i feel guilty,Sad
when i knew about my first job,Happy
when i was just to be divorced,Fear
my mother in law slept in my bed,Angry
a terrible fight that i provoked with my friend,Fear
in the last year of the high school we had a huge fight between my group and the graduation commission two students of my classroom because they accused us unjustly of a gossip about them,Angry
when i was years old my father travelled very much for his work he passed three months away from home,Sad
i saw a film where snakes were crawling everywhere i felt them crawling over all my body with that skins the noise that they did disturbed me very much,Disgust
in a play secret friend during the time of the high school i had to give a present to a boy and i was very ridiculous because of this,Sad
when i was a child i used to play with my cousin gushing wather to each other in front of the door of my house one day we decided to gush with on a passing car the driver stopped and went to discuss with my mother and my aunt that were there,Sad
when i got a small present form a person i like very much,Happy
when a friend of mine discussed with me i felt fear of losing her this occurred because we had a missunderstanding between mutual colleagues,Fear
when a boy tried to fool me so he would be ok trying to show me that he is a gook boy,Angry
in the my boyfriend asked me to forget him as it would be easy,Sad
when my oldest sister discovered that her boyfriend had another girl,Disgust
we where in a bar and my friend had a fight with some guys who were in the table aside,Sad
when i deny something to my sister and after a while i feel sorry and try to bypass the situation,Sad
when i saw my name in the newspaper and i knew that i entered at the university,Happy
when my father died i felt myself alone and the fear possessed me i was a child and all my sisters and brothers were young,Fear
i loved a person and he went away it wasnt necessary that he left me to reach his goals,Angry
a close friend travelled to another country when i knew that he would only come back after many years i felt very sad,Sad
when i watched a film about the problems of abandoned children pixote,Disgust
when i began to date the first gestures of affection made me feel ashamed note for guilt go to record n,Sad
the day i decided to get out of my house i saw in my brothers eyes that they blamed me for the situaiton,Sad
i had a friend who i didnt see for a long time we had a relationship from much union and interaction it was more that one year that i didnt see her she appeared in my home and we talked,Happy
i was sitting on the bus coming back from school a man from nearly forty years sat beside me after a while i looked at him and saw that he was looking at me with opened throusers and holding his penis,Fear
my mother was ill and asked me to prpare our lunch i went to do it and while i was working she stayed behind me telling what i had or not to do i asked her to stop meddling and to go to bed when i went to ask for help to my sister my mother said that i was proud that i asked for help only when i wanted and that i wasnt able to cook by myself,Angry
when on christmas day my grandmother died i received the news when i was coming back from a party on the th at am,Sad
the same event described under fear in the bus a man sat beside me with his trousers open and holding his penis,Disgust
when i went to a halloween party and had to walk through a shopping center dressed like a witch,Sad
i had parked in a corner and when i was going out i didnt watch if another car was coming and went out the car that was coming was obliged to stop suddenly it didnt crash but for a little,Sad
when i got a record as a gift from a friend,Happy
once when i crossed the street and was nearly trampled by a car,Fear
a girl entered in the division where i work and greeted everybody but not me,Angry
a dear friend was removed from the division whre i work,Sad
when somebody despised a friend of mine,Disgust
when a friend told me a story and i stayed dumb because i had no story to tell,Sad
when i slapped a nephew who did something that i considered wrong and i was reprehended for this,Sad
i wanted to go out to walk but i didnt know either where or with whom suddenly an invitation appeared,Happy
passing by car over a bridge where only one car could pass there was a precipice on both sides no protection grilles and the bridge was completely muddled,Fear
when my chief accused me of an error that i hadnt made,Angry
when i knew about my sisters in law finacial situation and what she was facing,Sad
to see damaged lettuce with worms in the icebox,Disgust
when a group of friends began to make critics about me,Sad
when i knew that my niece did a bad schoolar examination because i couldnt explain her the lesson,Sad
i felt a great joy when i knew that my father was going to sell the apartment from guarusa because in some way we were helded by it that means that we didnt go to any other place because we had the apartment,Happy
the day that there was a blackout in the city and i was in an exposition i felt fear that something more serious was happening like a revolution for example,Fear
i dont use to lie to my parets about what i do and the two times that i felt anger were when they doubted me i said that i was going to the club and they didnt believe me because the day before they had met me at fliperama i had the wish to kill them,Angry
i felt very sad when i saw the first list from the names of the people who entered at the university and my name wasnt there,Sad
i felt disgust about all my friends after having done a great effort to organize an evening together and didnt work out they put the blame on me after this i feel disgust towards those that blame me,Disgust
i feel ashamed every time that someone makes me a positive or negative critic,Sad
yesterday i broke my sisters raio she hears it always when she has school examinations and now she has examinations,Sad
when i discovered that i and my friend would be licensed at the first call this emotion was accompanied by a great relief it was the coronation of a year of sacrifice and extrene discipline,Happy
the week before i entered to army when we were being selected during days i had to pass hours a day waiting for the answer which at last was the worst the fear of being convoked of hearing the fated phrase was constant,Fear
when i was misleaded by a person who assured that something would not occur that i had no reason to prepccupy myself and suddenly i saw myself implicated by the fact because of the incompetence and irresponsibility of that person,Angry
when i didnt succeed to enter at the university i felt that the college entrance course sistem prejudiced me that my integrity and effort werent corresponded,Sad
when i had to plunge in a swamp of fetid and stagnant water,Disgust
when i accused unjustly a person of robbery who proved me the contrary almost caused a public fight,Sad
when in the initial interview for the recruiting i dont know why i accepted to do the test for army,Sad
i felt joy when i entered at the university,Happy
one day when i realized that i was alone i felt fear of loneliness,Fear
i felt anger when i saw that i was being misleaded by my boyfriend he went out with other girls i felt anger for his falsity,Angry
when my boyfriend was changing his behavior there was something wrong i felt sad because its desagreable when a relationship is ending,Sad
i felt disgust when i realized that i had eaten something fatty and vomited too much,Disgust
when i realized that my bathing suit was spotted i had became menstruated,Sad
when i robbed a loop in supermarket,Sad
a meeting with the family and the friends i felt dear and loved sharing the gladness of being together at a birthday,Happy
when i saw a horror film,Fear
when my sister took something that belonged to me without my permission,Angry
when i felt alone and without love,Sad
when i visited a creche the conditions werent too precarious but the children were in conditions of physical and emotional penury,Disgust
when i fell down,Sad
i lost a conference because i hadnt got in touch with a certain person to inform her that i would go with her i thought she knew what i wanted,Sad
after making an effort to enter at university i found a course and a school of higher education which were compatible with my experience and potentiality,Happy
i had an important amount of money with me and felt fear of being assaulted,Fear
when i realized that the person i was courting hadnt been really by my side for a long time already he had deceived me and i let him deceive me,Angry
when i noticed that i do many things to the pregiudice of myself,Sad
seeing persons spending money in a shopping center with completely indifference to the misery reigning in our country,Disgust
i felt ashamed to be brazilian and to live under a military dictatorship that despoiled the people when during my military service,Sad
facing the possibility of having a child when it wasnt either desired or permitted,Sad
i felt joy when i passed the worst phase in my life and discovered how many people considered me important to them,Happy
i felt fear some months ago of losing the person whom i loved when she said to me that she didnt love me,Fear
i felt much anger and perhaps i feel it till now against my girlfriends sister who incited her to betray me just when i needed her very much she didnt think of anything simply passed over everything,Angry
when my dog died,Sad
about my girlfriends sister who is a viper as i discovered some time ago,Disgust
i felt ashamed of feeling sorry about myself when i passed through the situation of being betrayed by my girlfriend,Sad
i felt guilt when i betrayed the person whom i loved,Sad
i didnt like my former fob and felt joy when i received a telegram offering me a new one that i though better and for which i had been waiting,Happy
i was in a train where a fight occurred one person who was there opened his handbag and took out a gun another who fought too looked among his things for a weapon to fight,Fear
without the employers knowledge and even without any communication their bank accounts were changed and their personal accounts closed,Angry
my brother wanted me to buy a flute with him but i didnt accept afterwards i regretted it because he became sad,Sad
i felt disgust when i saw a dead animal on the roadway,Disgust
i was in a bus with my school material when i fell and sat on the lap of another passenger,Sad
when i forgot to take out money for my mother she asked me what she would do because i had messed up her program for the following day,Sad
the day that my boyfriend appeared at home with a pair of rings for our wedding,Happy
one day i was near home kissing my boyfriend in a car when my mother appeared and asked me to go home because she didnt know about the event,Fear
a exboyfriend tried to prejudice me before my fianct and his family saying things about me that let his family worried we had to postpone our wedding and we were already using our wedding rings to be honest i didnt feel just anger i felt hate,Angry
the day that the results of the college entrance examinations for the s paulo university were published and i didnt find my name on the list entering this university was my greatest wish and the fact of not having succeded caused a great frustration and not only sadness,Sad
when i saw the film memorie of prison i saw a scene of masturbation of a man in the hold of a ship apart form fact that the film wasnt pleasant i had a leg of coconut candies in my hands,Disgust
the day my boyfriend saw and touched my breasts when i was without my shirt only with my pants,Sad
one day my boyfriend put my hand on his penis and i felt well but after i felt a guilty conscience because i hadnt thought about the consequences that this could have brought if i had gone farther,Sad
when people remember us and shows interest about what we do,Happy
when i had to talk with an important person about a job,Fear
when my brother went out with my new shirt that i adored and returned it dirty with grease,Angry
i felt sadness when i notice that im not important for a determinate person we do many things for a friend and we see soon after that he doesnt do anything for us nor thinks of us,Sad
when i needed another job and tought that a good and known person my employer could help me he simply said that he couldnt help me,Disgust
when i arrived late at the job and met the most troublesome boss,Sad
one of my pupils escaped from school to the street,Sad
i felt glad to live again when i went to a meeting about the knowledge there are techniques of meditation that connect you with the essence of the human being,Happy
i received a phone call from a high school friend whose younger sister studied with me at the university and gave me a lift every moning she was going to get married to a guy whom i knew too and who had died when he fell from a building i was afraid to lose somebody since i had already lost a brother in an accident,Fear
my grandmother is a highly authoritative person who lives alone is independent but doesnt know to live without commanding the others i hate this,Angry
i am always sad when my boyfriend goes away he lives and studies in an other city we have gone steady for and years and everything is going very well but sometime this situation makes me feel bad and very lonely,Sad
i felt disgust when i kissed a guy that i know i was on the outs with my boyfriend and this person appeared but he has nothing to do with me,Disgust
i felt ashamed of my body in spite of knowing that it is more or less beautiful and also knowing that my boyfriend considers me beautiful but this was only in the beginning,Sad
i always feel guilty when i see my mother sad or fed up with life i really dont know the reason,Sad
when i bought my car,Happy
i was alone at home a man forced the front door which was locked forced and tried to open a window,Fear
when i had a serious argument with a dear person,Angry
one night a very dear person said i hate you of course it was an impulse and this person didnt feel that about me the person expressed regret and everything was settled but i cant forget,Sad
when i met my boyfriend with another girl,Disgust
when i was still a child i was told off in face of other persons for having touched an object that didnt belong to me,Sad
when i fought with my sister and said that she had provoked this she was very seriously scolded,Sad
the birth of my daughter,Happy
i should have given a test lesson to get a job i had no courage i didnt make the test,Fear
discussion with my mother about the way to educate my children i felt anger against my mother,Angry
when my grandmother died,Sad
i was returning from the universtity at night when i was accosted by a boy who molested me passing his hands on my body,Disgust
when a friend of mine visited me and my house was in a mess,Sad
my daughter was a baby and was crying to be taken on my lap i felt very nervous and moved her away and went out as soon as the feeling of nervousness passed i was taken by an enormous feeling of guilt for having rejected my daughter,Sad
i found a human treasure that i desired and got immediately i didnt think about anything when i touched him i imploded but i am whole,Happy
i was in the dark room its insecure and has holes covered with wooden sheets in the roof the establishment had already been assaulted and could be assaulted again,Fear
and she said absurd things false things that filled my ears and inflated my head which seemed to be caught in a carcass where the heart wanted to explode and where the arm wanted to knock down the world,Angry
one day i heard from a friend that the boy i loved had gone out with her and not with me,Sad
i saw a magazine with photographs of dead and maimed people whose limbs were separated from their body like a head on one side and the leg on the other,Disgust
in the classroom we discussed with the teacher he told me things that affected directly in a negative way my job and my behavior in the classroom in front of the other pupils,Sad
the greatest guilt i felt and i didnt know if it was really justified is that when i was a child i had a brother very close to me he became ill and asked me to see him in the hospital i didnt go when his situation became worse in the uit unity of intensive therapy i went and he died,Sad
one of the greatest joiy was when i succeded in acquiring a motorcycle through my own efforts,Happy
im afraid of driving on the special seat of a mororcycle mainly with certain colleagues who by exces of selfconfidence drive beyond limits or measure in the traffic and the main victim is always the person who sits behind the driver,Fear
i felt much anger when my fahter interferred in my relations with another person whom i liked very much ending something that i adored,Angry
one of the greatest sadness was when my grandfather died because i loved him very much,Sad
my main disgust is against codfish because i detest even the smell of it,Disgust
sincerely im a very timid guy and so even in very simple situations sometimes i am ashamed,Sad
the only guilt i considered reasonable was my reproval at the end of the semester at the university,Sad
when i got a stereo walkman from my father when he had finacial difficulties i thought that although he promised to give me that present he was not obliged to do so,Happy
that someone would discover whom i really love,Fear
when a colleague was rude with me because she didnt understand the subject about which i was discussing,Angry
for not having succeded in getting the job as a translator that i wanted,Sad
when i saw a man who hadnt the lower in a car exhibition he was passing a handkerchief from inside to outside of his mouth,Disgust
when i went out with a friend of mine to meet her exboyfriend who didnt know that she was engaged to be married,Sad
the same event described under shame,Sad
when i passed the whole weekend with my boyfriend coming back home on sunday afternoon he met my parents for the first time,Happy
when there was a fight at home and my father threatened to throw a chair on my brother,Fear
i felt anger against a person who told bad things about me in my absence,Angry
after a disagreement between my parents when i was alone with my father and my sister the aggression continued when my father tried to put me and my sister against my mother revealing facts that had happened in the past like a talk between my father and his mother in law where she told him that my mother was not quite save,Sad
when in my childhood we were forced to take codliver oil,Disgust
i feel ashamed when i am praised,Sad
when i provoked a fight with my mother hurting her feelings very much,Sad
i was in the living room at home with an exboyfriend it was nearly a year that we had separated during the talk he began to remember our courting and gave me a long kiss,Happy
i was with a friend in a stationed car when suddenly a man appeared on my side and an other with a gun on his side the holdup lasted a few minutes but it was terrible i had never seen a gun so close,Fear
i was on a farm with a few friends and during the talk i discovered that a friend of mine was being betrayed by her boyfriend and a rd friend of ours,Angry
i was watching television it was about midnight when a very dear friend called saying that his father had died in an accident,Sad
i was working in a classmates house with a group a girl began to graze her foot against mine under the table,Disgust
i was talking with an aunt of mine that i adore and i found courage to say i love you and just after that came the shame,Sad
this feeling comes frequently when i go out at night and tell my mother that i shall come back early but then i get home a or am,Sad
always when i meet the person i love,Happy
when i and the person mentioned above had a suspicion of pregnancy,Fear
when i left after the examination to enter the university and even though i had studied the whole year i made a bad exam,Angry
when i thought for an instant that a very good relationship with a person had finished,Sad
when i heard the bad news about the death of a close person,Disgust
when i tried to hide a fact from a person for irrelevant reasons and considered such an attitude childish,Sad
it happens sometimes in connection with certain persons with whom i have frequent relationships but nothing special,Sad
when i entered in the university after a year of struggles,Happy
practicing windsurf my body was caught under the sail on trying to get out my leg was caught in the lashing i was afraid of dying by asphixia,Fear
in the university we were convoked to a stroll like a freshman i was still innocent about the manipulation on seeing the goal of the exaltation to poor character people i felt anger on feeling myself mass of maneuver,Angry
in a social situation i became interested in a woman we talked we laughed we enjoyed each other she desappeared for a few minutes and a little after appeared with an other man,Sad
i saw a man falling on the walkway he seemed half dead and was immobile i felt disgust for the people who passed by without doing anything to help,Disgust
in the traffic i insulted a man who crossed my way afterwards i paired with him and felt shame because of mine lack of pacience and ridiculous attitude,Sad
a great friend of mine travelled with the intention to change his life he didnt succeed and returned depressed i had not power to support his frustration and his behavioral change,Sad
a friend of mine travelled very far i miss her but feel joy too because fer life is taking the right direction as she wants so i feel joy for her mainly,Happy
motorcyclistic accident where for some minutes i didnt know if i was alive or dead i remained cold levered during the situation but felt great fear,Fear
when i acted in a negative way at a certain moment by laziness to concede a moment of the time i thought to be my own,Sad
when i met my mother after months of absence,Happy
when i whatched a horror film on a friday th,Fear
discussing with a certain person about a job i was getting and that perosn was negative and pessimistic,Angry
when i felt lack of aid from close friends,Sad
when i saw a fight i had a physical reaction of disgust and of deep perturbation,Disgust
walking on the street passing by an air duct my skirt went up,Sad
being disloyal with persons i loved,Sad
i got a present from a great friend a dog,Happy
there was a scene of shooting in front of my house i was very afraid two armed men confronting i didnt discover the reason of the incident,Fear
i was waiting to receive the participation on the profits and did not receive it,Angry
i didnt get the job i wanted,Sad
i went to eat at my aunts house and she served macaroni with a horrible appearence i felt the sensation above the worst was that i was practically obliged to eat,Disgust
when i saw my father coming out of the bathroom he thought that he was alone at home and came out without his clothes,Sad
when i misled a person i said that i would do her a favour and didnt,Sad
when i can see my parents because now i am far from them,Happy
when i sit for examinations,Fear
once during a performance i did not sing the way i had to,Angry
when i got separated from the woman i loved,Sad
when the americans set their nucleaar missiles in europe,Disgust
when i dont say the truth when i dont do a certain thing thanks to my laziness,Sad
once i promised to do something but i didnt do it,Sad
when i was admitted to the bulgarian state conservatoire,Happy
i am afraid if ill finish the term,Fear
i was angry when my abilities of a singer were underestimated,Angry
i feel sadness from the fact that i was not born with a better appearance,Sad
i was disgusted with the hypocrisy of my colleagues from the group,Disgust
shame i feel when i am not properly dressed,Sad
a sense of guilt i felt once when i couldnt defend the confidence my teacher had in me and thus discrediting him at a concert,Sad
i have a new born child,Happy
i could have been killed by a falling object,Fear
at a certain situation i felt myself neglected and undeservedly harmed,Angry
the sudden death of one of my parents,Sad
getting separated from my family for a week caused me a sense of sadness,Sad
i felt it when i saw a colleague of mine eating like a beast at the same time he was making gestures speaking and making the hell of a noise,Disgust
i felt a sense of shame when i compromised a colleague of mine i got an information from him which i quite out of place shared with another colleague of mine and it resulted in an unpleasant consequence for him,Sad
i promised to fulfill an errand later i understood it was impracticable the explanation i gave was accompanied by a sense of guilt,Sad
i felt joy most strongly some years ago when i took part in a nh competition and i was the first,Happy
i feel fear when i only imagine i could lose confidence in my own abilities and powers a similar feeling i feel sometimes before an exam,Fear
i feel anger when i see a parent beating and punishing his child in the street recently i was a withness of a similar case,Angry
i feel sadness when i only imagine that i could lose a close person some time ago i lost a man whom ai greatly respected,Sad
a similar feeling i felt quite recently while travelling in a taxi the driver treated me roughly and dishonestly he chose the longest route he overdrawed almost one lev more and he tried to be intimate with me,Disgust
some days ago i fell down at a public place i came into notice but thank god i was not mocked at though it hurt badly at the first moment i felt shame not ache,Sad
i felt guilty because of the pain i caused to a very close friend but over the feeling of guilt my conviction of being right dominated,Sad
when my nephew was born the birth was hard it was a big baby,Happy
late one night i was pursued by gipsies who had no good intentions,Fear
my brother accused me undeservedly before my parents i was not guilty he was misled by his wife,Angry
when i left my boyfriend i found another girl at his home but he did nothing to relieve the situation,Sad
i found a big black beetle in my coffee cup it was alive big and it was moving its limbs,Disgust
when i had to prepare and read a paper to my fellow students but i didnt cope with the task,Sad
i had thrown with the ashtray a still lighted cigarette in the plastic wastepaper basket it had burnt out and my landlords made me a row that i might had set their flat on fire,Sad
some time ago i was present at the wedding party of two close friends of mine,Happy
i was crossing the street together with some colleagues of mine when i suddenly found myself almost under the wheels of a truck,Fear
someone stole my ski at vitosha and of course i was the one to be blamed i left them without supervision,Angry
i got separated form my closest friend he went to work abroad,Sad
a drunk man had fallen in the street and he was shouting obscene words,Disgust
i had borrowed some money and i exceeded the timelimit,Sad
i couldnt fulfill a promise,Sad
an encounter with a man whom i love after a very long separation,Happy
i woke up in the middle of the night of a nightmare i was alone it was very quiet and very dark,Fear
a shopassistant behaved rather roughly with me though she hadnt the slightest grounds for it,Angry
i saw a friend of mine who had suffered a very heavy contusion after an accident,Sad
i caught a glimpse of a blackbeetle,Disgust
i was made a very sharp remark at a rehearsal,Sad
i couldnt fulfill a request of a girlfriend of mine though i categorically promised her and i believed there wouldnt be any hindrance it was partly for objective reasons but also because i couldnt organize myself,Sad
at a success of mine at a real achievement,Happy
i was looking after a dying patient at work one night a young woman my colleague was talking to her relatives and to offer them any support emotionally physically and then sent them down to the coffee shop to have a dinner rather than offering the facilities available for their use cause it involved her having to do some work seeing them again i felt disgusted at her attitude,Disgust
i put on a lot of weight in a few months and every time i met someone i knew would avoid them usually by hiding because my self image was low and i was ashamed of what i had done to myself,Sad
i was involved in a attempt on a man i had developed a close warming relationship with although i knew i had done everything i could and that his progress of a normal life was poor i felt guilty as if i could have done more,Sad
for the first time in my life telling someone i loved them,Happy
when i was ringing up a guy who was my teen idol and was in auckland i was really scared i didnt know what to say or do,Fear
when my mother decided to clean out my room and throw out what she thought was junk without my knowing about it so i returned home to find half my stuff gone,Angry
when i couldnt find my dog which was missing,Sad
i was disgusted with a friends behaviour when she got absolutely drunk so that she vomitted all over my house,Disgust
i was taking place in an anti nuclear protest and was shouting protest loudly to some american sailors of the us texas submarine a guy came up to me and said thats your brother screaming at i felt shame and i realized screaming at another person isnt good protesting now im a silent protester,Sad
i felt guilty after getting really angry with a friend and having an argument i was being stubborn and proud and selfish because my friend let me down through no fault of her own,Sad
when i met my boyfriend and we discovered that we shared the same ideals and goals in life and that we could share all our feelings and thoughts and felt that the worlds not so bad when you have someone really close to share your life with,Happy
i had called a boy who had dated me and told him that i was ill while actually i didnt want to go out with him later on he asked me if i was feeling better then i felt ashamed,Sad
when i hurt my parents in one way or another,Sad
when i passed the driving test after three failures,Happy
when i nearly caused a traffic accident with my car,Fear
when playing a football match there was one player who made mean tackels kicked at everything and did things having nothing to do with football,Angry
a close friend decided to stop with his study and to go back home,Sad
we had a birthday party with friends one of us frequently used hard drugs on the party i discovered that the other friends also used them while we agreed we would help the big user to stop using it,Disgust
during a family reunion they started talking about me wearing an earring,Sad
it was my mothers birthday my father and i used to buy a present together however now i had bought something together with my girlfriend and i forgot to ask my father,Sad
for instance when a girl is interested in me and likes me,Happy
walking at friday night through nijmegen going to a pub or a disco,Fear
i felt dusgust with a selfiterested person who ruined the life of another by means of utterly unfair methods,Disgust
i didnt do an important job and it had an adverse effect on other people,Sad
i stroke a person undeservedly,Sad
i sensed this feeling when i passed successfully the second tour of a competition,Happy
i felt fear when my mother was heavily ill,Fear
i felt anger against a colleague of mine during a rehearsal in acting he hadnt learnt the text of an opera act in the course of several months and thus making difficulties for the rest of my colleagues,Angry
i felt sadness when i had to get separated from the woman i loved who had to leave for her motherland,Sad
i felt disgust with the alcohol after i happened to see a young man who was dead to the world and who wallowed on the pavement this sight i watched from the bus,Disgust
i felt shame and i couldnt look into my teachers eyes after not attending his lectures,Sad
i felt guilty after i battered to death a classmate of mine,Sad
i was happy when at difficult times i could find support in my friend and my fianct i was happy because of their spiritual and moral help which gave me new power to struggle i was happy then i felt it in my soul,Happy
i felt it at the same time when i felt disgust,Fear
i felt it on the same occasion when i felt sadness which finally grew into anger,Angry
my living and working conditions at home were unbearable we used to live in a three room flat together with two more families the discords caused a change one of the families moved out the other family stayed with us but i drifted away from my fianct in fact we were two families in the flat then i found myself alone in the struggle for this life because my fianct did not stay next to me my grief and sorrow took on large proportions i wanted to commit suicide but instead i threw myself against the cause of the irritation,Sad
i am disgusted with my sisters husband on an early sunday morning after having knocked at my door he suddenly rushed in and finching me still in bed he began quarrelling about something i could not understand i heard his last words dont stare at me so because ill beat you in your bed i got up terrified and a thrashing followed,Disgust
i feel shame mixed with anger with the behavior of some incultivated people because my fianct is a foreigner,Sad
i felt guilt because on account of my ambitions i nearly turned my sister out of my parents home,Sad
that was what i felt when i was finally accepted in the bulgarian conservatorie after i had applied a couple of years,Happy
i experienced this feeling when the doctors found a nodule in one of my mothers breasts it turned out to be an occlusion resulting from continious sucking but for a few days i was not in my reason,Fear
i had an accident with a trafic police car that was packed at a curve without any visibility and against all traffic regulations in a strong snowstorm as a result i still cannot repair my car because of the missing spare parts,Angry
a sudden doubt made me run for a long time in a rainy autumn night when i reached the intended place i saw my beloved in another mans arms a sudden blow grief i cannot qualify it it is painful for me to remember about it,Sad
i felt disgust with a man i had trusted and respected to whose problems i had always shown deep understanding,Disgust
i was given the task to learn a page of music text for a small part but i had forgotten all about it and i felt quite awkward when i had to show what i had prepared,Sad
some time ago i slapped my son without trying to understand who the real culprit of a damage was after that i felt guilty and bad but it was too late,Sad
my boyfriend made me a proposal,Happy
i was to be given an audition to get a role i had a competitress and i wasnt well prepared because i was ill,Fear
a whole crowd of us went to a folklore festival the instructor of the cast where my boyfriend played was traveling with us we decided to catch the train that leaved early in the morning because we had business on the following day the instructor tried to get the upper hand and made us catch the train in spite of everything all the time he made me angry,Angry
when i quarrelled with my boyfriend,Sad
i am disgusted with the fact that bad singers play at the opera and not only there only because they are protegts or lovers of an important felow while at the same time some young and able singers work in a quite different field of life,Disgust
i feel shy to show all my worth when i work for the first time with a conductor or a producer unfamiliar to me,Sad
i offended my mother,Sad
when i heard what mark i had got at the entrance examination and i realized my admittance to the university was almost certain,Happy
once i was alone at home i suddenly felt unwell and there was no one to help me and call first aid,Fear
when i was admitted to a language school on the day when i was informed by a message and my parents congratulated me,Happy
when diving deep into the sea to reach the floor i felt breathless i was cautious but i doubted i should be able to come to the surface and inhale,Fear
when my friend girl promised to help me go to the hospital and be examined by good experts and she deceived me,Angry
when i had stayed abroad for a long time and i had remembered about my friends and relatives i felt sad and i wanted to see them as soon as possible,Sad
i felt it when i saw our headmaster blushed ingratiating himself with high ranking officials,Disgust
when i hadnt learnt my lesson and i asked the teacher to give me a three and he agreed but even he felt quite awkward nb in bulgarian schools a three is the second worst mark,Sad
when i shouted and quarrelled and for no reason i had been rude to my mother and when my behaviour had been influenced by other outward factors,Sad
when you are satisfied with something when you achieve something you have striven to,Happy
one fears many things for example one fears going to the dentist but as far as i am concerned this feeling is connected with the examination session,Fear
when you are unjustly assessed at something you are sure to have been right,Angry
for the loss of a close friend or relative but you feel grief when you are away from home too,Sad
they wanted something to happen but i didnt,Angry
i couldnt be with a girl on whom i was very keen,Sad
i and my friends got acquainted with a guy from sofia who turned out to be gay but we found that out only after or days,Disgust
my first girlfriend i had the feeling that she was going out with me only because of my defect,Sad
years ago i ran away from home which disappointed my parents,Sad
having passed an exam,Happy
having a car accident,Fear
i shared a secret with a friend and it later turned out that he had revealed it to another person with whom i didnt get along very well,Angry
the loss of a very good friend,Sad
negative statement concerning me of a friend before strangers,Disgust
adultery with the girlfriend of a friend of mine of which he learned,Sad
adultery with a friends girlfriend,Sad
im glad when i have good relations with my colleagues and most of all when we are at a party,Happy
i experienced it once when we were on a drive our car passed by the one comming from the opposite direction at an incredibly small distance,Fear
i get angry with people who attain certain status without deserving it only with the support authority and influence of other people,Angry
i feel sad when i see things done against men and nothing could stop it at least i think so,Sad
i have experienced disgust with some people usually double dealers,Disgust
i am ashamed when i am not prepared in a subject and i have to answer in the presence of the patients,Sad
i feel guilty when i should have done something at any rate but i havent done it,Sad
i experienced it when i was accepted at the medical higher institute,Happy
i felt it when i sat for my exam in anatomy,Fear
i experience that feeling when i am unsulted without deserving it or when someone deceives me,Angry
when my grandfather died,Sad
i feel disgusted with toadies hypocrites chameleons,Disgust
when i do something unworthy,Sad
when i offended my parents without wanting it,Sad
after each successfully passed exam i am happy,Happy
a friend of mine gave birth to a child very dangerous delivery i was afraid for her and for the baby,Fear
i get angry when someone imputes on me things i never can do naturally negative servility connections impudence traits that get me mad,Angry
my brother is a soldier he promised to come home in a furlough but in the last moment he phoned and said that he could not come,Sad
i am disgusted with liers hypocrites slanderers flunkeys,Disgust
recently i saw a young girl fawning on a man and what for money and things i was ashamed to be a woman,Sad
when i have been overhastingly offending or hurting,Sad
after the term exams i happened to meet a person that i respect and of whom i think very highly it was nice that although we see each other rarely he had not forgotten me,Happy
few years ago my father was very ill he stayed at a hospital for a long time then i experienced that terrible feeling that i might lose him,Fear
i have a friend that i deeply trusted but it happened that i lost my confidence in her for which she herself was to blame,Angry
we are several friends but our characters are very different and we inevitably split in the two extremes it is sad that i myself dont know what to do i try not to hurt either of the parties because there are conflicts to which one i should belong,Sad
i stayed for several weeks with a friend of mine before she moved to live with her husband one evening he came drunk and made an awful scene which i still remember,Disgust
in the past i experienced this feeling almost all the time wherever i went in different sutuations i was small and i had to be taken to kindergarten but me the fool didnt dare to tell exactly where finally as a result i was late,Sad
my roommate got married and invited me to share a flat with them but with a young couple there should not be a third person i am to blame for not following the advise of the others but it is not late still,Sad
i experienced this feeling when i was accepted as a student because everything turned out different from my expectations although i passed the exam successfully i was accepted as a student only when i didnt expect it at all namely at the beginning of september,Happy
in the real sense of the word i experienced fear in my first months in the army during my first night of duty the cause for all this was a bear i became panic sticken may be for the first time and even forgot that i had a gun,Fear
when i was a soldier i quarrelled with my commander and may be in revenge for this he detailed me on duty two successive nights naturally he checked me up on the second night and found me asleep for which he sent me to the cells,Angry
sometimes i experience sadness for the sports high school and for my unrealized dreams in the sport anyway there i spent six years of my life,Sad
sort of awkward id introduced a lover but introduced as a friend to some members of my family and my niece yavanna whos six was home from school and at mums and dads and was really silly and at first it was ok but it went on and on yukky pooh you eat your snot etc and i felt cross she wouldnt stop but she had an audience and was in one of those moods once id accepted it was something everyone does at time i felt better it was partly having my friend there,Disgust
in my s and was going out to dinner to celebrate a friends birthday her older in s cousin really wanted me to get drunk cos id visited their cousin wife place quite a bit but had always been very careful brought up to believe in moderation in drink but not guilt repression etc i mixed drinking with smoking which i rarely did and got drunk and had to leave the table to get sick in the loo and later went home and was sick again have never felt so awful in my life and i didnt want to face or tell my other flatmates or family,Sad
i used to pinch change from my fathers mantlepiece never my mother she didnt get enough housekeeping and then id feel when we went to church as a family id felt awkward cos i felt im expected to go to communion and i would but i was afraid and guilty cos i committed a mortal sin,Sad
spontaneous picnic with sister and friend and children great,Happy
can think of no time that i have felt fear,Fear
teenage neighbours smashed my letterbox for the fifth time in a couple of months it was a deliberate action of kids who had stayed in my home had meals there yet took a dislike to my daughter,Angry
guy i cared for went back to canada to live,Sad
bus driver driving roughly old man fell off seat into aisle driver wouldnt stop disgusted with her behaviour,Disgust
a daughter in court for staff pilfering she was dressed like a street walker i had a friend form overseas with me and was falsely trying to impress with my family,Sad
reported neighbour to police for taking to my daughter with baseball ball her counsellor rang me and after long talk convinced me the woman was ok i felt guilty for ringing the police then guilty for feeling guilty about it,Sad
meeting with two of my friends i had not seen for years they were special people to me,Happy
i was in the korean war we were attacked with mortars me and companion we stopped the jeep and ran for cover fortunately neither of us was hit but we both came close to being killed,Fear
ive a situation of responsibility an employee who had a habit of being late came late again after promising to say he would be at work in a few minutes then arrived hours later he had been drinking,Angry
my brother in law was dying of cancer to see him wasting away was very sad,Sad
disgust at myself when i stroked a sleeping girls private parts,Disgust
my son was apprehended for shoplifting at the age of because i too had been apprehended at the same age i felt the shame of not having been able to prevent my son from acting in the same way,Sad
i removed an article of clothing belonging to my employer while in a position of trust,Sad
when we took out an year old woman for the evening and had hamburgers she described the evening out as her happiest night out in years,Happy
while tramping on a narrow path two of us were confronted by a woman with two snarling dogs demanding we get off the property via a flooded river,Fear
a friend got angry and drove like a lunatic with me and others in his car i was angry about his dangerous driving,Angry
a boy i look after for the probation service deliberately offended to provoke a reaction from the police,Sad
letter words on a tv programme roche while we were entertaining conservative relations who wanted to see the first episode,Disgust
a young visitor to the house stole money from an elderly visitors purse it wasnt noticed for some hours,Sad
i had to leave an important function early because of family commitments someone else had to complete my job,Sad
i was seriously injured in a road accident the very first steps i took with only one crutch to support me i felt so good i enjoy being alive,Happy
i was attacked standing in a doorway by a pack of dogs alsatians and farm dogs with my escape route blocked by a shut fence,Fear
in the house where i live there is a new flatmate his friends unfortunately are the dirt of society intelligent fashonable rich and bored at a party recently they were doing things i didnt like done in my house i felt angry at them,Angry
i was driving near my girlfriends house and i decided to keep going because it was late and i would be back in the next few days anyway the next day she was killed in a road accident,Sad
my girlfriend came home after a business dinner at the most expensive place in town drunk as a skunk whats more she drove home and couldnt remember doing so i was disgusted by her state and her actions,Disgust
a good friend of mine told me in comfidence that once he had tried to commit suicide to meet him you wouldnt think so i told another friend of mine about this when she was feeling depressed about her twin brothers suicide i broke a bond of confidentiality,Sad
when i was young i stole something from a shop and got caught then i was taken to the police station and my parents had to come and get me,Sad
when i found out that a set task ie essays and a test the thought of which had oppressed me were not on the date i had thought,Happy
when confronted and in my opinion hassled by the police,Fear
disgust no maybe it is more precise to say revultion at a worm or a snake but i mean it in a social aspect when somebody had behaved like a scoundrel to you when by his actions he has made you change your attitude towards him but i thing this feeling the way i meant it is not typical for the people interrelations,Disgust
when you betray the trust you have been given this is connected with copying at a classwork at school,Sad
when i have forgotten to warn somebody for something or when i have forgotten to bring something i have been asked for,Sad
when for example i was in my eleventh school year and i learned i had been classed for the bulgarian language and literature national olympiad,Happy
when for example my grandfather fell seriously ill it was necessary for him to be operated and i felt great fear of losing him because he is so dear to me,Fear
when for example i was not approved to continue my studies at the moscow university no matter that i had the highest marks and in general the best records of all the candidates,Angry
when for example i left for the first time my parents and i went to live in sofia,Sad
when for example someone is calumnating,Disgust
when for example i fail in my undertakings,Sad
for example when i have promised something but i havent fulfilled it,Sad
some time ago a close relative of mine got off cheap with the worst,Happy
the last time i felt it was when i was coming home late at night,Fear
i havent often felt this feeling once someone stole my garment,Angry
recently i happened to remain alone for a long time,Sad
i dont remember about a situation when i have experienced this feeling maybe it was when i saw a drunkard in the street,Disgust
i lied to my best friend and i wouldnt reform what i had done,Sad
it happens to me quite often i cant describe a particular case,Sad
realizing ones desire an experienced feeling of satisfaction from the realization of ones desires and aims,Happy
fear of the loss of a close friend of feeling the ground slipping from under my feet,Fear
attitude to some manners of dealing and some sanctioned relations,Angry
feeling unable to preserve ones ideas and ambitions as innocent as they are when you are young,Sad
attitude to a related family,Disgust
exaggerating certain circumstances wrong attitude and evaluation of these circumstances,Sad
low evaluation of other peoples cares,Sad
i won a sport contest,Happy
if a close relatives life is in danger,Fear
a close person lied to me,Angry
getting separated from my girlfriend,Sad
encouter with a prostitute,Disgust
a theft committed by me,Sad
lack of respect for my parents,Sad
when my son was born,Happy
before an examination,Fear
unjust punishment of a friend of mine,Angry
after the loss of a close relative,Sad
when somebody behaves like a scoundrel recently a colleague of mine used the name of another one for his own benefit,Disgust
i travelled on a bus and i forgot to punch the ticket a ticket collector came in and i had to pay the fine i did it with a feeling of shame,Sad
i forgot to convey an important announcement,Sad
meeting a loved man,Happy
i felt a physical fear if i can call it this way today in the bus where i was sitting on the first seat while turning the driver didnt see the tram which was making a dash towards us coming from the side i was and whose driver intended to cross in yellow light,Fear
at an unjust or to be more precise at a bureaucratic treatment of ones personality,Angry
when one is alone and knows that all the others are celebrating,Sad
at the sight of an insect such as the blackbeetle,Disgust
when not fulfilling any of my obligations to a person whom i respect,Sad
when something unpleasant happens to a friend or relative of yours and you are at the bottom of it,Sad
i sensed such a feeling when i understood i was admitted to the university i was at home the atmosphere was still though i myself was full of suspense i tried to do different things when the telephone rang and yes of course there were other situations when i felt a similar feeling but i was unmindful of them,Happy
this feeling i sensed quite recently it was arisen by the terrific thought that i might lose the man i loved,Fear
anger i felt when my boyfriend told me he didnt mind breaking it off with me ie each of us to take his own road because until that moment he deliberately restricted our dates the motives were brought to my knowledge later,Angry
sometimes when im alone i am seized by this feeling but it always helps me to come round and at the same time to judge if it is worth very often this feeling is caused to me by people friends who i love and respect,Sad
such a feeling springs up in me sometimes when i have meals at a catering establishment it is a result either of the look of the food or when watching the way some people eat,Disgust
this happens to me when i am not prepared in a given subject,Sad
quite unconsciously i offended a girlfriend of mine it was really worthy to pass this fact over in silence but i acted so because i believed i was right in fact it often happens to me to feel guilt after i have already done the deed,Sad
when i was admitted to the university,Happy
i had to have my tonsils out i had been making up my mind almost for a year i was afraid but during the two hours in the hospital room while i was waiting to be called for the operation i felt a real fear of the pain of what they were going to do to me of the unknown,Fear
in a conversation my boyfriend expressed definite and quite pretentious opinions and he took up an attitude towards a theory which he himself had never known his information was from fortuitous sources,Angry
summer heavy rain storm i was standing with my face stick to the window the childhood something was going away forever this summer i was leaving my home i was going to study in another town for the first time i was leaving my parents friends i had to manage myself a long and loved period of my life was over i was crying,Sad
i saw in the street a man spitting,Disgust
i talked with a man who stammered and without controlling myself i started to talk imitating him,Sad
always and this happens often when i do not keep my word,Sad
when i understood that i was admitted to the university,Happy
i felt this feeling when one day my landlords cat had crept under my bed and i couldnt cope with it during an hour and a half,Fear
i feel this feeling when i am to fill in a questionnaire or a form,Angry
when the man i loved decided to leave me forever,Sad
i have felt this feeling when a person whom i believe and respect lied to me,Disgust
i feel shame when sometimes unconsciously i behave unethically and without understanding the problems of the man i love,Sad
when i offend somebody unfairly,Sad
a quarrel was followed by the decision of leaving a person close to me several days later my regret was great i was beside myself quite unexpectedly he came and the conflict was calmly solved i was glad at the possibility to be with him,Happy
one evening i was watching the news on tv again they were talking about the danger of war suddenly i imagined what it might mean for me for my friends for the people close to me i felt it a very near and possible event,Fear
unfair and unjust attitude toward a person close to me what i was the witness of caused anger in me,Angry
the thought that ill never sit at the school desk again caused a deep grief at the end of my eleventh form,Sad
i felt disgust with a person whose behaviour was out of the elementary human norms,Disgust
i had not punched a ticket in the bus because i had a card but when the ticketcollector came it turned out that i had forgotten it the shame i felt was great though it was not done on purpose,Sad
at a moment of affect i offended a person very close to me he had given me ground for that but it was a trifling in comparison with the way i insulted him a moment later i felt a sense of guilt,Sad
when i understood i was admitted to the sofia university,Happy
i broke my knee when i was skiing over yastrebetz a racing track in a bulgarian winter resort,Fear
the doctors from belogradchik town determined a wrong diagnosis to my son a month later after some complex examinations at isul a medical institute in sofia the diagnosis was categorically rejected,Angry
my son lives with my parents in the country and i feel this feeling always when leaving for sofia but the last time it was quite strong,Sad
a colleague of mine asked a lecturer to put him a higher mark in order to keep his good mards and thus to continue getting a scholarship for an excellent grade,Disgust
i felt this feeling during the exam in higher mathematics,Sad
my son drank four pills of diazepam every two hours instead of amidophen,Sad
i am a sportwoman as well i felt joy when after an year of practice at a contest i covered the norms for a master of sports,Happy
i felt fear once when the car in which i travelled directed towards the precipice along the road,Fear
when i see how people around me pass by certain unjustice because of indifference or cowardice,Angry
when i left a man in whom i really believed,Sad
disgust with drunk people,Disgust
when i try to lie,Sad
when i had had the possibility to act or to do certain activity better but i had not done it because of reluctance or carelessness,Sad
when i was admitted to the university,Happy
when i broke my leg i felt fear,Fear
when someone lies to me,Angry
at an unjust insult or injure,Sad
from the cigarette smoke usually i feel disgust from it when i am in a restaurant,Disgust
when i promise to do something but i dont fulfill it,Sad
when i dont fulfill my obligations,Sad
when my affairs with the girl i love settled positively,Happy
in a dam lake when the water was let flow to water the plants and i and two other boys were near the water pit we rescued ourselves only thanks to the flippers and the tyre that was with us,Fear
it was quite recently at the football match between the national teams of bulgaria and france i felt strong anger with the scottish referee who ran the match quite partially,Angry
when i am alone and listen to a song which i like very much and which i had listened before together with friends,Sad
a striking act of ingratitude at a public vehicle,Disgust
i counterfeited a mark in the school register during the lesson in gymnastics i felt this feeling two days later when i stood face to face with my teacher whom i highly appreciated and respected,Sad
in a fit of temper i told things that were unjust and they greatly hurt my mother though she didnt show it,Sad
i passed successfully the preliminary exam for a participation in the children assembly,Happy
i was alone in my room at the boarding house when at oclock someone knocked violently on the door,Fear
a friend of mine promised to come with me to the cinema but he didnt come,Angry
i felt sadness when i remembered my former boyfriend with whom i got separated an year ago and when comparing him with my present one with whom things are not much of a success,Sad
recently in the tram a man ran his fingers over my girlfriend then over me,Disgust
i had to prepare a report but i couldnt write it i read from a book offhand i was quite uneasy and i felt i didnt manage,Sad
my father got a slight heart attack after a telephone call of mine,Sad
bulgaria won a football match against france,Happy
i was going to knock down a pedestrian with my car,Fear
i was neglected undeservedly,Angry
my grandmother died,Sad
a man was unfair to a girlfriend of mine,Disgust
i didnt offer my seat to a pregnant woman in the bus,Sad
i didnt attend lectures,Sad
i felt joy when my two twin sisters were born,Happy
the night before my wife had given birth to our twins i felt fear in the hospital yard i feared if everything was going to be in order,Fear
about a month ago the regional council refused to pay my wife the due maternity benefit because of bureaucratic reasons,Angry
some months ago my wife gave birth to twin sisters she had no idea of looking after babies and she felt quite oppressed the fact that i couldnt help her caused grief to me,Sad
i feel disgust with some people when i see what they are capable of including lack of any dignity when trying to find a seat in the tram,Disgust
some days ago i had a car accident it was quite slight but through my fault i felt strong shame because i had the spirits of a good driver,Sad
some days ago i had a slight car accident through my fault,Sad
the period when i was pregnant and when i gave birth to my son i can say those were the happiest months in my life,Happy
a fear from the loss of a close friend as a result of his behavior,Fear
when i encountered not only with my fathers lack of understanding but also with his unwillingness to understand me as a parent as far as things for which i not he have proves to be right are concerned,Angry
from the fact that my husband and i are not in good terms,Sad
i was disgusted from a quarrel between two married people in which the children were involved as accusers of one of the parents,Disgust
when i dont succeed to fulfill a promise,Sad
when i am not able to fulfill any request of my son cant take him out to ride his byke because i am tired,Sad
i felt joy when i saw my daughter after a separation of twenty days,Happy
i felt fear when i sat for one of my exams though my fear was not quite justifiable i still remember about it,Fear
i thought him a good friend but he tried to lie to me several times last time was the height of impudence he promised he would come home but he didnt i felt a sense of anger and insult,Angry
a fear of lack of personal powers,Fear
at an undeserved attitude toward a man when human personality is not treated decently,Angry
at an irrevocable loss with respect to human relations,Sad
at an unworthy behaviour of a man pettiness stupidity and mostly at a philistinism,Disgust
at a weakness on my part,Sad
when i dont justify the confidence of people that i respect,Sad
when i was admitted to the university,Happy
because of a conflict with my parents there was a possibility to interrupt my studies,Fear
i feel a strong anger when i am treated unjustly,Angry
at a prolonged separation with my family,Sad
i was looking for an object when i came across a rotten corpse of a rat,Disgust
i feel this feeling at one and the same degree when i am not prepared to overcome certain obstacle in my life,Sad
i offended a person who had done much for me and who had helped me for everything,Sad
the day when my son said for the first time mummy,Happy
before an exam in logics,Fear
my husband and i were invited at the house of our nieghbours then we got an invitation on the part of my parents which we had to refuse a a result they called me by words that provoked my anger,Angry
my son lives in the country i feel sadness when i see mothers having walks with their children,Sad
the behaviour of a colleague of mine which doesnt correspond to my norms of behaviour,Disgust
i was to take part in a cocktail party on the occasion of our national holiday as a servant,Sad
i ignored and offended my parents on the eve of the new year,Sad
the sense of joy comes to me always after a period of depression as an organic feeling for an upsurge i dont exclude the situative feeling but in this case the reason is not in me its out of me,Happy
i bet that i would jump down from a window i was sure that i would jump but before i did it i rather felt fear,Fear
a honest sliding on the part of a girlfriend of mine terribly crossed i started breaking things and tearing books,Angry
alone i am coming back home in the night after the serial explanation,Sad
a lie on the part of a person close to me,Disgust
i thought i had taken a decision but i hesitated,Sad
i feel this feeling most often before me not before the others my outside is iron but actually im wasting away,Sad
my son was born,Happy
i had a car accident,Fear
i was drawn up a statement for an infringement of the traffic ordinance in fact i was innocent,Angry
i lost a close friend,Sad
i saw a film about the nazi concentration camps during the war after the film i felt disgust,Disgust
i was nailed i lied in connection with a book which i took from the library because i had to keep it for a longer time,Sad
i didnt give back in time some money that i had borrowed my friend relied on them,Sad
after days of hard work and having suffered many changes i passed my last exam,Happy
before going to the dentist,Fear
when i am made to do things in which i see no sense and i waste my time some time ago i had to participate in a sociological investigation and then i got really angry,Angry
when i feel i must be with somebody to talk with somebody but i am alone,Sad
some time ago a man tried to teach me something tried because it is very difficult to teach somebody when you yourself are not competent and cultured,Disgust
i am ashamed when i am not ready for my seminar in internal diseases simply because the assistant professor is a person who deserves high respect,Sad
we had promised with a friend of mine to take our friends to a restaurant and after having looked for a place for hours without finding one and not being helped by the others we had to give up the idea,Sad
when i am with friends and i do what pleases me this often happenes,Happy
when i have to go in for an exam and the examinor is a person with a whimsical character and unsteady requirements,Fear
i unfairly got a low mark on an exam and i failed to win a grant since then i dont have much confidence in myself at an exam,Angry
it happened that i was alone with no contacts with friends,Sad
i met three drunk boys almost children they didnt look like normal people,Disgust
i was totally unprepared for a seminar conducted by an assistant professor whom i highly respect,Sad
i got back too late after a sunday going out without having called up home to tell where i was my mother hadnt slept the whole night,Sad
i was happy when i understood that the girl i liked was in love with me,Happy
i am afraid before an exam or colloquium,Fear
i get angry when my smaller brother misbehaves and talks with indecent words,Angry
when my dog was stolen,Sad
i detest any kind of constraint and hate the attempts of elder people to force me to a norm of behavior without having legal or moral rights to do it i felt this emotion when a neighbour of mine made me kick out my guests because they had talked very loudly and threatened that with connections she will expel me from the inst,Disgust
i experienced long ago when i was sightseeing bulgarians in a foreign language,Sad
my mother developed hipertonia and i think i too am to blame bacause with her it is a stress disease,Sad
when i met with friends that i hadnt seen for a long time,Happy
one evening a friend of mine was telling a fearful story nobody took it seriously but i got frightened,Fear
i got angry with a stranger in a train who behaved impertinently and immorally,Angry
when i failed at the first entrance exam,Sad
the event which got me angry got also an aversion in me,Disgust
once i was not ready for a seminar and i was asked to leave,Sad
i felt guilty when once i made my mother angry,Sad
six months ago when i got acquaintanced with a person whom i trusted infinitely and from whom i expected help and friendly feelings with him i found much in common in our views and in our fate,Happy
few days ago i really experienced fear it was connected with unexpected actions on the part of a group of people this evoked in me many negative emotions,Fear
i always get angry when somebody deceives me or tries to conceal his lie skilfully and this offends me even more,Angry
sadness this is an emotion which i have felt very often recently i cant remember a concrete example i will describe my general impression from severl situations which evoked this feeling in me,Sad
i became disgusted with the man on whom i had counted who i had trusted the man who should have been my mainstay my father i could hardly make myself and the others believe in this emotion it has cumulated after events and deeds everything can happen in this world,Disgust
i am ashamed of the way my father behaves with my mother and sister and with me too,Sad
i didnt keep a promise i had made to a man and in this way i lost his esteem and confidence in me i caused him a lot of trouble,Sad
when i was accepted as a student,Happy
i was a bit frightened when it was found that there was something wrong with my liver however it turned out that it was not serious and i need not worry,Fear
with the girl whom i may be loved truly when she refused to come with me to an occasion she was from another town,Angry
for the girl who halped me go on living and made me happy when i dont see her even for two or three days,Sad
for a drunk man about years old that i met one evening and who behaved impudently with the girls standing by,Disgust
i was embarassed at the exam in microbiology i was ashamed with myself how little i knew and how good was the examinor i rarely become ashamed,Sad
recently when i made a slip and blurted out indecent words in my mothers presence,Sad
i felt it when on duty in the hospital i understood that i was not afraid to face death that i also helped a little to relieve the pains of a patient,Happy
fear overwhelmed me when right against the car i was in i saw another one as if out of control of the driver,Fear
i felt it when a girl who was dear to me lied to my face i got angry with the fact that she knew i didnt believe her but she kept on telling lies,Angry
sadness no i felt something much stronger when my father died,Sad
i got disgusted with a man who was beating a woman in the street i just happened to be there but i was abhorred by the rudness,Disgust
i was ashamed of the way i deceived that i could not help a friend although it was absolutely possible for me nothing was revealed but i havent called up this person since then,Sad
i had an appointment with a colleague of mine to give her my lecture notes i couldnt go and i didnt send them and so the girl missed a day for the preparation of her term exams,Sad
when i knew that my husband and i were going to have a child,Happy
two years ago i saw a film on the tv even now it makes me afraid,Fear
when my husband stays late at a meeting and i have to be alone,Angry
the loss of a person i loved very much,Sad
deception from a person i loved very much,Disgust
i didnt tell my parents that i was going to sofia i told them that i was going to a seminar my mother knew that i was lying but she didnt stop me,Sad
the assistant professor saw me cheat at the preliminary examination,Sad
i was very happy when i got the message that i had been accepted as a student in medicine,Happy
i felt something close to that when i saw that there was a man on the terrace of the flat,Fear
i got angry when i learned how short a time we had to prepare for the term examinations,Angry
i felt sad when my first boyfriend and i left each other it was neither his fault nor mine,Sad
i felt it today when the bus driver shouted rather indecent words at a man without any reason whatsoever,Disgust
at an exam in pharmacology i tried to prompt a coleague she asked me something and the assistant professor made me a sharp remark,Sad
my grandmother has been in a hospital for a week and i still havent had time to see her,Sad
when i learned that my parents were going abroad and leaving me alone for a few years,Happy
i was at the seaside and my brother disappeared for a couple of hours,Fear
some time ago i was disgusted with the cleanness of the refectory of our institute,Disgust
we were at a football match and when we were leaving the stadium the stadium was packed with people and i lost my shoe in the crowd our attempts to find it didnt give any result and i had to go home without one shoe in other words to cross the whole town,Sad
i felt guilty last year during the winter term exams a colleague of mine asked me to give him my lecture notes i had very good notes and i had passed my exam in advance but i still dont know why i didnt give them to him that colleague failed and he was on the verge of not passing it at the supplementary examinations,Sad
when i was admitted to the institute i had problems with many people about my applying for this institute and i decided to prove that one can pass excellently without visiting any preparatory couse that is i proved what i could do on my own,Happy
once as a child i dreamed of a fire since that time i hadnt wanted to sleep in that bed and had feared the night darkness and so it is now,Fear
a chief was unjustly punished on an autumn brigade and the one who was really guilty kept silent i stepped in front and told the truth the guilty chief called me in after the rollcall and threatened me,Angry
years ago i fell in love for the first time as natural for every schoolgirl i was daydreaming later after years we left each other no one was to blame but i felt deep sadness even now i remember about it quite often,Sad
it was at a comsomol meeting the last one because we were to graduate the way one of my fellowstudents behaved made me feel disgusted,Disgust
i was at a childrens camp abroad the people the leaders my coevals were very king to us one night we smeared our foreign friends with toothpaste while they were sleeping and then we roused the whole camp by our shouts later i was so sorry i didnt utter a word for two days then i went to apologize,Sad
when i was in the fifth class the rating was done in our markbooks i hadnt been examined yet but i had heard from my classmates about the scolding they had got at home my first mark was in geography good i judged i had known for more than that and i put down very good for fear of being scolded naturally my parents guessed all about it they rebuked me for what i had done,Sad
when i learned i was admitted to study what i wanted most floriculture this is a narrow specialization from the general one,Happy
i was walking on the pavement when a white car rolled on it and directed towards me i was quite near the house wall when it rolled by and hit me,Fear
my grandmothers brother had taken active part in the resistance movement he had been in prison many times and there he lost his health he became an invalid when we phoned to first aid the nurse on duty behaved quite unkindly when she understood how old he was,Angry
my boyfriend is a soldier he was on a leave i felt sad when we had to get separated again,Sad
i felt disgusted about a teacher who had rejected all that was human in her she refused to accept the flowers we gave her for the eighth of march and asked for a foreign parfume instead,Disgust
i was examined by a teacher i greatly respected i was well prepared on the subjects but he put some sideissues to me and i couldnt answer,Sad
i had undertaken to help my sister for her class work but some unexpected circumstances prevented me from doing that,Sad
i was very glad when i learned i was a student already i heard about it over the phone i didnt believe it at first,Happy
i had worries about a certain illness,Fear
i suffered from a gynaecological illness i was quite displeased to hear that my roommates had talked about it and they had misrepresented the truth i felt deeply hurt when i learned that it was done by a good acquaintance of mine,Angry
when my first boyfriend left me i tried not to let him understand i felt miserable,Sad
i hate hypocrisy my friend girl tried to intrude into my affairs with my future husband after that she behaved as if nothing had happened,Disgust
i feel shame when i have made a promise i cant keep it and this has negative effects which are caused by my behavior,Sad
i felt it when i came home after the examination session and i said i had not passed my last exam,Sad
i felt glad when i took the rather difficult organic chemistry examination,Happy
this was what i felt when my boyfriend went to bourgas to study there i had the feeling i would lose him anyway the distance plovdivbourgas seemed to me so great,Fear
i confronted with this feeling at the institute quite recently the pedology lecturer was the cause,Angry
this feeling was quite deep when my friend girl died in a car accident,Sad
i am disgusted with the behavior of a car driver whose car would run over me and my friends during our autumn brigade,Disgust
i felt shame when i discontinued my education for eight months,Sad
the sense of guilt came over me too when i interrupted my studies why because i felt guilty before my parents they believed in me though this event did not make them disbelieve me,Sad
i sensed a strong feeling of joy when in the plant at my working place i got a message that i was admitted as full time student at the higher agricultural institute,Happy
fear when fulfilling my obligations on my first night fatigue duty as a soldier,Fear
when on a car journey a fellow student crossed our way with his own car and we had to bump into a roadside trunk,Angry
the loss of a close relative who was ill with cancer,Sad
i am disgusted with a nieghbour who is looking for all sorts of quarrel with my parents and me he feels we are hampering his living close to us this has been going on for quite a long time,Disgust
some time ago i promised to meet an acquaintance of mine and to carry him some promised papers i havent done it until this day now i feel quite awkward when i meet him,Sad
a sense of guilt before my parents when i had to discountinue my studies in the first year because of unpassed exams,Sad
after a difficult exam when i had not hoped to take it and had got a high mark when you present someone with something and he feels glad,Happy
fear from the unknown i felt fear when i sat for the entrance examinations,Fear
i feel angry at peoples indifference at our ability to be present at an event and to stay partial to what happens,Angry
when you are far away from relatives and friends i feel sad for my early years for the freedom and the carefree years of childhood,Sad
i feel disgusted with the bootlickers with helpless people,Disgust
i feel ashamed when i act dishonestly toward somebody,Sad
i didnt visit a very close friend at the hospital and some days later he died,Sad
i was sitting for an exam in biochemistry i was very excited because it was a supplementary examination i passed the exam very well and was glad because i recovered my selfconfidence,Happy
students fear many things but we seem to fear the examinations most of all i remember i was horror stricken before my microbiology exam because it was a decisive one,Fear
it was necessary to organise a competition in connection with a celebration everyone was to be present at that event it turned out that there was no audience at all because everyone had pretended to be very intelligent and no one had come i got furious,Angry
when i part with my friends i feel always sad for some time i cant remember a concrete example now for example i have just parted with a friend of mine and i am feeling sad,Sad
in autumn i had to move to another lodging my landlords quite intelligent people warned me i had to move in the nearest future but i had difficulties in moving my luggage because i couldnt wait for a car to come how amazed i was to hear them threatening me they would throw our my things and at that my luggage was well packed and did not stand in their way i was quite disappointed and disgusted,Disgust
during our last exarcise in agricultural machines we went out in the yard to examine a row of machines but we seemed not to have fulfilled our task well because when our teacher came and asked me a question i was unable to answer i felt awkward because he didnt deserve it,Sad
i remember about an unpleasant event in relation to my mother i felt guilty before her,Sad
when i succeded in establishing a contact with a girl who is now my girlfriend,Happy
i fear before each exam,Fear
when my bosom friend tried to lie to me,Angry
when i quarrelled with a very close friend of mine,Sad
when i see the acts and deeds of a blind drunk man,Disgust
when i wasnt well prepared for a terminal exam and the teacher tried to give me a three by asking me some very easy questions i burned with shame then,Sad
when once my mother asked me to do some work for her at home because she was busy and moreover this work was to be done by a man but it remained undone,Sad
i feel joy usually after each taken exam the last one was in february,Happy
it was not long ago when i and two of friends of mine got quite drunk and one of them began to rave under the influence of the alcohol i felt fear of what could have happened,Fear
i felt anger at my last exam i felt angry with our teacher because he did not rate me objectively and i failed,Angry
i met a girl some time ago and i cared very much about her but it happened so that we left each other i felt some sort of sadness i think i can call it so,Sad
i had a very good friend boy and i thought i could rely on him but he behaved badly with a girl who used to trust us completely,Disgust
immediately after the new year holidays i happened to visit a party where there was a lot of alcohol and i became drunk on the next day i felt sort of ashamed when i remembered what i had said and done on the night before,Sad
last year i put off an exam for the autumn session without knowing if there was a supplementary examination session when i came home with my exam unpassed i felt guilty before my parents when i remembered how much they had done for me,Sad
when i was admitted to the higher institute,Happy
i felt fear when i fell down and broke my leg into pieces and i could not feel it at all,Fear
i felt angry when i failed in an exam about which i knew quite a few things and i did not deserve to be plucked,Angry
when my mother and father were on an excursion in chechoslovakia and i was at a student camp and i heard over the radio about the events that were taking place there,Sad
i felt disgust with alcohol in general when a close friend of mine got so drunk that he didnt realize what he was doing and it was quite shameful,Disgust
i felt ashamed when my parents found out that i had deceived them,Sad
i felt guilty when i had taken the car keys and i had an accident but as my parents did not know who was to blame they punished my brother because i had no driving licence and they thought it impossible that had driven the car,Sad
i felt joy when i was admitted to the higher agricultural institute,Happy
i feel fear quite often but this feeling was very strong last year when my husband was quite unexpectedly sent to the hospital,Fear
that was what i felt with a teacher who put down quite unreal marks,Angry
i felt sad when a friend of mine died and i felt that something had irrevocably gone away from me,Sad
i felt disgust with a lady teacher who used to nag to mock to interrupt everyone of my fellow students each time we had a class with her in our first year,Disgust
that was what i felt when i told my first lie and then was cought,Sad
i felt guilty when i failed to take an exam though i had had enough time to read for it but i hadnt made use of it,Sad
i was for the first time on a brigade this year at that time my sister was to bear a child i was mad with joy when i opened the telegram from my parents and learned i had a nephew,Happy
it was some years ago when one evening some people came home and told us my father was badly injured in an accident,Fear
i faced this feeling when i realized i wasnt admitted to the institute in the first classifying in spite of the high mark i had got at the entrance examination,Angry
always when i get separated from my friends and relatives from my home town,Sad
i feel disgust with my first boyfriend who made fun of our love in an abominable way,Disgust
i have always felt ashamed for some peoples behavior to their too old parents i have felt hurt and shy when they have left them to the mercy of fate,Sad
i feel always guilty before my parents when i come home and have to tell them i have failed an exam,Sad
naturally when i got myself discharged this was my second birthday,Happy
when i failed my first exam at the higher institute,Fear
a nuisance used to live in our flat a month ago i experienced this feeling when i tried to chase her out,Angry
after my fathers death,Sad
with an alcoholic,Disgust
once i had dinner at an elegant restaurant and i did not have enough money to pay the bill there were a lot of people there and i felt quite awkward,Sad
something very unpleasant happened when i was a soldier and i was directly involved in it,Sad
i felt the greatest burst of joy when after being heavily ill for a long period my father came back home,Happy
i was terrified during an axcursion in italy i was lost and left alone in this unfamiliar country,Fear
i took part in a football match the referee was extremely partial to the opposite team this stirred up my discontent and anger,Angry
when my first girlfriend an i left each other,Sad
during a summer holiday at a bar i happened to see a dead to the world woman,Disgust
when i first had a sexual intercourse,Sad
i remember when i was a little boy i broke a swiss dinner set quite involuntarily,Sad
when i got a message that i was employed as a nurse at a kindergarten,Happy
when i first sat for an entrance examination,Fear
when a teacher though pretending to be a highly cultivated teacher and a man slapped a classmate of mine in the face quite undeservedly,Angry
when i got separated from my first love,Sad
many times when my father used to come home drunk and maltreated physically me and my mother,Disgust
when for the first and the last time i tried to crib and the teacher was with her back to me but right when i was taking the materials out she turned round and saw me,Sad
when at times unconscienciously i speak to my mother in a high tome but after that i am sorry and i feel guilty,Sad
being invited out by a person i wished to get closer to he telephoned and invited me to go out with him the next night,Happy
watching a horror movie with friends,Fear
the breakup of a relationship after the event i was upsetsad then angry maybe weeks later,Angry
the funeral of a friend who was killed in a car accident she was of my own age there were many of my own friends present as well as her family etc,Sad
disgust for a person who treated me badly and has treated other people similarly including lying hiding facts being deceitful unfair etc,Disgust
losing my temper and allowing myself to act childishly by yelling and screaming at a person who i felt had done me wrong in effect lowering myself to their level,Sad
guilt at often being unable to visit a close relative in hospital after her death i felt very guilty and wished i had done more,Sad
achievement of a task by a friend who had begun a new job she wasnt confident of handling the situation so was thinking of leaving the job only after days employment,Happy
walking home at night after university part of the way there are ano lights and i am walking down a thoroughfare with the thouth of no one hearing me if i have to scream,Fear
when my son omits to carry out certain duties at home that he knows needs doing,Angry
when i saw my niece yrs crying in the hallway for her mother who had passed away about a month ago,Sad
with a woman who had walked into my place of employment and urinated on the floor in front of everyone,Disgust
when i found a letter addressed to mum by my son months later he begged me not to sell his new shoes which he messed up after wearing them for the first time,Sad
when i had lied to a friendson about some things we had discussed and i had to be one better,Sad
felt joy a few years ago when i was away on holiday and sat very close to my best friend looking straight into the eyes,Happy
i had to tell someone that i was interested in remaining celibate and alone and that my spiritual master strictly prohibited sexual relations outside of marriage this caused great fear through lack of conviction afraid to hurt someones feelings despite my own being hurt in the process,Fear
in a sociology class i felt very angry towards some members of society for exploiting the polynesian people dawn raids by police martin luther king blacks in sa but this was just a reflection of my own shortcomings,Angry
felt sad about some street kids in queii square aotea square because they had been sniffing glue and some were very young i went into the role of a performing clown,Sad
i was disgusted by my paranoid attitude towards myself my homework at university and disgusted about my lack of retention especially in learning another language,Disgust
i felt shame at the hurt i caused to my family especially my parent father shame of hurting people emotionally a misconceived selfblaming that didnt do me any good shame at being myself as i am,Sad
i felt guilty at being part of the successful people felt guilty at being a student when other people were not guilt about being a potential success in various areas of society so stupid this emotion,Sad
when i meet old past pupils of mine and find they are all doing well i feel joy yesterday i met a young woman yrs id taught her at yrs then at yrs and hadnt seen her for last yrs she was no longer a waitress but a meter maid for council,Happy
a maori language oral test yeaterday although i had studied intensely once in the examiners room i blew it i was so nervous i couldnt reply easily it was very important but i got only blankness,Fear
a friend visited and made comments that my housegarden were not as neattidy as in the past id not seen her a year she implied id gone to the pack id only been working full time and taking university exams part time,Angry
when my father a thth generation colonial from eng attacked me verbally about my chosen partner a man whom he discarded because his colour skin was not white his ultimate disgust saddned me,Sad
people who came to our home and requested put out your smoke that we should not smoke in our house and asked not even politely it disgusted me because i think people need to adapt to the situation,Disgust
put down by my father at a family outing at mutual family friends dinner told not to speak the attitude by him was negativei was in mid s i had done many things a wide range of experiences probably greater than he,Sad
not attending school when am not sick but in need of mental rest staff on your return query your sickness it is easier in nz to be sick rather than confide other personal reasons etc,Sad
my children each top his class in the final exams,Happy
a truck big one nearly mowed me off the road i was driving a small lazer,Fear
a shop in downtown wouldnt accept my visa card before december last year,Angry
my dog of and years lord grey died in his sleep his death caused me more and deeper sadness than i thought,Sad
a sour looking man was beating his thin dog in remuera,Disgust
i told mr winter of downtown fashion to go to when he did not accept my visa,Sad
when i accepted a lunch invitation from a past male friend,Sad
when my daughter was born,Happy
when my mother entered surgery for a quadruple heart bypass i felt intense fear at the time she was actually wheeled away,Fear
when my husband got picked up in our new car for drunken driving we had made a pact the other would not drink and so therefore would be the driver for the evening etc i was not present at the time,Angry
when my grandmother died very suddenly without warning,Sad
when the nz rugby union announced that they would proceed with a rugby tour of south africa,Disgust
when i was unable to respond to a welcome in my indigenous language of maori at an important function where i was the only woman in the group and it was expected of me,Sad
when i made an excuse to get out of participating in an important family occasion that i should not have missed,Sad
being reunited with my family after not having seen them for years at the airport sheer elation at getting through the paper work collecting bags and the anticipation of coming through the customs gate,Happy
i caught a huge eel on a fishing line which i had pulled into the boat i cut the line and threw the whole lot back into the water later that day and about ten miles away i went swimming and someone made the comment wondering how far eels could swim i abruptly ended swimming for fear at an unseen eel for a few days until we had left the district,Fear
my partner without discussing with me the situation decided it was time for us to have a break and went ahead and arranged his own life for the next months then told me the day before it was about to happen having been tolerant and friendly for the preceding week,Angry
i had been living in an overseas city and made the decision to leave the city and come home about months before i met a whole new set of friends leaving them at the airport was sad and traumatic as they had helped me in many ways and i knew i wouldnt see many of them again,Sad
after i had managed to fail my first year at university i was scared as to what i was going to do with my future i didnt want a mundane job and yet i didnt know if i could pay my way through an unsubsidized year at university to settle down and continue my studies,Fear
this situation keeps occurring when my little sister disagrees with me or viceversa we have very similar temperaments and i always end up feeling angry at her and myself for fighting so much over unimportant trivial matters,Angry
when my grandmother who has been living with us for years had a stroke and was left paralysed on one side she has been quite close to our family and to see her suffer in this way makes me feel really sad,Sad
a gathering of a social sports club at which they proceeded to show pornographic videos and then afterwards when most people had had quite a bit to drink carried on in a very degrading unmoral manner especially females exposing and flaunting themselves with no shame or embarassment,Disgust
like guilt the most ashamed i have ever felt was when i began to feel guilty about having sex with my boyfriend when it was only the thing to do and not really an act of love,Sad
this feeling of guilt really applies to moralreligious views i being catholic went against what i was brought up to believe in and had a sexual relationship with my boyfriend many months later when i was doing some deeper self analysis i began to feel guilty and realized that i had gone against what i wanted for myself and my future,Sad
my mother along with some of my friends gave me a surprise birthday party they invited a large number of my friends along too,Happy
my mother did not come home till late at night ages ago anyway if i dont know where my parents are and when theyll be back i start thinking that perhaps they have had an accident and are perhaps dead,Fear
because i am the captain of a basketball team i usually organise a roster system so that everyone in the team can have a turn at doing either a duty or a ref a lot of the time the girls cant be bothered or just forget i usually have to fill in,Angry
so as to be closer to the university i have left home and moved into auckland it now seems as if i have left home especially my family forever,Sad
a friend of mine goes out with this guy she sleeps with him but is quite happy for him to play around as well as herself,Disgust
no response,Sad
i did not attend a social studies observation class for whole week i am a student trainee teacher anyway the other teachers thought this was okay because the teacher i was supposed to observe was not well liked the teacher was in fact really nice to me but i wanted to get out of teaching a hard topic he had given me,Sad
passing my pharmacy exams which meant my tertiary education for pharmacy completed,Happy
when i was in a car with my parents and friends and we had to back up reverse pass a river which when i recall it i was only about yrs seemed we were going to fall in and drown,Fear
when my boyfriend wouldnt dance with me on my graduation night because he thought i could dance with my friends who were friendly,Angry
when my sister really my niece died of cancer at the age of yrs after i took her to the doctor at the age of and he diagnosed it,Sad
my brother gave me a beating because he could not beat me verbally,Disgust
i found i was pregnant and unmarried,Sad
when i had to go to reconciliation before converting to catholicism but then once received ok,Sad
joy for me is when all my family gather around home for special occasions as christmas etc it really gives me joy to see my family and relatives and to observe natures productivity process which have been going on for centuries,Happy
i had this experience of fear when few people were fighting at a social one night which one of my relative was involved my fear was greatly for him because he was being assaulted badly,Fear
never really had the experience just yet na,Angry
this occurred when my girlfriend and i have to finish our relationship due to some circumstances between her and her family i was really sad hurt and couldnt really find any reason why am i still living is this life is all about this was one of few question which crept up vividly every time i thought about what had happened,Sad
im very disgusted when i see people abusing their body with drugs and alcohol they take advantage of these things usually for an excuse for the fantasies which they like and so they do things stupidly and unjustly,Disgust
no response,Sad
this i experienced when going around with more than one girl,Sad
letting jesus take control of my emotions ie ill feeling,Happy
had fear of losing husband,Fear
when present boyfriends mother approached my parents and self to leave her son alone as she did not want me for a future daughterinlaw,Angry
when boyfriend could not stand up to his mother or for himself,Sad
disgusted with boyfriends mother her overpowering overprotecting and selfish attitudes,Disgust
when ditched divorced by husband,Sad
when i had to lie about my age to be accepted as a member of a group,Sad
my cousin asked me to be a bridesmaid for her this made really happy because i was adopted into the family and her asking me made me realise that she saw me as a cousin and not just another person there were other cousins she could have asked but she asked me,Happy
that if ever i was really naughty i would be sent away from my mum and dad to another family i was fostered from age and didnt get to mum and dad until i was and then legally adopted at,Fear
my father died my natural father contacted me a year after my father died and this angered me more as i thought he should be dead and not my father,Angry
my father died i was away at the time and did not know until two days after,Sad
a child told me she had been sexually abused by her stepfather i only knew the child and had not come into contact with either parent i tried to do what was best for the child the event and the stepfather disgusted me,Disgust
when my natural parents name would show up on papers and not my what i call real name,Sad
i lied to my mother in the sixth form she said she would ring to find out and i had to tell her i had lied,Sad
joy at meeting a woman i love very much,Happy
when approached by a gang of youths in town at night,Fear
when a man a stranger to me personally insulted a close woman friend of mine in public,Angry
after my father died suddenly of a heart attack,Sad
when a man spoke very sexistly in the company of some friends of mine,Disgust
when i went to explain to a lecturer whom i liked that the work expected of me was not going to be in,Sad
when i masturbated in my room,Sad
when my lover and i felt like we had gone full circle and our relationship was new fresh vital etc once again,Happy
my daughter was yrs she went up to a colt tried to hit it it turned on her and kicked her over the heart sent her flying through the air i left my mother and sister to deal to her as they are nurses i felt i didnt want to know if she was going to die it was just too much,Fear
my anger is with men their inability to be human not all men,Angry
the saddest ive ever been was when my lover was killed hitchhiking to work,Sad
with the nz rugby union wanting to send the all blacks to south africa,Disgust
that my brother and father are into alcohol two men with priviledge not using it positively,Sad
when i betrayed my lover she told me something in confidence i felt at the time i had to relay the information back to the person concerned as i felt the situation volitile did this without telling my lover she felt like piggy in the middle as she was not directly concerned maybe you could call it gossip i felt different after i had slept on it if i had waited thought now i would not have done it,Sad
a good friend the wife of the vicar of my church came up to me from the pews i am in the choir and shook my hand during the time for an informal greeting in the church service she said a few words,Happy
i walked up the main street of auckland at oclock at night i expected it to be very active with people gangs fast cars etc thought it was actually quite quiet though also oppressive i walked about half a mile and bought a drink along the way,Fear
someone in my family my brother i suspected ate a bun which i had made for myself it was during a long telephone call after i had just made it and put it in the oven warming drawer,Angry
sitting in a bus i heard behind the voice of a girl i was friendly with after her talking for some time with another girl i decided it wasnt her in fact that someone miming her which it was when i finally looked i was talking to a friend at the time,Sad
having moved into a flat within the last week i felt some disgust that a bathroom tap had been left to drip with a faulty fawcet,Disgust
i criticised an action of my mother and for the first time she genuinely took notice of it i felt shame that i was almost taking the part of a husband or at least an equal which i should not,Sad
i felt that i contributed to a possible rift in the relationship between a boy and girl soon to be married in my flat after i moved in after stating my celibacy to him which she overheard and didnt previously know about i suspect,Sad
my friend replying to my letter and again saying he was attracted to me and suggesting we write talk and get together and see how things went and his suggestion that i could ring and doing that it was really good though really insane conversation,Happy
being sexually assaulted not rape but passionate kissing by a friends father he stopped when he was driving me home i hadnt wanted the lift had refused times and then felt itd be rude to refuse again was really afraid of what he might do,Fear
i live by myself and a few weeks ago was woke by a man on the end of my bed coming up my bed at me i was really angry told him to get out he was surprised hesitated i started to move towards him and he backed off kept telling him loudly but firmly to go because id got the initiative i succeeded a very powerful message,Angry
when my grandmother died i wasnt sad so much that shed died because she was old but because she lived in the last few years in an old peoples home and had nothing very much that was hers no chair or private space and when i went to visit she would be sitting in the lliving room the tv room it was hopeless and i felt awkward so i didnt go and i was sad cos how i couldnt,Sad
when during a social evening with my father brother sister close friend and my fathers nd wife i had an argument with my father who abused my friend who was sticking up for me,Angry
when the girl whom i have lusted after expressed reciprocal feelings and then days later changed her mind,Sad
when a close friend wilfully cheated me,Disgust
while intoxicated i invaded someones a girls personal space to a large extent,Sad
while intoxicated i damaged my sisters car in a minor way and someone elses in a minor way,Sad
girlfriend arriving back from overseas and picking her up from airport when she finally appeared from customs and we came in contact again,Happy
fear of punishment for having broken an item of value to my parents,Fear
that a friend had been badly beaten and stabbed many times and the person that did it got away without any punishment from the law,Angry
the death of an animal we had reared,Sad
finding that a girlfriend of mine was a prostitute and had been seeing many others during our relationship,Disgust
not having owned up to the responsibility an incident where family car received minor damage,Sad
had started a relationship and did nothing to keep it up partly the use of another person,Sad
the feeling of joy when again i had confessed my sin and experienced gods forgiving grace and cleansing power total enlightenment and freedome bliss,Happy
riding through a bush fire on an island of australia on a pushbike as a little boy all alone lost and surrounded by smouldering wood and flame,Fear
when bicycling along a courier van started to tail me very close i sped up and moved over and he just did the same i reacted violently much physical responding in the dangerous situation,Angry
my cat was sick and i had to take him to the vet to be put down no one else there to do it,Sad
when someone i had had a relationship purely sexual with came up to me after i had used her and acted as if nothing had changed,Disgust
when a close friend entrusted me with a secret and i let the cat out of the bag,Sad
making a sexual pass at my cousin with whom i have a very close personal relationship,Sad
first time i slept with my present girlfriend had been best friends for a year but had been hesitant about getting involved emotionally,Happy
waiting for a taxi when within an hour two separate people challenged me to fight for no apparent reason except they were drunk,Fear
deliberately provoked by someone close angered by the deliberation not the provocation,Angry
my girlfriend let me down badly times in one week these instances summed up all the negative aspects of our relationship which at the time seemed doomed to fail,Sad
a close friend took part in a racist violent action,Disgust
cannot recall the emotion with any force,Sad
slept with someone close to my girlfriend and myself,Sad
hearing that i had been successful in getting a position whereby my financial physical spiritual and emotional needs will be well catered for this position fulfils a lot of my aims for the last five years of my life,Happy
when i decided to leave my steady secure employment to come to university because i didnt know if i could cope with all the requirements of study and also being older i didnt know if i would enjoy mixing with younger people also financial insecurity,Fear
when a close friend failed to live up to the expectations i had of him thereby causing pain to his spouse i believe that my anger was probably a reaction of fear that i wouldnt be able to live up to my own expectations,Angry
departure of a very close friend for a long stay overseas sharing in the sorrow of her parents who were left behind,Sad
i get disgusted with the inherent racist attitudes of my brotherinlaw in putting down various ethnic groups and also my unwillingness to challenge him about these attitudes in order to keep the peace,Disgust
my failure to provide the appropriate emotionalspiritual level to a sexual relationship that had a large physical content born out of inconsistency with my personal beliefs and value shame at largely using this sexual partner,Sad
when i deliberately engineered a situation to cause tension between friends so as to bolster the impression one of them had of me,Sad
hearing fran wilde introduce the bill,Happy
being harrassed for being gay suggestions of being physically beaten acting as informal bouncer in a gay bar,Fear
landlord putting up rents sneakly and slimily,Angry
listening and watching a tape of someone with aids being prejudiced against at a counselling course on aids with others,Sad
hearing norman jones get hysterical in parliament about law reform on the radio listening with others,Disgust
watching muldoon act as my pm,Sad
adolescent guilt growing up feeling bad immoral sexual desires some yrs ago,Sad
won a prize for effort,Happy
assaulted by drunken neighbour,Fear
i was playing in a football tournament and saw the rules openly disregarded,Angry
death of brother,Sad
reading literature on aidshomosexuality,Disgust
i am ashamed at myself sometimes when i am working with handicapped people and dont wish to be seen in public with them,Sad
i was late meeting someone for an appointment,Sad
i was feeling really low had been a series of fights with my siblings been under pressure at school and wasnt going to the party i wanted to go instead i was going out with my family a guy called and said in effect that i was nice and he liked me hence the emotional joy,Happy
i was watching a movie alone it was a horror movie the music was a deep pulsing type not really music and a light flashed on and off it was in the complete darkness of a movie theatre that was almost empty,Fear
my sister and i were fighting as usual shes older tham i am bigger built and stronger i couldnt win in a physical battle and in a verbal battle i couldnt seem to get through to her to really hurt her,Angry
my paternal grandmother had died we werent close but she was blood i didnt cry but i was sad partly due to her death and partly i think due to the fact that i couldntdidnt cry,Sad
my older sister used to pick on my brothers and sisters all of whom were younger than her on one occasion my brother did something my sister didnt like a fullscale battle began,Disgust
my first real experience with a boy we were alone i was quite young and pretty naive and he was pretty crude and real sort of macho it was dark at night during the summer and we were talking,Sad
i was using my sisters stereo while everyone was out i know she wouldnt want me to and i would get into trouble if she found out but she was only partly justified in forbidding me to use it she never found out,Sad
winning a rowing race at a karapiro regatta with other friends,Happy
being alone in europe and having to catch a train and bus to the airport then board the plane alone,Fear
at school teacher for not allowing us to go out on new years eve when on a class trip overseas,Angry
i was in a car accident on the way back from a weekend rowing regatta wed won others were in the car i thought id never be able to row again,Sad
our boarder burping after meals,Disgust
felt ashamed when in a group conversation and could not understand words or comprehend the topic of discussion,Sad
guilty when i hadnt walked my dog for quite a few days and had given her no attention,Sad
when i won a position on the trackteam for the transtasman games when i was eleven,Happy
when i was jumped by three men in a deserted area,Fear
once a person in authority school teacher was telling blatant lies about me and the headmistress would not let me defend myself she was also telling lies about other members of my family,Angry
when my mother died,Sad
when somebody who had been a bully and had acted cruelly to others who were unable to defend themselves was taken down a few notches and he began to grovel i was disgusted with his grovelling and the manner in which he had treated others,Disgust
when i was twelve i was babysitting some children but i did not act very responsibly and one of them was injured,Sad
when something went wrong for me i lashed out at someone else whom i loved and who was not in any way responsible for what had happened my sister,Sad
easter holiday i had been working weekends and had just left,Happy
havent been frightened for ages,Fear
i visited a special education school the headmaster applied a policy of strict positive negative reinforcement to the children involved children who measured up to his standards were made a fuss of children who didnt were ignored,Angry
i felt sad with the two situations i described before the cat and the school sadness was intermingled with the other feelings,Sad
next door nieghbour ran over his cat in driveway he tried to finish it off with a flat shovel i would have taken cat to veterinary to either kill humanely or cure,Disgust
havent felt shame for ages,Sad
i borrowed a friends books and forgot i had them she asked for them back and i told her i didnt have them i duly found and returned them,Sad
getting my kitten found at work several years ago taking him home in a box on my motorbike showing it to my defacto,Happy
obscene phone call where the person knew my name,Fear
at work being shifted to another area,Angry
enrolling at varsity being told i couldnt get in to certain papers,Sad
noticing my flat had maggotts,Disgust
a serious drug error while nursing that i knew i was responsible for patient lived no complications fortunately,Sad
forgot to turn up on prescribed day for jury service,Sad
when i was finally able to return to a job that i enjoyed doing after several months absence i was not needed during this time,Happy
when i was attacked by a teenage boy and had my wallet stolen,Fear
someone who was speeding was forced to slow down when i pulled out onto the road and proceeded to abuse me at the next set of traffic lights,Angry
when someone i was close to became a paranoid schizophrenic and i was unable to see this person because of the situation,Sad
when someone whom i considered my friend without telling me he was annoyed proceeded to ignore me for several meets with no apparent reason,Disgust
when some unforgiving acquaintance dragged up an old and rather embarassing situation from my past,Sad
when i made a mistake at work and when questioned about it pretended i had nothing to do with the problem,Sad
at my wedding standing with the man i love and acknowledging that fact to members of family and friends,Happy
as a result of breaking the indicator light as mentioned for guilt,Fear
arriving home from work after a long and tiring day to find no dinner prepared as i had expected,Angry
at the death of my husbands fathers mother which occurred during university examinations and therefore i was unable to attend her funeral,Sad
with a manager who insists on making crude innuendos pertaining to sex,Disgust
cannot remember such a situation,Sad
breaking the left hand indicator box by moving too close to structure,Sad
waking in morning early morning and having whole day to myself,Happy
being driven by friend who suddenly swerved and skidded a little it was night and on a long trip we ended up on side of road,Fear
friend male hinted that my talking to other men at a pub was immoral he implied that i should remain only with my boyfriend the entire evening,Angry
on rising no apparent reason,Sad
prolonged niggling of friend on a single theme which i considered of no consequence,Disgust
felt i had not appreciated my parents enough regretted the problems id caused,Sad
boyfriend doing cleaning in situation where it was my job to do it later snapped at him over trivial thing he looked downcast i felt guilty hes just done all that work for me,Sad
when my first niece was born,Happy
in a flat in sydney rough area at home on my own the flat had been burgled the night before and no way of locking the door,Fear
when the bus driver failed to stop and pick me up at a bus stop,Angry
when my uncle died of leukemia at age,Sad
watching an alcoholic woman who was approaching everyone at the wharf for cigarettes a prostitute in auckland elderly,Disgust
stealing money from my parents when i was young,Sad
two timing going out with guys at once secretly,Sad
when i went to the pub with a large group of friends we drank and danced,Happy
watched a horror movie which involved sexual attacks on women,Fear
my boyfriend promised to take me to see a game of tennis and rang saying he was going to the pub with some of his friends instead,Angry
my mother was unwell and went for many cancer tests she spent time in hospital being opened and closed many times,Sad
i was driving along and saw this young guy urinating into the gutter in broad daylight,Disgust
i kicked the dog outside on a cold night because he was annoying me the next day he came down with the flu and we thought he was going to die,Sad
i spent all weekend with a friend instead of studying for my exams,Sad
birth of children,Happy
being alone at night,Fear
in a hurry to get to lectures and the car would not start,Angry
when grandfather died,Sad
obscene phone calls,Disgust
being with a close friend in the city who was involved at the present point in time in outrageous activity,Sad
telling white lies,Sad
thought had discovered true love,Happy
stopped at lights in mangere late one friday night on way home from work alone in car when someone came up behind the car and started banging and shaking it light was red and had nowhere to go until light changed when green i took off,Fear
when fired unjustly from a job as casual barperson charged with giving away free drinks not done so and had witnesses to prove it both patrons and bar staff other staff were supportive,Angry
close friend leave to go overseas for an indefinite period farewell scene at airport,Sad
when employer made a pass at me whilst i was at work,Disgust
when caught shoplifting and the police were called in parents also informed,Sad
when caught shoplifting as for shame,Sad
receiving understanding from within self of a subject i had previously wished to understand better,Happy
to talk in a meeting expound my thoughts on a subject fear delayed me acting to do this,Fear
towards wifes laziness in not performing her usual duties because of television watching,Angry
watching suffering in third world country,Sad
observation of people lost in the profit motive ie business managers to their actions esp,Disgust
on own reading book recall came to mind of slight sexual exploitation of a female years ago ie had her on even for sexual motives,Sad
telling a lie to wife over phone about what i had been working at,Sad
meeting best friend at the airport boyfriend who i had missed terribly,Happy
confronted outside a party by some very nasty character gesturing to a car full of meanacting friends felt in danger,Fear
no response,Angry
my cat died painfully and slowly,Sad
having unwanted attention paid to me in my place of work harrassment and sexual harrassment by another worker disgusted by his implications,Disgust
close friend discovered i had deceived them felt shame at having done it and knowing that they knew,Sad
twotiming going out with person other than guy i was in relationship with,Sad
i was very pleased and happy when my older sister came home from living somewhere out of town and i hadnt seen her for months we are very close sisters,Happy
i was skiing alone and the mountain became covered with mist and i thought i was lost and was going to panic,Fear
my parents didnt allow me to go to a social function that all my friends were attending,Angry
while still at school a friend died of cancer after being ill for a long time she was yrs old,Sad
at a party my best girlfriend got really drunk and went off with a guy she knows i really like,Disgust
i was severely reprimanded for a trivial offence in front of members of my peer group while still at school,Sad
someone asked me to do something and i made up an excuse and said no i then went and didnt the same thing with someone else and hoped the first person never found out,Sad
when my brother who has been out of new zealand for years came to visit with his wife which none of our family had previously met,Happy
when i had to give a speech about some historical event to an audiece of about people my own age whom i did not know,Fear
in arguments with a close friend or relative where my point of view is completely disregarded,Angry
when my grandfather whom i had met only once for weeks died after several months i was really sad because he was a lovely person and i did not have the means for his company,Sad
i once saw a programme on tv describing how certain wild life films were made and was disgusted by the treatment of certain animals in this particular programme of the polar bear,Disgust
the nd time someone i had met cared for came over to my house i was absolutely inebriated and was sick into a bucket,Sad
the first time i went away with my boyfriend and lied about where we were staying,Sad
when my former boyfriend and i reconciled and he decided that i was very important to him i had always wanted us to get back together again but had doubted the likelihood of this so i was very happy when my small amount of faith was vindicated,Happy
when riding in a very fastlydriven car on a lose metal road at a very late hour no other cars on road and driver was taking corners very sharply i felt afraid because if an accident happened the area was very isolated also i feared for driver after i was dropped off would he make it home safely,Fear
when at very short notice i agreed to work in place of a friend who was sick and owner of the restaurant refused to allow me a drink later in the evening which is usually always available for workers did not thank me and was generally indifferent towards me i felt i did not deserve this,Angry
when i learned that my former boyfriend had become engaged although i was glad that he had found what he wanted i was very sad at my own personal loss since i had always hoped we might one day reconcile,Sad
when reading a newspaper story of a man who had committed incestuous acts on his twoyear old child the thought that anyone could do such a thing is abhorrent to me,Disgust
when dropping a carton of boiling soup onto a coworkers leg causing great pain and for me severe embarassment at my own ineptitude and shame that another person suffered as a result,Sad
when my sister had the opportunity to do some modelling work and i was quite jealous later on the photographer decided not to take her photograph and she was very upset i felt guilty as a result almost as if i had caused her to lose her opportunity by not being genuinely happy for her in the first place,Sad
i did a solo flight from ardmore to kaikohe before i got my pilot licence i can remember it was gorgeous day and i was on a natural high cruising up the coast with my maps and compasses and gear other pilots had seen me off and wished me good luck and it was a real adventure,Happy
a friend female and i were on holiday on great barrier island by ourselves one night we were nearly raped by about locals they came to our bach and tried to break the doors down all of them were stoned or drunk and we hid under the bunks and were totally terrified eventually these guys gave up and went looking for us on the beach we escaped and slept in the bush for nights,Fear
i cooked the engine in my fathers car it was actually his fault because he hadnt fixed the temperature gauge or told me when i finally got home i was absolutely screamed at and the anger i experienced was over the injustice of it all plus the huge row which developed,Angry
this sounds really predictable and usual but it was absolutely heartrending at the time my first lover i was just rang up one day and announced that he had found another woman i never saw him again and it hurt because i was positive that it was true love,Sad
i once saw an old man up the road fossicking through the rubbish bins and the gutter i was really disgusted at first but ive seen him a few times since then and now i feel really sorry for him and i often give him cigarettes when i see him because he mainly goes after cigarette butts and it is revolting,Disgust
when i was my mother discovered various items in my room which year olds arent usually expected to have mainly alcohol marijuana and contraceptives,Sad
no response,Sad
a holiday at a whitesand deserted beach a cool evening near the end of summer and we had a fire in the sand toasted marshmellows cuddled and drank champagne,Happy
skiing down a very icy slope very fast in whiteout conditions out of control with no idea of what i was doing or where i was heading,Fear
my best friend at school told lies about me to a boy i was seeing and went out with him herself,Angry
i found a baby opposum on the road and took it home and cared for it for a week it had to be forcefed and carried in a fur pouch under my jersey my father had the vet put it to sleep as he said they carried diseases,Sad
a boyfriend with whom i split up with came over to a friends house where i was visiting with a male friend in a confrontation in another room he tried to find out if i was aroused by my friend by feeling my parts,Disgust
i told my primary teacher i hadnt done my homework as my mother was in a car accident my teacher rang that night to see how my mother was she was fine ie no accident,Sad
i told my pesent boyfriend that i was an australian as are my parents as the relationship developed i found it harder and harder to confess and became sure it would end our relationship he eventually found out when told in front of me by my mother,Sad
winning a race that i had been training for for many weeks running race,Happy
when i was very young and we moved as a family to auckland from wellington this meant new school and friends etc,Fear
when someone ignores what i am saying or doesnt let me have my point of view and they monopolise a conversation,Angry
when i got into an argument with someone and was very abusive but they were a close friend and i later regretted it,Sad
when a close relative got quite drunk it was a relative that i had respected for a long time and looked up to as a child,Disgust
when i had come home drunk the day after a party i felt very ashamed in front of my parents,Sad
when i crashed by bike into an old lady crossing a road and knocked her down,Sad
listening to the opening bars of tchaikovsdys symphony no fourth movement at my sisters wedding,Happy
as a passenger in a vehicle travelling from the steep side of arthurs pass in the middle of a sleetstorm icy roads sheer chasms to one side sheer face to the other,Fear
as in sadness a relating to this slaghter of furseals,Angry
a a documentary in which baby fur seals were being clubbedspiked to death by canadian sealhunters brutally graphic b description of a disfigured orphaned child in hiroshima calling for her mother,Sad
the repression of rioting and nonrioting blacks in south africa by the police of that democracy,Disgust
breaking an implicit promise,Sad
at the age of or so i stole from a rangers fruit tree an apple and eventually was compelled to confess dostoersky would like this,Sad
seeing my sister after about years of not seeing her only spent hour or so before she was off overseas with her husband for months,Happy
i imagined i heard footsteps up the hall while sleeping in bed one night by myself in the house,Fear
stopped at a fast food shop with friends and a few locals wanted to fight us for no apparent reason they hit and picked on one of my friends,Angry
my father recently having a heart attack spending a few months in hospital,Sad
my flatmate and close friend living and sleeping with another close friend of mine,Disgust
sleeping with a girl on a saturday night and then not contacting her in later days,Sad
stealing money from a milk token jar from a close friend of the family when visiting,Sad
talking with someone i admire a lot,Happy
held under water by a large wave and thought i was drowning,Fear
came back from surfing to find car broken into and gear and money stolen,Angry
caused a family disturbance,Sad
friends calling me fat pear shaped in front of a nice girl,Disgust
when i considered writing a load of crap for this emotion,Sad
beating my brother up,Sad
i was best man at my brothers wedding a year ago,Happy
mugged while on holiday in the usa,Fear
i am one of four directors of a company we inherited land held by our family ours is the th generation a democratic decision was made to stapbank an area of mangroves,Angry
social situation at the pub a close friend of years told the group around us of advances i had made,Sad
a drunk walked out in front of a car at night both lower legs were broken his shoe was thrown about yards after the accident,Disgust
my father died years ago months after my mother died i feld my sister was responsible for his death in that she hadnt loved him i felt ashamed for myself and for my family,Sad
my grandmother wanted me to help her i was driving a tractor pulling a dead branch off a tree i told her she didnt respect me,Sad
hearing my girlfriend accept my offer of marriage,Happy
canoeing across harbour in winds knots and rising seas,Fear
brother continually interupting while i was talking on the telephone,Angry
hearing of the death of a friend who had been skiing,Sad
flicking through a magazine showing pictures of homosexual men committing various acts,Disgust
being caught by parents in a compromising situation with girlfriend,Sad
describing to mother how a hole in the wall had appeared while i was babysitting,Sad
when i found out i had passed all of my university exams,Happy
almost crashing into the back of a car while driving along the motorway on my motorcycle,Fear
when my girlfriend of two years told me it was all over,Angry
a person i really like left for overseas for a few months i had hoped to go out with her soon,Sad
i deliberately avoided a person who i wanted to hurt and who wanted to talk to me,Disgust
i passed on some gossip that was untrue and cause two friends to have a fight who were already experiencing difficulties with each other,Sad
missing lectures and avoiding university work for no reason when it had to be done,Sad
when i received my ue accredited as i was totally unexpecting it and i was so happy,Happy
i went to see a movie and i went with a friend it was really frightening and it made me stop and think about the world around me and what it is really like out there i was frightened all that night,Fear
when my flatmate put me down because she thought she was better than me or she felt she was,Angry
when a very close friend of mine went into hospital for a major operation and i couldnt see her for a while as i was not a relative she had no relatives in nz,Sad
one of my very good friends came to me for advice as her boyfriend had been hitting her and beating her quite harmfully,Disgust
when i let my girlfriend use my essay to help her to write hers and the tutor found them alike,Sad
when i had to lie to my boyfriend so that he wouldnt suspect id bought him a xmas present as expensive as i had,Sad
i received an assignment back and got an a grading,Happy
i was walking home one night after getting a bus to my town when i was confronted by a group of males about they would not let me pass they made comments etc i crossed the road and hurried home,Fear
i lent a textbook to a person i did not know very well they lost the textbook and gave me no compensation,Angry
at the beginning of the year i moved to a new city i felt sad as i had to leave many friends and family members behind,Sad
i read a newspaper article about dogs being stolen in order to use them for fighting purposes,Disgust
i was amongst a group of people talking about how the maori people were stirrers and causing trouble in our country i felt shame to be a pakeha when other pakehas had such narrow conservative views,Sad
i took my fathers car to church one sunday i told them thats where i was going i decided instead to go for a drive to the beach on the way i got a puncture,Sad
getting university entrance accredited and arriving home from boarding school on accrediting leave,Happy
thinking that i had been seen smoking at school by a teacher waiting to be summoned to the headmasters office,Fear
when my mother rejected my boyfriend and made unfair judgements on him,Angry
at my grandfathers funeral my grandparents virtually raised me as my mother was a soloparent and had to work,Sad
watching a tv documentary on seal clubbing,Disgust
i ate very fattening food in front of my boyfriend who would like me to lose weight i am supposedly pursuing a modelling career but first i must lose weight i had been trying to diet,Sad
i let my pet budgie loose to fly around my room one afternoon a few hours afterwards i found he was still free went in and out of my room leaving the door open my cat got in and killed my budgie this happened to budgies,Sad
the birth of my first child,Happy
a large german shepherd dog ran and barked at me he didnt bite fortunately,Fear
most recently when the chairman at the new zeeland rugby union announced that the all blacks would accept the invitation of south africa to play rugby in that country,Angry
when i was told a friends baby had been born with only partial sight this was her first child and she was not young the mother that is,Sad
when i first saw the state of a cafeteria in the grounds of the university due to students own lack of concern for the environment in which they eat and drink rubbish and spilled tea and coffee left everywhere,Disgust
when i as a pakeha white new zealander was just as racially prejudiced as other people whom i had condemned,Sad
when my husband discovered i was having an affair with another man,Sad
i was biking with my boyfriend the sun shining after a long period of bad beather afterwards we spent the evening and night together,Happy
i was hitchhiking and was picked up by a stranger he drove into the woods and wanted to make love with me i refused and escaped from the car when walking in the wood and hearing the car i was afraid,Fear
in a discussion the leader wanted to stop because she was of the opinion that we were not involved and she misjudged our reactions as negative we however only posed several questions which she couldnt answer,Angry
when my grandmother died she stayed with us until i had the age of when she died i was and i remember the moment after the funeral i sat on the table and cried,Sad
when i heard about the disaster in bophal india,Disgust
once in a public ladies room i opened the door of a cubicle that was taken although it was not locked,Sad
in a playground i was playing at the seesaw with a little niece i wanted to stop but nobody came to help me when i got off all alone the seesaw fell down with a big smash my niece got hurt above her eye now there is a scar,Sad
when passing the final examinations for social worker,Happy
sleeping alone in a tent while hearing several noises such as rustling etc i am afraid that there are people who are up to no good,Fear
a man kept a seat taken by putting his coat on it after a while the chair was still empty i asked him if i could use the chair he didnt agree for the chair was for his coat,Angry
when the relationship with my girlfriend broke up,Sad
a piece of work was marked as bad by the teachers i and some fellow students didnt agree with their vague criticism i felt myself taken in by the teachers and felt disgust,Disgust
some weeks ago i experienced a day that everything went wrong i broke several things i felt very ashamed for i am not a sloven,Sad
i had made an appointment with a girl to go to the movies but actually i had no mind when we arrived at the cinema it was a full house i then went back and she went to the movie alone,Sad
a friend came to tell me that her father invited me to go on holiday with them in benidorm otherwise i could not afford to go on holiday,Happy
at the age of years i always had to take care of my little brother and sister i never could sleep then i always imagined creepy men sneaking into our house,Fear
the landlord had selected a new lodger on her own while we used to do that it was not what she had done but how she did it that made me angry,Angry
it was a complex situation concerning a relationship with a boyfriend i had broken the relationship for some reasons meanwhile as i felt it i had most sorrow,Sad
i saw a terrible accident happen and i laughed a lot of the fright and because i was nervous,Sad
my mother wants to talk very often about her life i dislike this because she always talks negatively about the same people whatever i do it doesnt help,Sad
at the moment when i heard the result of an examination and it proved that i succeeded the second year of my study,Happy
i have a fobic anxiety for elevators this anxiety is worst at the moment when the doors have to open i have it often in the elevator at our university,Fear
when someone accuses me without reason and is not willing to listen to me,Angry
my boyfriend decided to make an end to our relationship,Sad
a person i know who tells lies and so pretending to be better than she is,Disgust
when i am in an auditorium with people and i ask a silly question so that everyone starts to laugh,Sad
i moved to nijmegen for my study soon after this my mother had to be admitted in hospital because of cardiac compliants i knew that my moving was an important reason for this,Sad
i cant give one description here i often feel joyful when i have done things good in relation to other people especially when my friend says he loves me and i also tell him that i love him,Happy
i was afraid when my first boyfriend threatened to make an end to our relationship because he didnt love me enough while i loved him very much,Fear
a good friend deceived me because of that little quarrel our relationship finished mainly because she was not honest i was very angry about that,Angry
i was very sad when my first boyfriend finished our relationship,Sad
i was once raped one year ago by a man who was a lot older than me and whom i just met maybe it wasnt rape but the man wanted more than i wanted to give him since there were other people in vicinity,Disgust
i felt shame when i didnt study enough for my exams and as a result i failed i then invented idle stories to talk it good for myself and the others,Sad
i felt guilty when i once went out with another boy and made love with him while i had a close boyfriend,Sad
when my boyfriend came back after being away for days,Happy
when i was sitting in a car next to a man who was masturbating,Fear
when my mother told things to my sister which i told my mother in confindence,Angry
tonight in bed when i realised how bad my relationship with my friend was,Sad
when i was in eindhoven on an exhibition of hernan nitsche who made paintings with real blood there were also photographs about the killing of cows,Disgust
when i made an end on a relationship after three years,Sad
that i didnt want my friend to leave on holiday for days because i thought i would miss him i was constantly trying to persuade him,Sad
when i was making music together with my friend it sounded very good and we were very satisfied,Happy
when my cat ran under a car and came home wounded he could hardly walk i didnt dare to go to a veterinarian because i was afraid he would kill him,Fear
i had to unscrew something on my car i didnt succeed after two afternoons of trying a feeling of anger built up itself,Angry
losing my girlfriend who made an end to our relationship by this i lost an important source of support certainty and joyful moments i cried very intensly when that happened,Sad
a few days ago i saw two dandy girls of my age i disliked their clothes and their way of doing,Disgust
during carnaval i danced for a few minutes normally i dont dance because i am rigid in my moving around during a dance i stopped very soon,Sad
i had a girlfriend which i used to call regularly then i didnt phone her for a while at a certain moment i felt a little tension which became worse,Sad
at an important moment in a volleyball game we made a point and by this we won a set from a much stronger competitor,Happy
when i went out with my dog in a forest late at night when we were on a camping,Fear
i had an appointment with someone at a certain time the other person didnt appear,Angry
when i entered the operation theatre and underwent a difficult operation,Fear
when my friends left without waiting for me after we had arranged to go out together,Angry
when they gave away my dog to other people without my knowledge,Sad
when i had to eat scraps from a dustbin because of a bet,Disgust
at the airport eighty beer cans that i was carrying in a bag spread all around while i was going through the metal detector,Sad
when i took a car which was not mine and suddenly it stopped working,Sad
when the real madrid team of basket ball qualified for the final of the europe cup at athens,Happy
on the scenic railway at the fairground,Fear
at having an argument with a stranger in the street,Angry
the same as in guilt,Sad
when i entered a toilet in a bar and it stank,Disgust
the day i finished my military service,Happy
when i was a child one day i was going home late at night and i did not notice an uncovered man hole and fell in it i was in there for several minutes,Fear
one day when i was a child my grandmother shut me up in a room,Angry
the day i left my first girlfriend,Sad
one day i was in the countryside with several friends and we began to eat figs after we were all full we noticed that all the figs were full of worms,Disgust
when i got my fingers stuck in one of the side holes of the door in the tube,Sad
i ran over my dog with a bicycle when i was carrying him tied to the handle bar,Sad
when i won the first prize in a cross country race,Happy
i found myself involved in a fight in which a person died and i had to intervene with some risk,Fear
an argument among friends in which my opinions on the way to spend spare time were disapproved,Angry
i was forced to leave an unforgettable friend,Sad
i saw the gare of a prison this gare and the building were in deplorable condition and were full of rubbish,Disgust
a mishap suffered on misinterpreting a girls proposition,Sad
i thought that i could have avoided the above situation the one in fear if i had concentrated more on my work which i hate,Sad
when i passed the last exam which i had doudts about,Happy
before i had a tooth pulled out i was very upset and ill,Fear
when the real madrid football team lost against the inter in the uefa cup,Angry
when my dog died i had reared it for nearly three years it had been ill for several days and had not eaten anything one morning i found it dead,Sad
on a trip to santander a child sitting beside me fell ill and started to vomit seeing this made me feel very bad,Disgust
i fell down in the bus when it braked suddenly and everybody started looking at me,Sad
when i finished a test type of exam and did not dare to answer any question i doubted whether i would pass the exam or not,Sad
when i was back home after a long time meeting beloved people and close friends,Happy
when i heard about the treatment of a friend in jail really inhuman i never realised that such things also happen in the netherlands,Disgust
i cannot remember a situation in which i felt ashamed i was eating with some people and a little boy i took care of i warned him often not to knock down his glass of mild when i took out his chair i knocked down my own glass,Sad
my mother always took my side that brought about quarrels with my father i knew she didnt like that and i felt very sorry for that,Sad
when on holiday in greece i called my best friend she told me she passed the examinations and that she had been admitted to the study for speech therapy,Happy
together with a little brother i biked on a lonely road in the polder then we were annoyed by a boy on a motorbike he took over stopped took over etc then we saw he had something in his hand we turned until we came across a man who accompanied us,Fear
we lived with persons in the loft of a house it often occurred that other persons again and again climbed the stairs with much noise when i was studying i couldnt concentrate and got angry,Angry
i partly colored my hair black my mother didnt like it and reproached me to be a subversive element later on she stated that this was due to my friends as i see it this all resulted from colouring my hair,Sad
i was shopping in utrecht with friends we also ate some chips and snacks in a snackbar then we saw a shabby fellow he took a cold half eaten croquette a snack from a rubbish bin and eat it,Disgust
i had subscribed for this test we were informed by our secretary where the test took place we went over there and thought there was a course so we went back again i felt ashamed that the secretary again should see me,Sad
i was out with a friend in a place where it was very very busy when we wanted to go i bumped a person who dropped his glass beer i offered a new one but he didnt accept it,Sad
it appeared that i gave correct answers to all questions during an examination of personality while i thought i performed very badly even now i dont know how i managed it,Happy
my father was very angry with me and i locked me up in the shower then my father knocked his fist through the door i was scared to death,Fear
my sister borrowed some lp records for a party she had left them in the car on curatao due to the heat they were crooked so i couldnt play them again,Angry
when my grandmother died her life was heavy and her last hours were terrible,Sad
when i watched tv and saw a performance of prince a popidol disgusting hed better be a stallion,Disgust
we had arranged a beach party with people there my father got drunk i felt very ashamed,Sad
when i flew out to my mother and made rude remarks because i felt so tense studied too hard for an examination,Sad
unofficially i was informed about my results of the final examination of the secondary school a teacher wrote them up for me when i went outside i started crying with joy,Happy
i am thinking about death the eternal of it the unknown the sense of being here often laying in bed in the dark and quiet the fear makes me feel dizzy,Fear
if they force me to eat something i dont like for example my parents always twaddle and whine when i dont eat all the food,Angry
i had to leave den helder and all friends and acquaintences after having spend two weeks there with my friends,Sad
being on view in a meatfactory pigs being cut open pigs being suspended from nods blood everywhere decompsition,Disgust
when i have suffered a terrible fit of eating that frequently occurs then i eat everything i act like a glutton i eat big amounts of food sometimes even half a loaf,Sad
when my father physically handicapped asks me to do something and i raise several objections often i can fix it in few moments,Sad
when the parents of my girlfriend gave permission to spend our holiday together,Happy
when the relationship with my first girlfriend broke up and i realized it too late,Fear
someone who always took care for the key of the sportshall stayed away without letting us know next time he did as if nothing had happened,Angry
when my last relation broke up,Sad
when working in a chemical laundry i saw rats and maggots in the washing,Disgust
when i forgot the birthday of my best friend and i innocently came to visit her one week later,Sad
when i made love with a girl which i dont really love however i know that she loves me,Sad
when i passed the driving test on the second try,Happy
i was walking in the wood at night with my boyfriend very romantic suddenly i heard a car driving very slowly with the lights out it looked as if they were looking for something,Fear
i am a teacher in arts and crafts boys from years for them it is obligatory and they dislike it they tease me when one of them cut up some material i flared up,Angry
my sister was in coma for months due to a train accident now her brainfunctions are disturbed she will never be able to walk and she can hardly talk,Sad
i lived together with my boyfriend one night he stayed away and next day he told me that he had chat up with another girl,Disgust
i talk too much cannot keep things secret i promised a friend not to tell something to anybody neverthless i did and she got informed about it i felt very ashamed,Sad
my parents appreciate very much me and my boyfriend coming and have dinner with them at christmas however we decided to visit his parents my mother was rather disappointed,Sad
when i started a relation with a girl with whom i have fallen in love already some time ago,Happy
once sitting in the cinema i became very anxious watching a cold film i do not know the reason,Fear
i work for a journal once the layout came to nothing due to thoughtlessness of some colleagues,Angry
my mother was stuck by an apoplectic fit was hemiparalyzed and suffered an aphasia,Sad
each time i am confronted with reports about repression and torture,Disgust
i wrote a letter to my father to ventilate my bottled up feelings afterwards i thought it was too negative,Sad
i chatted up with a girl who i didnt love she however was fallen in love with me i felt responsible for her sorrow,Sad
i felt very happy when i heard i had passed the examination to move up to the second year course,Happy
on a holiday in france i made a walk in the woods all alone and very relaxed then a motorbike took me over and i saw the man watching all the time suddenly the man stood behing me and i ran away fast,Fear
i invited two friends we should go out together those two girls kept talking about boys chatting up etc i bacame sick of it,Angry
i felt very sad when my boyfriend wanted to break our relationship our relationship lasted two years we shared everything and all this was finished,Sad
i broke an egg with which there was something wrong into a little cup there was a thick white wad in it i tried to take it out and throw it in the sink,Disgust
when i was years old i stained our bench with a fountainpen i tried to twin the cushions but then there were colour nuances then my mother catched me she saw it and became very angry,Sad
i spend the night with my boyfriend while there was also a friend of his we all lay on the floor to sleep when my boyfriend was fallen asleep the other boy and i started petting after minutes i felt miserable and awoke my boyfriend to tell him that,Sad
i liked to see off my aunt from zaire to the airport that appeared to be impossible because i had to go to school for long time i wasnt sure if i could accompany her two days before the departure they told me i was allowed to miss school,Happy
i went to the ballet lessons with a little friend in the dark on a very quiet place a boy approached us from behind and asked at what time the lesson would be finished i gave him an avoiding answer he took me up and wanted to run away with me,Fear
i was sleeping nicely until in the middle of the night when i became awake because a friend called me for some in my opinion nonsens reason,Angry
my boyfriend with whom i had a longlasting relationship fell in love with another girl then he asked me something which implied that he loved that girl more than he loved me,Sad
on school during a fancy fair there was a stand of amnesty international there i read for the first time a description of the tortures of a woman what they did to her,Disgust
a friend catched me while masturbating i am not fully sure whether she saw it or not,Sad
when i was years old my mother gave me some parts of a chocolate bar and ordered me to bring it to my father working outside on my way i could not resist the temptation and ate it myself,Sad
when i had to undergo the final examination of secondary school i lived together with a girlfriend we both were afraid to fail but it appeard that we both had passed,Happy
when i had left my home my father under false pretences got me in his car and drove home where we were all alone he was seethed with rage because i withrew from his authority he hit me kicked me and threatened me,Fear
when my father took away my cherised diaries to burn them i was also very sad oh how i hated him,Angry
i felt very sad when i left home because i could not stand it any longer i do not regret it but i missed my little sister very much and she missed me these feelings wear off over time,Sad
a friend and a girlfriend went to rome for days with their class when they were back home i heard people tell strange stories about my friend and that girlfriend,Disgust
when my mother found a leaf of my diary where i had written about my mothers lack of education especially her poor arithmetical insight,Sad
very often i take care for my little sister and oversee her duties most of the time everything went fine but sometimes she absolutely didnt want to obey then i hit her we frequently were hit by our father,Sad
passing my drivers examination after two failures,Happy
when i was six years old we were on holiday in france there was very heavy weather then,Fear
a quarrel with my mother because i thought she said very unreasonable things about me that hit me strongly,Angry
the disease and subsequent death of a close acquaintance sadness was accompanied with feelings of powerlessness i also experienced sadness in the situation described under guilt,Sad
when i take a look into a slaughterhouse and when listening to stories about torturing people or animals,Disgust
making bloopers eg telling something negative about a certain person while that person is standing besides you and hears everything,Sad
i wanted to finish a relationship after months unfortunately my friend had a different opinion i could not answer his feelings this made him unhappy and me feel guilty,Sad
when a friend of mine had her period while thinking she was pregnant,Happy
fear to come and live in nijmegen,Fear
when the coach of our team degraded me to the second team,Angry
when a friend died,Sad
when i saw a documentary film about world war ii about hitler and his adepts,Disgust
when i embarrassed a friend by asking him aloud if a certain person was the source of gossip he told me about while that person was also present,Sad
when i realised that i had rejected a boy who was fallen in love with me rather bluntly four times,Sad
spending the nitht with close friends after being away out of nijmegen for a while,Happy
just before i started my study i had to move i was very afraid to be left alone and that i could not manage it,Fear
when anybody wants to make me feel guilty for example i should do something for my mother but things didnt go as she hoped then she threatens ill do it myself,Angry
when a close friend took leave of me because she went to israel for one year,Sad
i wanted to take something from under my bed while doing this i felt a dead bird laying under my bed,Disgust
i stayed at home for a period because i felt depressive and i neglected my study when people adked me i told them that i had freeterm and studied hard i felt ashamed for my behavior and lies,Sad
after a quarrel with my mother in which matters were inflated enormously,Sad
a fellow player quite unexpectedly scores a goal which means a draw,Happy
in college i started a discussion with the teacher referring to a question i posed i felt very unsure and i was afraid to fail,Fear
while playing indoorhockey there always is an older man who frequently and intentionally plays the ball out of the field in my opinion this is very childish because we play for fun only,Angry
i was together with my family one night a few days after my father had died during that conversation i expressed my displeasure because nobody understands me,Sad
salo a movie film by pasolini people were misused and tortured for the fun of a few elder italian authorities during world war ii,Disgust
i was jerking me off in my bedroom when suddenly my mother came in she looked at me and immediately left the room,Sad
my girlfriend and i agreed to go to the cinema however i completely forgot our appointment i remembered it two hours too late when i went to visit her,Sad
when my boyfriend once again told me that he loved me after a period in which he felt very depressive,Happy
i was walking alone in the street late at night am it was very quiet then a man approached me and said hello,Fear
when late at night i discovered that they had stolen my bike,Angry
when a friend after being free of drugs for half a year started using them again,Sad
in a disco there was a dirty little chap who punched my bottom,Disgust
when a friend who comes visiting me unexpectedly asks for coffee and i refuse to give him this,Angry
watching a football game this remindes me of the time when my father was still alive and when we watched football games on tv together,Sad
seeing someone who has bleeding nose,Disgust
asking someone to give me back the money i once lend him because i needed it myself,Sad
when i tell someone no in other words when i refuse to do something although i could have helped him,Sad
when i got a good grade for an exam in statistics,Happy
one night at three oclock i was followed by a cardriver who tried to molest me,Fear
my father promised me a bicycle for my birthday just before my birthday he forgot he promised this to me,Angry
a younger brother of a good friend of mine died asthma,Sad
i read a book about torture the book described exactly how the torturing was done,Disgust
i made a joke about the rat of a boy i compared his rat with a sausage i told the boy he had a delicious sausage,Sad
after a courtship of three months i made an end to it the boy was very sad about this,Sad
i had a very pleasant conversation with one of my friends,Happy
i had a dream about my fiancte leaving me and making an end to our relation,Fear
my bicycle was demolished,Angry
during the funeral of my grandmother when i saw my mother and other family members crying,Sad
a fellow student who seemed very nice later on proved to be a slimy fellow towards a professor,Disgust
my father was very angry with another man in the presence of my friends,Sad
i once drank too much alcohol and became very ill this was in the presence of my friends,Sad
this week i was phoned by an old friend with whom i lost contact a few years ago,Happy
i was raped by a friend,Fear
last year i had a friend visiting me for several days the only thing he did was sleeping drinking taking pills and thinking only about himself,Angry
my girlfriend does practice and therefore leaves me alone at night and in the weekend in addition she is very busy doing several things so we dont see each other often,Angry
my father suddenly fell ill he stayed for months in the hospital the last month on intensive care of the academic hospital then he died,Sad
bisshop ter schure intoduced himself on tv to the dutch nation he spoke as if he was god himself and didnt discuss the way he had achieved this position,Disgust
after having failed my driving test,Sad
when i see that my mother forces my little brother years to work very hard for school i dont agree that she constantly puts him to work but i dont tell it to her so nothing changes,Sad
i thought that someone was angry with me but by hindsight that didnt appear to be the case he even liked me,Happy
once late at night i was biking home and overtook a man he said to me hello darling i was terrified and imagined the wildest scenes,Fear
my parents thought that i didnt do my best to pass the final examination secondary school when i achieved a good grade they said nothing but if i had had a bad grade they would have become very angry,Angry
when i caused much pain and sorrow to my boyfriend by finishing our relationship,Sad
when i read about or think about environmental pollution the armor race starvation etc then one realizes that mankind is bad most important is power and money at the cost of nature and mankind,Disgust
when i imitated a teacher behind his back walking very silly,Sad
i told someone that i still had a relationship with a boy although it was finished already months before that person seriously discussed several things relating that issue then i felt very miserable because i had told lies,Sad
a meeting and a conversation with a woman somewhat elder than me who considers me as her child she also has one child of her own last two years i lived with her no relationship,Happy
as a child i suffered of nightmares even since than i have never been so anxious and fearful,Fear
when talking with my sister she often ventilates prejudices which my father also adheres,Angry
i was in a hopeless situation in a dirty place no study no work only loneliness,Sad
it is very difficult to relate it to a certain event i am familiar with the disgust of sartre la nauste a frequently occurring cause may be described as the selfassured dullness,Disgust
recently i left my bag in the car of someone who picked me up while hitchhiking i spent some effort to find out where he lived i succeeded,Sad
in biarritz the south of france i met some english students who especially for me went to paris and gave me food while i didnt have any more money,Sad
when i passed the driving test already on the first try although i felt more and more uncertain as the day came near,Happy
when my father suffered with dizziness he had to be hospitalized because the physician didnt know what was wrong because his stools were black i thought it could be cancer,Fear
when i arranged our holiday in paris and my girlfriend raised criticisms all the time,Angry
when it suddenly appeared that our dog was dangerously ill and probably would die we had not expected this because he was always very healthy fortunately he survived because we in turn gave him medicines during the night,Sad
when a girl in my class on the secondary school appeased the teacher resulting in getting a higher grade this occurred often with her,Disgust
when i arrived too late at a meeting of mentor the night before the introduction of novices on the university start,Sad
when my father told me that i should help my mother more often because she was so busy and i realized that he was right,Sad
passing an examination although i felt sure i had failed,Happy
i lived in a studenthouse where you shared the lavatory and shower with a fellow student the shower cubicle formed the connection between both appartments my neighbour very often was drunk and aggressive one night i was afraid that he would enter my room,Fear
i suffer from a disease of my muscles therefore i am only able to attend lectures for half a day so sometimes i miss obligatory lectures however the teachers do not take into account my disease and punish me with detention work resulting in an overload,Angry
i suffer form a disease of my muscles however i cannot talk about it and my feelings the consequence with my parents they try to repress it,Sad
grandfather lives in a home for the elderly he always looks forward to visits on his birthday by coincidence it was on mummys day however nobody went to see him is the own family more important than grandfather,Disgust
going out for dinner or during one icecream and four spoons,Sad
i borrowed a piece of music of someone and i always forgot to give it back that person wrote me a letter asking me to give it back i did so and i told him an idle story why i kept it for so long,Sad
when armed robbers broke into our house at night,Fear
when a pickpocket robbed me of my money k while i was buying bathing soap,Angry
when i failed the grade seven examination,Sad
when my friend who was drunk insulted me in public for no reason at all,Disgust
when i tried to steal a book from the bookshop and was caught,Sad
when i was caught with another mans wife i had taken the opportuinty as this man was abroad but he returned that night,Sad
the day i learnt that i had been admitted to the university,Happy
when i had gone for a boxing tournament which ended at oclock in the morning i was alone on my way back and i could hear the barking of the dogs the nocturnal animals and the sound of my own footsteps there had been a rumour circulating that there were ghosts in that area,Fear
in a sadist provoked my sister in my presence he tried to force my sister into accompanying him to his place but my sister did not agree and so she was kicked and she fell down there was a fight,Angry
when my father passed away in i was left alone with my mother who was very sick so i had to go and live with my aunt who is very short tempered till my mother was discharged from the hospital,Sad
when i learnt that my best friend had failed the exams,Disgust
i broke my friends badminton racket and she kept quiet about it,Sad
boy you have been admitted to the medicine school and your uncle is coming back fron canada next week my father told me and it was a happy moment,Happy
i was in form five at the boarding school and my friends and i had gone drinknig beer in the nearby village and we were caught red handed there by a form master,Fear
when my mother quarrelled with my aunt over me,Angry
my elder brother had been expelled from college and he was so frustated that he attempted suicide he drank bottle fragments i was very sad when i learnt this,Sad
i found out accidentaly that while my uncle was away in canada my aunt had been bedding a young man on a regular basis,Disgust
it was during a school holiday i was found necking a girl in my room by my father,Sad
i was in grade seven and my class was planning a protest against a rude and immoral teacher i sneaked out and told the headmaster about it and so the plan was foiled,Sad
i won the first prize at the science fair the first of the kind at school and i was only in form ii then,Happy
a close relative of mine died in a serious car accident i was one of the first two people to see the corpse and i had to do it before going in to see it i was afraid as it was the first time that i was seeing a corpse,Fear
my younger brother destroyed and gave away some of the books that i had intended to keep for as long as possible,Angry
when a close relative of mine passed away it was the first time that someone so close to me had died,Sad
a person whom i thought to be honest took and spend the little money that i had and i had no way of getting any money in the few following months,Disgust
while watching a religious film i got very excited and made a number of comments which were reproached to me by an elderly person who respected me,Sad
i beat up a female friend after i heard the defamatory stories that she had been telling i was later called to explain my behaviour,Sad
my st birthday celebration when i cut the cake and received the presents,Happy
before one of my final exams of the third year natural sciences,Fear
when some seniors tried to scold and insult some juniors on account of what the juniors were supposed to have said at secondary school,Angry
when an uncle of mine who was close to me passed away after having had a stroke before his first daughter could be named,Sad
when my sisters boyfriend accused her of having been sleeping around,Disgust
when i could not hold my bladder while making a telephone call and ended up wetting myself,Sad
when i was made to feel responsible for the emotional state a friend of mine was in,Sad
my fianct left me for my best friend,Sad
people who discriminate other people disgust me,Disgust
on new years eve i drank too much alcohol so much that i had to vomit in the presence of other people,Sad
i have cut loose from my father a few years ago i know he is very sad about this,Sad
a recurrent lovesickness,Happy
i was sexually assaulted one night by a stranger,Fear
meddlesomeness of my mother about the way i live she thinks i am to free in my behavior for instance when a boyfriend stays the night,Angry
the dying of a close member of the family,Sad
seeing maltreated dead animals,Disgust
a much older man took advantage of me during my childhood four to eight years of age,Sad
when my friend needed my help very much and i at that moment made an end to our relationship,Sad
when i passed a very important exam,Happy
when a man rang the doorbell and wanted to enter the house with violence i was alone at home that moment,Fear
a friend came to visit me late one night he promised to stay only a quarter of an hour but he stayed hours he didnt leave and i was very angry,Angry
i had to terminate a training because i wasnt suited for it i was very sad about this because i very much wanted to finish that training,Sad
during my birthday party a friend drank too much alcohol so much that he had to throw up worst of all was that he couldnt leave my friend alone and that he was molesting her,Disgust
i tried to swindle a jeweller because my watch was broken and i wanted to have it repaired it was a pity but they detected it,Sad
someone had to do a lot of efforts to make something work with my help he would have finished much sooner but i wasnt in the mood to help him,Sad
i went to visit friends and it was very companionable,Happy
i wanted to get in contact with a girl i loved but i was afraid she would refuse me,Fear
during military service a superior reproached me unjustly this led to friction in a lot of situations,Angry
disappointed love the girl made an end to our relationship while i thought she was in love with me,Sad
during military service i heard the story of someone who tried to commit suicide and as a result of this got a week custody,Disgust
i thought of myself as being clumsy when i made love for the first time with a girl,Sad
a friend of mine had a bicycleaccident because i pulled at his handlebar,Sad
sitting alone in a quiet room concentrating on things happening around me which pleases me,Happy
sitting alone in a quiet room concetrating on things happening around you thoughts come into my mind which make me afraid,Fear
when a teacher tells a story which isnt true it only reflects his way of interpreting reality,Angry
i have high expectations for my future but if i pursue the subject in this manner i will not attain this,Sad
i heard a broadcasting programme about parapsychology the people in this programme used very difficult words which i couldnt understand they acted exaggerated without showing any feeling,Disgust
a girl asked me why i didnt dance i told her i was ashamed to dance i felt myself ashamed having to tell her this,Sad
i saved up money for a good purpose as i also have to organise a party i am afraid there will rest only a little money for the good purpose i feel guilty about this,Sad
my sister and brother in law returned from sri lanka where they adopted a child i went to pick them up at the airport,Happy
during a football game i made an offence towards an acquaintance later on this acquaintance also tackeled me and the game became very rude,Fear
i work at a petrol station when there is a foreigner who wants petrol my collegues treat him very impolite,Angry
an uncle of mine who just retired having worked hard all his life got a cerebral hemorrhage,Sad
a student who lives in the same house where i live is an alcoholic he tries to manipulate other people with his money when he has drunk too much,Disgust
when i went to a disco with a friend i started behaving badly embarrassing him without reason,Sad
when i talked to another student about the notes she got last semester not knowing that she got a lot of bad grades,Sad
when i got my drivers licence,Happy
when i stayed alone in a house in great brittain and there was a lot of rumour in the newspaper about a murderer still being free,Fear
the stories about the way my grandmother treated my mother,Angry
when my mother was proved to suffer from a very serious disease,Sad
the stories about my aunt who was beaten and humiliated by my uncle,Disgust
i omitted to do a favor to a friend while he was very much in need for help,Sad
when i had a little accident with my bosscar,Sad
every year during carnival i am very joyful i have an intense feeling of happiness then,Happy
the only event i can remember is having a nightmare when i was very young years old i dreamt about a machine which was going to crush me,Fear
i am usually angry at myself this happens often for instace when i want to pet without falling in love and it soon proves that i have fallen in love with him,Angry
losing a boyfriend for the second time to my friend he fell in love with her the same thing happened a few months earlier with another boyfriend,Sad
there is a person whom i disgust evrey time i see her i get this terrible feeling i disgust her whole appearance,Disgust
when i am angry at someone without a good reason later on it proves that he didnt do anything wrong,Sad
my mother always evokes feelings of guilt in me for instance when i miss the last bus i know she will be concerned for me and stay awake till i arrive,Sad
when i came again in contact with a girl i liked very much and most important she also liked me,Happy
do not remember,Fear
after a hard day at the university i also had to make dinner that evening it failed because of a frying pan which broke,Angry
when my father had a cerebral hemorrhage,Sad
a story i heard recently about a baby dying after sexual abuse,Disgust
during a party i overheard a conversation about china when i wanted to give my opinion one of the people came out to be chinese and his opinion was right of course,Sad
when i didnt bring my girlfriend home one night later she told me that a cardriver solicited her,Sad
when an old schoolfriend phoned me to arrange an appointment to talk about old memories i hadnt seen him for years,Happy
standing in a crowed shop or in a closed room with too much people in it this gives me a fearful experience,Fear
my older brother who gives me unwanted advices about problems in my relationship with my girlfriend,Angry
my girlfriend left the house in which we lived together a few months ago this made me very sad,Sad
when my parents behave very witty towards me they make insipid jokes about which they laugh or my mother who treats me like a little child,Disgust
making an unexpected talk with a professor in the canteen this made me shy,Sad
flirting with other girls while i already had a very good relationship when there are problems in my relationship the flirting increases as does the feeling of guilt,Sad
occurs frequently a recent experience when going out with many friends nice music after the examinations i felt so happy i could have embraced everybody,Happy
i lived alone in a repulsive area in the city of rotterdam i was annoyed heard a lot of burglary and assaults especially in the evening and the night i frequently felt anxious,Fear
being treated unfairly and being hurt by someone i love,Angry
when i finished a relation after four years leading to much sorrow for the other one and myself although it was the best solution,Sad
every time i meet a certain person we cannot get on well together we dislike each other,Disgust
when coming up for trial because of shop lifting,Sad
being catched when stealing,Sad
i fell over head and ears in love with someone who appeared to be in love with me it made me so happy that i could hardly sleep and eat for one week,Happy
one night i had to bike home all alone after a party then i found out that i was pursued by a man in a car,Fear
i had a quarrel with my father because i was of the opinion that he decided in an authoritarian way which tv program we should watch i became very angry and started throwing things through the room,Angry
my boyfriend finished our relationship when i started studying psychology in nijegen because then we would not be able to meet frequently anymore,Sad
a friend had a quarrel with the mother of her boyfriend because she and her friend decided to go and live together she needed money for removal then she made a great effort to reconcile,Disgust
i was catched when as a little girl i played tricks i was very startled then and wet my pants,Sad
i was of the opinion that pm was too early to be back at home after going out so i stayed away longer knowing that my mother would be worried,Sad
i was called and invited to have a talk about a job i wanted to have,Happy
once late at night around midnight a person asked me to give him a lift he suddenly tried to attack me but i could escape after this he followed me for a little while,Fear
there was a lot of irritation between me and a person who lives in the same house where i live suddenly it became too much for me and i accused him of several things,Angry
the end of a relationship after years by doing this i hurt the other person very much,Sad
i saw a terrible accident in which the driver of a motor was thrown through the frontwindow of a car his face was completely away,Disgust
i am troubled by hair growing in my neck i was troubled by this for a long time and was much ashamed when someone brought hisher hands close to my face,Sad
against the will and without the approval of my parents i went for a few days to my boyfriend in germany,Sad
when a friend of me came for an unexpected visit,Happy
when i thought the house was on fire at night,Fear
when i was at an official meeting i asked a question to a person his response was not directed at me but at the chairman,Angry
when the mother of a good friend of mine died,Sad
a teacher was very blunt in his relation to a child so that the child was very upset when arriving at home,Disgust
i was very angry at someone,Sad
that i didnt take the time to make an appointment with someone,Sad
after i saw my family and good friends back after staying one year in a foreign country,Happy
when a good friend of mine behaved in a very cool manner to me for a very long time,Fear
i was in the library of medical psychology and walked into the wrong direction a man who came out of a room threated me very denigrating and i became very angry in a resisting manner,Angry
a good friend of mine died during the funeral i felt an intense feeling of sadness,Sad
when an uncle of mine who is very ill started to cough wich sounded very dirty he cant help it of course,Disgust
at christmas night there was a good movie on television which i wanted to see for years i was whining about it till someone told me it was very childish then i felt shame,Sad
a good friend of mine who is at the moment in a foreign country i didnt write her for several months and now i feel guilty,Sad
when i go out with my friend with enough money and good sense to our favorite dancing,Happy
when going out i am threatened regularly by two punkgirls,Fear
a friend started to shout at me he called me an old frump,Angry
my relationship with a boyfriend was finished and i didnt succeed a yearscourse,Sad
my father is someone i disgust so when he comes close to me a feeling of disgust overwhelms me when i stay a weekend at my parents place i will remember it for long time,Disgust
after a party in which i made love with a boy in public later on i heard that others were talking about me and called me a slut,Sad
when i got associated with a boy one year ago i neglected my best friend when the relation with this boy finished she behaved very easygoing towards me i felt guilty then,Sad
when i made the winning goal during a very important football game,Happy
a terrible cloudburst started when we were camping in a tent on a great bald field,Fear
seeing for the first time pictures about the so called treatment of jewish people in nazigermany during world war ii,Angry
the death of my motherinlaw after a long sickbed at the moment of dying i was with her,Sad
i was looking at a oneman show on television he told very disgusting things so that i started to be disgusted with it later on it proved that this was his intention,Disgust
i was drinking a glass of wine and eating something when there suddenly appeared pictures about the famine in some parts of africa,Sad
when i dont go to my parents on sunday and phone them to tell them that i have to study the truth is that i listened to sports on the radio,Sad
when it appeared that i was not pregnant when i was several weeks overtime,Happy
the same situation as with sadness i was afraid about what my parents would further do to distroy my relationship,Fear
once again my parents distroyed a relationship,Angry
i had this feeling when my parents distroyed a relationship with a boy because they thought he was bad and irresponsible,Sad
after the accident which i described in shame i came to myself and saw how terrible everything looked like i disgusted myself and everything i saw,Disgust
a sudden end to the relationship with my first girlfriend,Sad
i heard part of a conversation in which one talked very low about women,Disgust
in an important situation for me my father behaved inadequately,Sad
when i took the car of someone without saying it to him,Sad
i felt joy when i heard that i was accepted for the free university in driebergen,Happy
when a good friend of me told me one evening that she didnt want to live anymore,Fear
i felt anger when at the end of a telephone call a good friend told me that she would go to travel next year with another good friend we couldnt talk this out,Angry
i was very sad when i had to leave persons with whom i had a very intense relationship i also had to leave the environment which was part of this,Sad
i felt disgust after watching a picture on television about torturing political prisoners in india this happened in the india of indira ghandi,Disgust
i made a very insulting remark against a person whom i care for very much this event was caused by a third person who didnt like the person i insulted,Sad
i felt guilt towards my mother when i went to live on rooms in nijmegen where i study,Sad
when my boyfriend and i went out for a dinner and subsequently went to his family we had a very nice evening,Happy
when i walk through streets late at night this is because i and my friends were attacked one night without any reason for it,Fear
when i got the feeling that i had to do all the housekeeping while my boyfriend didnt do anything this happened in a period of exams when i had to study very hard,Angry
when my best friend got a boyfriend because of this a relationship of ten years was finished abruptely,Sad
i feel disgust when hearing or seeing other people being treated inhumanely for example torturing in chili,Disgust
in my opinion guilt is a feeling which goes together with shame here then i refer to the situation of guilt,Sad
when i became angry at my boyfriend without any reason i know he cannot bear me being angry at him and that he cant study anymore then,Sad
the day i heard that i passed the high school exam,Happy
i was living in rooms in a very lonely quiet neigbourhood during the night it was very silent and this frightened me the fact of being alone in that house frightened me,Fear
we had to move to a very different city because the company where my father worked also moved to that place it was very difficult for me to make new friends than,Angry
a very close friend of mine died i read it in the newspaper i didnt know what to do and thought about it the whole day,Sad
a girl who also hires a room in the house where i live always tries to make a quarrel with everyone available she disgusts me,Disgust
a teacher spent a lot of time helping me without wanting to be paid for it for the exam i didnt got a good grade and i felt ashamed,Sad
i knew i had to take an exam very soon but yet i couldnt start studying i also knew it was very imprtant to succeed the exam this time,Sad
when christmas holiday started i felt very joyful when i finished my last exam,Happy
i was raped once when i went through a dark alley at the back of our house the man pushed me in the bushes i fought back and succeeded to escape,Fear
i was very angry at my father when he didnt give me as much money as my brother to use for studying once again my brother was better off then me,Angry
when my gradmother died i felt very sad then the feeling started to be worse after a while,Sad
when i ate a rotten apple,Disgust
when i didnt meet an appointment i had made the person phoned me but i thought of something i told i was ill so that i didnt have to go,Sad
when i have to take exams i am very excited and have not much time for the housekeeping then my friend has to do everything,Sad
my boyfriend was playing with my cat he was playing games with her and telling nice things to her,Happy
when i slept for the first time all alone in the house where i live now a man phoned me at am he wanted something from me i was afraid,Fear
my boyfriend told me that i had very high demands towards him in my opinion this was wrong,Angry
i hadnt been at my parents place for a long time when i went to visit them i had high expectations but when i was there it was very different from what i expected,Sad
i read a story in the newspaper about butchers treating their animals very badly they disgusted me,Disgust
i was eating in a very nice restaurant when the servant asked whether i liked the food i told him that i liked it but that there was one thing which wasnt so good the servant than worked very hard to make it good,Sad
a few weeks ago i thought about an exam i had to take soon i remembered this just before i had to go to sleep i felt guilt because at the beginning of the year i planned to succeed,Sad
during my high school time i succeeded to play a concert of mozart on the piano when i gave my first performance i succeeded to play it very well,Happy
when a car ran into me the moment that i felt on the street i thought this is my end i am going to die,Fear
when our cat was killed in a caraccident i was very angry at the driver of the car because he didnt take enough care,Angry
there is a boy who i love very much i asked him to have dinner with me but he refused i dont know why he didnt go with me but i felt very lonely,Sad
i saw a dog who was eating excrements,Disgust
during my highschool time i was chairman of the students comitee in this function i once had to make a speech to a large audience and i was very nervous after three sentences i forgot my text,Sad
during a holiday in eastgermany i got aquainted with a boy who lived there we started writing but i only wrote once i felt ashamed because i probably was one of his sparse contacts with western europe,Sad
when i saw a good friend again after not having seen her for a long time,Happy
when i slipped on a glazed frost road and a car almost ran into me,Fear
when people without my permission pry in my belongings and take things out of it,Angry
when i noticed that my parents were not in such a prosperity as most people in my surroundings,Sad
seeing a pornographic movie in which animals were used,Disgust
when i went for the first time in my life to a nudistbeach,Sad
i was caught sneaking sweets,Sad
when i went to visit a friend in the hospital she had to undergo an operation for rupture i was glad to hear that the operation succeeded and that she was relieved of her pain,Happy
i had an appointment with a good friend he came hours later than we agreed upon during the last hour of waiting i was afraid something might had happened because usally he is in time,Fear
i worked together with another student on a computerassignment she didnt do her best and didnt prepare herself for it she expected me to explain it to her,Angry
i had a quarrel with a good friend about the fact that i didnt pay her a visit when she expected me to come hereafter i was very sad because it became a real quarrel,Sad
i was hitchhiking when a man stopped and gave me a lift to nijmegen during the ride he asked me whether i was in for fun the man was fat and tatooed,Disgust
i forgot something i agreed upon with a good friend,Sad
i became very angry with my friend because he didnt do shopping while we agreed on him doing this my being angry was proved to be without reason and i felt guilty about it,Sad
when i got the positive result of my examination to achieve the bachelor degree in plychology,Happy
when i was years old i frequently was pursued by others and got sound thrashes,Fear
my girlfriend one day went out and promised to be back at pm however she first arrived at pm without a message we had to go out that evening,Angry
when my girlfriend decided to finish our relation,Sad
when once again i drank too much and felt very rotten the morning after,Disgust
when i overslept for the second time on the day i had an examination,Sad
when having a relationship i made love with another girl,Sad
when the girl with whom i am in love smiles at me,Happy
when biking and i felt very bad problems with heart and respiration,Fear
when a discussion resulted in an insult which in my opinion was not justified,Angry
when i realized that it did not make much sense to start a relationship with a girl who was not very constructive to establish a firm relationship,Sad
when i had to finish those big amounts of homework in time,Disgust
when i gave water to the plants of a friend then one plant fell over and a little statue broke i of course had to tell him everything,Sad
when i had broken a piece of glass of the refrigerator by putting a hot pan in it,Sad
on my birthday when several good friends came to visit me,Happy
i went to the apartment of my boyfriend and saw some people before his door i thought that something had happened,Fear
my father called me behind my mothers back and told me that my mother disapproved my behavior in the weekend however he didnt tell me the details and left me with unanswered questions,Angry
i felt very lonely was very dissatisfied with myself when i realised that i could feel very jealous of other women because of my boyfriend,Sad
a scene in a film in which one man repressed another one by concidence their position was reversed the other man was repressed in an identical way as he did before,Disgust
when i do not succeed in making myself clear to other people when they do not understand what i say,Sad
after the death of a girl who i disliked,Sad
i felt joyful when my boyfriend met me at the station while at first he had said that he would not do that,Happy
i was very startled when at night at am a boy approached me and yelled i fuck you then however he stopped and laughed at me,Fear
when someone does not listen to me after having asked me to repeat what i said this happened more than one time with the same person,Angry
i felt very sad when i heard that a friend had committed suicide,Sad
one night i saw a man being knocked down by two other men the victim was kicked against his head,Disgust
when i made acquaintance with the parents of my boyfriend for the first time they spoke limburgian a dutch dialect and one of my first remarks was that i disliked limburgian dialect,Sad
when i cancelled an appointment with an idle story afterwards it appeared that the person had looked forward to it and reserved time for it,Sad
for a few days i felt very miserable distressed and listless with crying fits when this was over i felt very happy although there was no special reason,Happy
i was testing my new roller skates in the street suddenly a dog ran barking in my direction very threatening i was very startled and terribly upset,Fear
out on a weekend with a group of people everybody felt irritated because at night the music didnt stop in time and at breakfast my boyfriend ran away because we didnt agree with him i felt angry,Angry
recently i felt very sad without any reason it lasted for a few days there was nothing i liked in that period,Sad
someone told me a story of amnesty international a boy was killed and his head was put in the litter of his girlfriend it looked as if she was pregnant then she died it is disgusting i can hardly write it down,Disgust
i cried for hours because i felt very miserable then i called my boyfriend and he said lovely things to me after this feeling disappeared i felt ashamed,Sad
yesterday my boyfriend and i wanted to play billiards however there were boys playing times my boyfriend then is fed up and chagrined in such case i think it is my fault,Sad
when my boyfriend and i experience something nice or when we have made a nice walk together,Happy
the weather is very bad fog and slipperiness the newcast reports many traffic accidents and my boyfriend is driving home and still has kilometers to go,Fear
someone told me that he would stay at my home for one night therefore i made big efforts to make everything ok food one day before he cancelled the appointment because he had to go to church with his parents,Angry
we had to take our cat to the vet for mercy killing an injection,Sad
when people are eating unsavoury smacking belching speaking with food in their mouth etc,Disgust
a girl in our class was nicknamed fatsy later i heard that she suffered from diabetes mellitus,Sad
i made an appointment to pick up someone however i arrived too late and she had to wait a quarter of an hour,Sad
one night i had a very good conversation with two friends i then realized how worthy they were for me and how happy i was to have them as friends,Happy
in the morning just before going to the dentist,Fear
when a very close friend with whom i have a very intimate and bodily relationship he had a girlfriend started to avoid me and didnt want to talk to me any more,Angry
when a good friend with whom i had an intimate relationship made clear that he didnt want to continue in the same way he choose his girlfriend also a friend of mine,Sad
when i made love with someone who i didnt really love sometimes i even considered him unlikable,Disgust
i had a short lasting sexual relationship with someone i didnt love,Sad
when i realized that i avoided two good friends with whom i always shared toys and sorrows i made up idle stories to avoid telling them what happened to me,Sad
my boyfriend suffered form ill health for some months this week the physician told him that he was restored to health,Happy
when going out in the weekend i have to bike kilometers through lonely and dark polders then i always have terrifying fantasies,Fear
i made an appointment with a friend to drink coffee togehter however for the third time in that week she arrived an hour too late,Angry
my dear hamster called hannes died at the age of and years his shape forced me to mercy killing an injection,Sad
i read a newspaper report that a little boy was forced to look while his sister was raped,Disgust
we had made an appointment to complete together a piece of work it appeared that i was the only one who hadnt prepared anything,Sad
i call my mother at least once a week however last week i completely forgot this morning she called me she thought i felt ill,Sad
after the funeral of an acquaintance i felt very depressed that feeling turned into joy when i heard that i had achieved a good grade for an examination,Happy
i had to call someone and make an appointment for a conversation i was very afraid to fail,Fear
when after having cleaned up the kitchen two hours later i saw that there was a big mess it irritated me very much,Angry
one night i was called and told that the father of a close friend died when i visited my friend at home and when attending the funeral i felt very sad,Sad
i cannot remember exactly such a situation but i know that once i went to a very dirty lavatory and that disgusted me,Disgust
once by coincidence i clutched a stranger in a rather intimate way thinking it was my boyfriend when by hindsight i feel ashamed when thinking about it,Sad
i once torn the inner tube of a bike that was not mine then i saw it was a brand new one i felt very guilty then,Sad
when i found out that the girl with whom i was in love loved me too,Happy
when my mother threatened me with thrushing me of the stairs when i once more should make a comment,Fear
when being made look a fool by the teacher in front of the class during a turn,Angry
my mother unjustly became very angry with me and sent me to my room while my father explained that the way she saw things was not correct i had done things with the best intentions,Sad
my mother was very angry with my little sister and told her to put her hands on the table in order to beat her hands up she forced by means of her power,Disgust
a friend came for dinner with me at home his parents are ordinary people my mother however used the very expensive porcelain dinnerservice and the silver cutlery i felt very ashamed,Sad
once after falling in love i imagined that particular girl to be perfect and completely overshadowing my girlfriend afterwards i realized that this image was not objective i felt guilty against both girls,Sad
once a week i work as a volunteer in a biologic garden this work in the garden and the contact with other volunteers filled me with joy they also gave me support after i failed passing my drivers test,Happy
my friend and i planned to search for old documents and utensils in the cellar it was very late at night when we arrived in the cellar he indicated the place where the police years ago found two dead bodies i got very scared when he told me this story,Fear
when someone made me a compliment after an examination just at the moment i needed it it was amicable hearty and sincere,Happy
when i went up the stairs in a high dark house full of shadows passed a door and had the feeling that someone or something was behind me although i knew i was alone,Fear
a friend told me it would be better for me not to be on familiar terms with another friend although in my opinion he had no reason to say such things he only said so hoping that i would search support from him that however was not necessary,Angry
i had a good relationship with two friends once without reason they clearly showed that they thought i was naive dull and unable to take care for myself while i expostulated that i could manage things,Sad
when i see that some people remain cold and egoistic with regard to close friends even in situations that those friends need them,Disgust
when i state things with great positiveness and try to convince others and it appears that my statement is not right,Sad
a certain friend evokes positive feelings when i am with him but negative feelings when he is not present i feel the need to express those negative feelings however when i speak about him i always think why do i like this he does not deserve this but still i do so,Sad
a few days ago i hitchhiked to arnhems with a friend everything went well they picked us up very quickly the sun was shining i was feeling free and for the first time after long time happy i really had the feeling that i was living at full speed,Happy
my grandmother several times has been struck by cerebral hemorrhages until now she recovered well each time but there is always the threat to loose her,Fear
i had made an appointment with three friends we had to go out together when i arrived at the place the other persons werent there i became very angry because i thought they were gone without me that however didnt appear to be the case,Angry
i finished the relationship with my boyfriend after having felt myself very unhappy for a long time,Sad
a few days after i had finished the relationship with my boyfriend we had a quarrel then he hit me at that moment i found him disgusting,Disgust
i was taking a shower in a cubicle in france then i discovered that a few children were loking at me from the adjacent cubicle,Sad
i know that a certain person feels very lonely and that she always looks forward to seeing me however often i am too busy to visit her then i feel guilty,Sad
a close relative of mine underwent a difficult operation and everything turned out fine,Happy
when i get into the tube or the train without paying for the ticket,Fear
a classmate urged me to carry out a particular protest along with him and when the time came this fellow drew back while i had to face the situation,Angry
when i failed the entrance exam to imec,Sad
when i saw someone eating live worms,Disgust
when i was a child my parents caught me with a pornographic magazine,Sad
i can not remember anything in particular what i can remember is feelings of having done or said something which then had negative consequences,Sad
when they told me that i had got a study grant,Happy
when i wore a grotesque figure hanging down my back,Sad
because i had not studied,Sad
when my father was saved from a severe work accident,Happy
when i was a child i hid under the sheets out of fear of darkness,Fear
when i first saw a person begging,Angry
when my basket ball team lost the qualification at a final,Sad
when i see rotten meat,Disgust
when a person whom i do not want to see is continously present,Sad
when i failed an exam i thought i could pass easily,Sad
when i got to know that i had passed the university entrance exam i thought that i had done one of the exams badly,Happy
when i was very young one day i was in the street with my father and brother while my father was talking to some friends i saw a dog and began to pat it my father told me sharply to stop doing it because the dog had mange then my brother told me that i would die and i could not stop crying after this,Fear
we hitch hiked our way back from a town rather drunk we were dropped in another town which was unknown to us i needed to urinate so i did it on a wall which turned out to belong to the military headquarters they arrested me and made me pay a fine of pts we had to go home on foot km since it was too late for anyone to give us a lift,Angry
i was to meet a girl in a discotheque she was very pretty and i was very happy but she did not turn up thank god there were some other friends there and i was able to have a more or less good time,Sad
i had a classmate who was rather stupid i did not like him but i respected him when he tried to talk to someone they would not listen to him and i could not bear seeing this,Disgust
i met a friend in a discotheque he was with a girl and he told me that she was not his girlfriend i to say something commented that she must be a viscious woman he then told me that she was his girl,Sad
i went to a pub with a group of friends not very close and i was with one girl most of the time while the other girls in the group wanted to be with me they stopped talking to the girl i was with,Sad
the day some friends of mine and i decided to go to galicia on holiday,Happy
before an exam which i finally did not take,Fear
at home when they lost three pieces of my puzzle,Angry
when i had an argument with a friend,Sad
when i am dirty because i have not had a shower for a few days,Disgust
once i did not have enough money to pay for a coffee,Sad
after an argument with a friend of mine,Sad
a friend of mine told me that i had passed the entrance exam to the university,Happy
before taking an exam,Fear
my family told me to leave if i was not willing to accept the conditions they imposed on me,Angry
a friend of mine called me when i was not at home i phoned her back to know what she wanted and she told me that she had dialled the wrong number,Sad
i had to change a babys clothes for the first time,Disgust
i fell outside the door of my house,Sad
my younger sister was almost run over by a lorry,Sad
when my brother was born,Happy
when i almost fell down from some rocks because i had been acting foolishly and playing dangerously,Fear
once i saw some children hunting a cat to death,Angry
the death of a friend,Sad
when i saw a scene on tv where a castration was shown,Disgust
once i answered my father rudely,Sad
when my brother ran away from home and i thought it was because of my continously scolding him,Sad
when i saw that i had passed the university entrance exam it made me forget all my problems,Happy
when i was ten i got shut in the school with a friend i had to jump out of a window and cross a beam metres high,Fear
when i was told that a boy did not want to be my friend without any apparent reason,Angry
when i learnt that a boy i liked had been with a girl for three years,Sad
when a very dirty classmate farted in my presence there was a terrible smell,Disgust
when i realized that i had a hole in my trousers after having gone for a walk,Sad
when i had an argument with my grandfather the day my younger brother was born,Sad
when i saw my year old sister at home after having waited for her all night not knowing where she was,Happy
while i was waiting for them to give me the marks of the most difficult subject this year,Fear
i had an argument with my mother because i criticized the rules she imposes at home which are too rigid and arbitrary for me,Angry
when i learned that a friend of mine had not been speaking to her boyfriend for a week after an argument because of unfounded jealousy,Sad
on seeing a scene of an accident in a magazine,Disgust
a few days back i had to ask a professor a ridiculous question because i had lost at a game of cards and had to pay a forfeit,Sad
when i shouted at my mother when she was nervous and depressed,Sad
after several days delay in my girlfriends menstration i was very glad to see that the pregnancy test was negative,Happy
when i saw a tv program on the north american military plan called the startwar,Fear
i felt angry when i saw on tv the last slaughter of negroes in south africa,Angry
when i saw the pictures of the draught in etiopia,Sad
whenever i see an alcoholic,Disgust
on new years eve when i went to the house of my girlfriends parents to meet them,Sad
when i failed an exam for which i knew that i had not studied hard enough,Sad
the day the real madrid team of basket ball qualified for the final at athens,Happy
the last time i was face to face with with the monstrous dog which lives in my street,Fear
during a trivial friendly discussion one of the participants made an intervention which made me feel uncomfortable,Angry
when i heard the last regulation of the socialist govrenment concerning pensions,Sad
when i got to know the details if the famine in east africa,Disgust
the last time i had to phone the registry after having called them so many times in the last few days,Sad
during an argument with my brother i behaved rather intransigently even cruelly wishing to morally hurt the person opposed to me,Sad
when i passed an important exam,Happy
in a rather important exam when they caught me red handed copying,Fear
when my father addressed me directly and maliciously thus including me in the family war,Angry
when my parents got divorced,Sad
when i was a child one day while playing i fell up to my waist in mud,Disgust
when i was dismissed from a job after having been accused of theft,Sad
when i was with a girl who seemed to love me while i was with her just to go to bed with her,Sad
when i passed an exam which i had failed last year,Happy
when i go out alone at night,Fear
a murder,Angry
when i failed two subjects last year,Sad
when i see people who have no sentiments,Disgust
i think that i am rather shy and do not mix with people as i would have liked to out of shyness,Sad
when i triffled with other people,Sad
when i was told that i could take a week off and go for a trip with my friends,Happy
every time i went home with my school report,Fear
during an argument between friends one of them accused me of taking advantage of some other friends who usually come to the university in my car saying that i ask them too much money for the petrol,Angry
when i learned that two of my friends had had a serious car accident,Sad
a young man was insulting and humiliating a drunken man,Disgust
my aunt phoned me to ask me why i had refused the her invitation to dinner at her home on the new years eve,Sad
i was with a girl one night and then did not call her again although she had asked me to do so,Sad
when i saw that i had passed an exam it was the last chance and there was a lot at stake,Happy
on a trip to santander we wanted to stop at a curve because a friend was sick and the car skidded of the gravel,Fear
my cousins were playing at home and one of them broke a decorative object which was very precious to me,Angry
all my friends arranged to go for an afternoon snack and they did not tell me they told me that they did not have my phone number but i do not think that this was true,Sad
when i saw a film where a black was rapeing a girl while another one was filming it for a pornographic movie,Disgust
i was swimming in the sea and a wave took the top part of my bikini away,Sad
i was looking after a child and she fell down because i was not paying her much attention one side of her face got bruised,Sad
when i pass exams or when a close friend of mine recovered from an illnessetc,Happy
fights that i see in the middle of the street robberies fear of darkness when going home,Fear
during a family discussion on my future and my prospects as a student they accused me of not bothering about looking for a job to assume my financial situation,Angry
depressions,Sad
some people whom i do not like at all and one of the reasons is their physical appearance,Disgust
for example to feel bad because of ones attire to be among people who do not belong to the same social class to give a wrong answer in class to be surprised in particular situations,Sad
some of my friends had an argument i had earlier phoned one of them and that may have influenced him to argue,Sad
when i met a very close friend of mine after one year of separation,Happy
there was an earthquake for several minutes and i was on the eight floor,Fear
an argument among several friends because of the irrational behavior of one of them who fell out with us for no reason and said that we were to blame,Angry
a classmate died after being two months in coma after a car accident,Sad
pictures of nazi extermination camps on a tv program,Disgust
equivocal situation when filling a security questionnaire on entering a government building with several people there,Sad
i left a boy with whom i was going around without giving him any explanations,Sad
when my sister was born,Happy
when they tried to rob me,Fear
when i failed an exam unfairly,Angry
when my grandmother died,Sad
when i see dead dogs on the road,Disgust
when i went to see the doctor and had to take my clothes off so that he could examine me,Sad
when my parents quarelled over something i had done and which was wrong,Sad
when my little sister was born,Happy
when i was attending an authorized demonstrationand the police rushed brutally at the demonstrators without any warning,Fear
when a professor of this faculty laughed at and was suspicious of a composition written by a classmate and me,Angry
the death of a relative friend or someone i esteem,Sad
when i saw a very disagreable scene,Disgust
when i had to represent my boss at a meeting,Sad
when i inadvertantly made some close friends and relatives feel bad,Sad
when i passed an exam,Happy
when they threatened me with a knife to take my money,Fear
when i failed an exam i thought i would pass,Angry
when my dog died,Sad
when i saw an accident where the man lost his head,Disgust
when i tripped while getting on a bus,Sad
when i hurt a persons feelings,Sad
i had not seen my brother for five years as he was not in spain when he arrived at the airport i felt great joy,Happy
when two drug addicts tried to take away my money,Fear
when i saw my brother being attacked and i could not do anything,Angry
when a classmate died,Sad
when a person saw that i was accused of something i had not done and did not do anything to defend me,Disgust
when inadvertantly i found myself in the ladies room,Sad
when i broke something and a friend of mine was blamed,Sad
i got my driving licence after they had frightened me with its difficulty,Happy
when i had to walk over three kms through a field which had wild bulls because my car had broken down,Fear
when i saw a man hitting a child of years without any consideration simply because the child had been leaning against a window,Angry
a friend of mine who was driving a car ahead of me died in a car accident,Sad
when i had to dissect a live mouse at school,Disgust
when i was a child i had to recite a poem in a show at the end of the term,Sad
when i saw a program on ethiopia on tv a fews hours earlier i had thrown away some clothes and food,Sad
when i saw that the mark i had obtained in an exam was a good one,Happy
we were in the country and i walked away from the others one night suddenly something moved sharply in front of me and i was not able to see what it was,Fear
when i was young i became very angry as i was not allowed to stay up all night for the fair in my town,Angry
when summer is over and i have to leave the town where i spend my holidays,Sad
when i saw several people washing their car with water from a drain,Disgust
when i inadvertantly entered the ladies room and met some girls on my way out,Sad
i was entrusted with an object and while using it i handled it carelessly and it broke,Sad
when i learned after the ecography that my mother was expecting a baby girl that was what i wanted,Happy
one night walking along a park i began to think that some roughnecks would appear suddenly with knives and things like that,Fear
i had an exam and i had it well prepared i did the first part very well but did not know the second part,Angry
when my parents did not let me go on a study tour,Sad
one day i was going through the street door of my house when a man asked me for a doctor he then showed me his genitals and asked me to cure him myself,Disgust
each time the professor asks me a question in class,Sad
i had an argument with my boyfriend it was my fault but my pride would not let me admit it,Sad
an invitation to spend days at the seaside with all expenses paid,Happy
a film on zombies,Fear
when males in my family try to assign house duties exclusively with referance to sex,Angry
i had a quarrell with my boyfriend and decided to finish with him and and my easter holidays,Sad
when after a storm in the country i left my shelter and saw a big fat slimy green toad by my side,Disgust
when a friend from whom i preferred to hide my private life discovered that i had relations with a man,Sad
when my brother had to spend all evening repairing a gearlever that i had broken,Sad
when i passed the university entrance exam,Happy
when i was walking down the street some boys showed me a knife and stole all my money,Fear
when they threw my holder down on the floor with all my notes for an exam inside it and they got all mixed up,Angry
when my mother was operated,Sad
when i see pornographic films,Disgust
one day i got on the bus without any money or season ticket and the driver threw me out,Sad
when a friend of mine was beaten for what was my fault,Sad
my father had an operation which lasted for hours we were all very worried but it was successful,Happy
i was walking along a subway when i saw a group of louts i was rather afraid because i was alone,Fear
an old woman was violently thrown down the stairs of the tube by a group of louts,Angry
a child years old died in a stupid way he fell from a place which was metre high,Sad
on the road there was a dead animal with its entrails showing and its skull crushed,Disgust
we were discussing a subject i knew very little about it and i was holding my ground they showed me that i was wrong,Sad
i could have passed the last exam of the public competition but i failed as i had not studied,Sad
i was studying in the library and a classmate told me that she had obtained a grant to work in the library,Happy
before knowing my marks i was not sure that i wanted to go to that class,Fear
i learned that a classmate had given a list of peolpe who help each other in exams to the professor,Angry
i phoned two friends and was not able to arrange a meeting with either of them so i had to change my plans,Sad
i was in the cafeteria at the university and a classmate told me that a friend of hers had had all her teeth taken out because of an infection caused by her eating a rats nail in her hamburger,Disgust
i had to meet a girlfriend to go out for a drink and she arrived with her aunt to whom i was introduced then the aunt left,Sad
one night after having decided to finish our relationship i took my girlfriend home while driving back home i felt that i had not handled the whole thing very well,Sad
the begining of my relations with my current girlfriend,Happy
when i am alone at night after having read horror stories and then i heard unexplainable noises,Fear
a typical family argument,Angry
the disqualification of two of my mates in the military service,Sad
the sight of vomit on the street,Disgust
when criticizing something about a person and then realizing that the person whom one is talking to is similar,Sad
not to have studied enough when exams were near,Sad
when i pass an exam,Happy
continous fear of a nuclear war,Fear
when you kill yourself with work and see the number of slakers wandering around doing nothing,Angry
when someone in my family died,Sad
to loose friends because of them overestimating themselves,Disgust
when people next to me play the fool,Sad
to force someone to do something that suits me,Sad
i thought that i was going to fail a subject and so i began to study for the final exam then my friend told me that i had passed it that meant that i could go home as i do not study in my hometown,Happy
i was in sierra nevada climbing a peak over metres high without any light and with many other problems i was afraid for my life,Fear
i was living in a flat where things did not go very well for me finally they threw me out and this prejudiced people i esteem a lot,Angry
when i read the diary of the girl with whom i was living it was about another boy with whom she had been going around some time back,Sad
the man who threw me out of the flat disgusted me,Disgust
the first time that i caressed a girl i was about thirteen and she was eighteen i noticed that it did not affect her at all,Sad
i was going around with a girl without loving her not only did i go around with her but we did many more things in the end i was not very sincere to her,Sad
i met a girlfriend again after not seeing her for several months i saw her in a discotheque we do not like discotheques but we went there because we knew we would meet there,Happy
i was walking in the countryside alone when i came across two dogs who began barking at me i did not know whether they were tied up or loose but i was afraid of them approaching me,Fear
i was angry when my sister began to talk nonsense and to laugh at the way i swept the room my anger grew i tried to control myself after telling her to leave me alone i vented my anger on her as she did not obey me,Angry
my mother was working with a knife and we were all laughing heartily she was not able to control the knife and stuck it deep into her hand,Sad
i read a book whose plot and expressions were obscene and in very bad taste,Disgust
my mother had just been teaching me how to crochet which is thought highly improper for a boy in a town just when we finished a neighbour walked in,Sad
it was about midnight and i wanted to go to the countryside i was in town to watch the stars in the sky my mother did not like this in spite of it i went out for a while my mother got angry,Sad
a friend of mine suggested that i become a film extra the idea seemed very funny to me and my reaction seemed rather outlandish to the others,Happy
one day i went to the cinema to see a film in which i was interested on arriving there i saw a long queue which i had not expected and went back home without seeing the film,Fear
when i miss the train and i am late and i have to wait half an hour for the next one,Angry
when i knew i had to go out with my mother on some errands,Sad
i saw in an icecream kiosque a cockroach walking through a cornet,Disgust
one day in class the professor asked me a question concerning something he had been explaining he was very close to me beside me and i had no idea what to answer,Sad
once i had some homework to do and i did not do it,Sad
when they phoned me from greatbritain to tell me that i could go there if i wished in summer,Happy
when i was operated on the knee and had to go through rehabilitation,Fear
in a very important basketball match where a lot was at stake i played very badly,Angry
when a friend of mine told me that he was going to commit suicide,Sad
a tv program on whalehunting,Disgust
once when i said bad things concerning a friend,Sad
family discord and uneasiness due to something i did not communicate on time,Sad
when i passed my driving test as it was the fifth time that i had taken this test,Happy
when my mother was robbed in a shop,Fear
i was given an exam which i thought did not measure at all my ability or my knowledge of the subject,Angry
when i saw the film johnny got his gun which deals with the consequences of the vietnam war,Sad
some friends and i were having lunch someone said something funny and one of the guys started laughing and spat his food in a girls face,Disgust
i was alone in the bus when i tripped and fell and dropped all my papers,Sad
as i was not paying attention my little brother fell off the table,Sad
when i passed the university entrance exam,Happy
one night while i was sleeping i woke up suddenly with the sensation that there was someone in my room,Fear
when my brother was held up and robbed,Angry
when they told me that my grandfather was rather ill,Sad
when i see someone vomitting,Disgust
when i fell head on in a fountain,Sad
i had to undergo an operation in summer and so my family had to stay at home during the holidays i felt guilty above all because of my brothers,Sad
i came across a friend with whom i had lost touch for a long time,Happy
i had decided to propose to the man i liked to make a trip together one day during breakfast i told him my idea i was afraid of his not accepting it and that the idea would end up as a failure,Fear
a person i trusted a lot gave me many false explanations to justify a wrong action,Angry
i was having breakfast with a classmate and suddenly i began to cry as i thought of a friend of mine whom i had not seen for a long time,Sad
during lunch with some classmates a priest was also there he was eating desperately as if someone was going to take his plate away he did it with gluttony he wiped his hands on his suit several times and it was full of crumbs,Disgust
when a professor caught me absentminded and not paying attention to what he was saying,Sad
one day i was alone on duty when a patient choked while eating i ran to her and tried to make her breath but it was too late,Sad
at a party on new years eve i met on old friend whom i had not seen for some time,Happy
once i failed seven subjects at school and i was terrified to give my report card to my father i left it on the table and went to bed very early in order to avoid him seeing me,Fear
when after drinking a glass of water i found a cockroach walking out of the glass,Angry
i have a very close friend who lives in another city and we have been writing to each other for a long time the last time i went to her city just to see her i was disappointed to see how great the distance between us was,Sad
they asked me to throw the rubbish into a dustbin which had some awful liquid accumulated at the bottom,Disgust
the girl with whom i was going around had been forbidden to be alone with me in the house we paid no attention to this prohibition but one day her parents appeared and i jumped out of the window they saw me,Sad
i was driving a friends car and i got close to the pavement to ask my way and i struck a parked car,Sad
every time in the last few days when my girlfriend told me that she loves me,Happy
i stayed alone in the dark at night in the mountain waiting for my uncle i remember that i took a big stone and it calmed me,Fear
we were at school in the room for audiovisual classes we were watching a film and just behind me two classmates were bothering me with their mocking and shoves i reacted angrily i suppose by hitting one of them,Angry
during a summer holiday a french girl and i had becoe back home i felt very sad,Sad
once i had to clean a lavatory which was obstructed it was in a friends country house and there was nobody there to help me,Disgust
in a mathematics class the professor asked me a question and i gave the wrong answer,Sad
when i lost my study grant without having attended any exam in the career i had started and it was too late to cancel my registration,Sad
a party i went to last christmas,Happy
when my mother had a nervous illness,Fear
during my last exam,Angry
when i had to come back from my village last christmas,Sad
one day i went to see a rather disagreeable film x,Disgust
once i had to visit a rather special person,Sad
once i accidentally injured a boy in the eye and he almost lost it,Sad
when i knew the feelings of a beloved person,Happy
a fall during a climb with almost with no previous experience,Fear
on the occasion of assignment of tasks and responsibilities in which such an assignment dispropotionately carried with it high responsibility and low ability of organisation and resolution,Angry
moving to an unknown place away from the familiar surroundings and into a situation of loneliness,Sad
when i had to sleep in a bed at a hostel which was full of dirt,Disgust
while shopping a person close to us created an uncomfortable situation for those who were with her,Sad
incomprehension and repression towards a childs behaviour commonly not accepted and making the child cry,Sad
in a dark street at oclock in the night and there was complete silence,Fear
when they broke the artistic work of several weeks changes were made and it was broken without permission they had no right to do this,Angry
when the train taking me to my military service left the station on the platform remained relatives projects and goodtimes i had a hard year ahead,Sad
a situation of overt unfairness manipulation of people and its consequences,Disgust
a childrens film in which i played a clown with spotlights cameras and the director who demanded jumps and guffaws,Sad
when a close classmate failed a year,Sad
i was talking to a friend and he said something which was very funny,Happy
when i was young i saw a horror film then when i went to sleep the film came back too my mind and the characters frighteneed my imagination,Fear
in a confrontation with a person he provoked me several times till i reacted in an angry way fortunately there were no disastrous consequences,Angry
i was watching a sad film and it affected me deeply,Sad
when i was reading a book it had nothing to do with the book itself but with the disagreable smell of the pages of the book,Disgust
in class i had to say something aloud and people reacted by laughing,Sad
in an exam i answered the questions rather carelessly and afterwards i thought that the exam would have been better had i answered more carefully,Sad
when i knew that there were at last no problems in making a journey that i had been wanting to make for a long time,Happy
it was more that fear anguish that i felt before my last exam,Fear
when i had an argument with my best friend and i thought that i was right and she was not,Angry
when i realized that it was impossible for me to be as free as i had imagined and that i could not do anythong about it,Sad
the first time i saw a pornographic film all that in practice is so beautiful but on the screen appered as something mechanical irrational disgusting and dehumanizing,Disgust
when i stated sharply something i was not very sure of and a few days later i was shown to be wrong,Sad
when i do or say something inappropriate which hurts people close to me,Sad
when a study tour got confirmed i was happy all the time till the tour began,Happy
i was walking down a road and suddenly a few dogs appeared at a fence and started barking angrily they were jumping and it seemed that they would come for me any time,Fear
when i knew that they would not give me a transfer from one university to another i began to insult the educatioon authorities and the government i ended up at the door,Angry
we went to visit my mother at the residence she was crying and said that she was about to die i believed all her complaints and continously thought of the possibility of loosing her,Sad
my dog had been run over and died near the house we had to pick him up cold and glassy eyed to get rid of the corpse,Disgust
a professor was going to read aloud in class a composition of mine in which i had criticized some political attitudes and also some classmates i was ashamed at having written that,Sad
in an exam when i answered the questions with very little assurance due to insufficiet preparation,Sad
when i received my report card in cou i was afraid of obtaining low marks but they were much higher than expected,Happy
i was at the cinema with my sister and her boyfriend a man sitting beside me started to stroke my leg for a while he left in the middle of the film,Fear
my father began to say incoherant things concerning my brothers and my own behaviour towards him his biased authoritarian and ridiculous point of view made us angry,Angry
i had failed some subjects in mathematics,Sad
i was at the table at a french friends house they served me a big dish with roast cauliflower and sauce i had to eat it,Disgust
this morning i spent a lot of time on my toilet and missed the train to the university my mother told me that i spent more time than a woman on my toilet i felt a mixed emotion of shame and anger,Sad
i was alone at home when i broke a figure and then mended it a few days later my mother noticed it and asked me about it i told her that i had no idea,Sad
when i fell crazily in love with a beautiful girl and she returned my love,Happy
when i was caught by the police and was kept with a group of delinquents which added to my fear of being shut up i was afraid of the people near me and the future consequences,Fear
when i was the target of a great many insults and completely unfair accusations of a large group of people,Angry
when my best friend died at the age of,Sad
when i entered a brothel and saw two sailors with a young prostitute who was not older than,Disgust
when i was in a religious school my teacher showed me up in front of all my classmates they were very sarcastic and cruel,Sad
having suffered a not very pretty sight i reacted by uttering some very cruel and sharp words,Sad
when i came across an old friend whom i had not seen for a very long time,Happy
i had an accident in which i hurt my eye i was afraid of having injured it badly,Fear
when i was accused of something i had not done,Angry
a close friend died,Sad
i saw some images of a decapitation in a horror film,Disgust
i slipped and fell in to a puddle and people started looking at me,Sad
i made another person cry for an unjustified cause,Sad
i received an unexpected letter from a friend i had met a short time before he sent me a poem and wished me good luck i felt very happy because i had great esteem for that person,Happy
i was walking with another person when a gang separted us and pushed me in to a house hit me in the stomach and the face then they left leaving me bleeding,Fear
a certain person started to say dreadful things very calmly i felt hurt and disgusted,Angry
a certain person whom i respect and esteem a lot pays me no attention she keeps up appearances but shows almost no interest in me,Sad
in a bus i fell sick and vomitted in a bag the entire situation was disgusting in itself,Disgust
a person a male told me that he liked me he has a problem he is a homosexual,Sad
i rejected a person whom i had always thought to be a friend i told him so and he reacted angrily i felt guilty at not having realized it before and at having hurt him,Sad
when i received some good news i obtained an amount of money i needed to buy something i had been planning to buy,Happy
when my relatives and i were in a car going slowly on a frozen road,Fear
my parents were having a typical family argument i came in and saw the scene and became angry,Angry
i was going away leaving a dear person behind,Sad
i visited a place in morocco where they worked the leather i saw the skins emerged in a liquid which ressembled putrification,Disgust
at a friends party there were several allusions to my sexual adventures,Sad
i was in a cafe with another person when suddenly several close friends of my partner appeared i did not know what to do and my partner felt uncomfortable,Sad
when i talk to my friends,Happy
when i am walking on the streets and see a gang of thugs,Fear
when people harrass me i feel oppressed by their behavior,Angry
when i am with a friend and we have to leave each other,Sad
when i saw a film in which the man suffered from an illness and his skin came peeling off,Disgust
when i was in the toilet and someone came in,Sad
when i act thinking that i know everything and i then realize that there were things i had not thought about thus hurting others,Sad
any situation in everyday life has this emotional sense in class in the street at home at the table,Happy
on a dark night i felt that there were several people near me and i did not know who they were,Fear
when i learned that several people had died in the street due to the cold weather,Angry
when i saw in the newspapers on the tv and magazines the chaotic situation caused by the drought and hunger in mauritania,Sad
the physical appearance of a meal,Disgust
i was with a group of people and everybody told me to do or say something it was a confusing strong and traumatic situation for me,Sad
in a situation with my girlfriend i took a decision later when i thought about it i realized that it was an erroneous decision,Sad
one night at a friends place i realized that i had everything i most wished around me,Happy
during a demonstration i climbed up the closed central door of a bus when the bus stopped i had to go back to the same place afraid that the police would see me,Fear
when i saw parents punishing their little child for something he had not done in my opinion even if he had done it he should not have been punished for it,Angry
a friend of mine was hurt as he thought that our relationship was not the same as before and something had gone wrong,Sad
when i was young one day in the car we fell sick and ended up vomitting on each other,Disgust
the parents of a friend of mine surprised us and another couple sleeping in thier place,Sad
a friend of mine felt bad because of something i had done to something that belonged to him,Sad
when they told me that i had been admitted to the faculty of medicine,Happy
almost always when i go to fetch the results of an exam,Fear
no description,Angry
when i decided not to out any longer with a girl whom i liked quite a lot this made me feel low for a some time,Sad
i saw a program on tv where they had to saw a skull for an operation,Disgust
i was watching tv with my parents and some pornographic scenes came on i felt uncomfortable and tried to distract my parents attention by talking to them,Sad
when i used an adjective for a person without knowing what it meant when i got to know the meaning i felt guilty as it was a clear and unfair insult,Sad
when i obtained good marks in a subject i had failed before,Happy
when a friend of mine told me a horror story,Fear
i was with my family and we found some abandoned puppies i wanted to help them but everyone said no we then left,Angry
at my grandfathers death,Sad
seeing a film in which there were several bloody crimes,Disgust
at a concert an old man arrived and began to danse sing and do silly things,Sad
i had an argument with a friend of mine she would not let me speak and then i began to shout at her she got angry and left i did not try to prevent her from leaving,Sad
when i was told that they had got tickets for me for a film marathon i wanted to see,Happy
we were on the road in a car when a lorry bypassed us we had to swerve and we almost got run over,Fear
i had applied for a job and they had assured me that the exams would take place a few months later a week later i went to obtain some more information and they told me that the exams had already taken place,Angry
i received a letter from some friends who do not live in madrid telling me that they would not come on holiday i had arranged everythiing for them,Sad
i found a big black spider near a bag of food,Disgust
i was in a very small class and the professor said something about me that made everyone look at me at the same time,Sad
i had arranged to meet my friends at a certain place and i was with other people my friends did not arrive and the people who were with me began to get tired my friends were one hour late,Sad
the man i am going around with gave me a very special present,Happy
i thought that i would be scolded for a comment i had made which i should not have made,Fear
my sister came back home and reproached me for not having tidied up the house although i had been working all morning and she had done nothing,Angry
at my grandfathers funeral i remembered that the thing he liked and respected most was earth i thought that he had attained what he wanted and was not separated from it any longer,Sad
i had to wash my grandmother because she did not get to the bathroom on time,Disgust
in a very crowded shop i was distracted and missed my turn in the queue a woman who was behind me began to shout at me asking me either to pay more attention or to leave,Sad
when i was very young one day i kicked my grandmother and caused her an injury which took a long time to heal,Sad
when i saw a friend of mine whom i had not seen for a long time and i had lost his address and telephone number,Happy
i was in my village when a bull jumped over a fence and started chasing my friends and me we were very frightened till we climbed up a tree,Fear
when i saw a car run over a child out of carelessness,Angry
i failed a subject despite the fact that i had studied quite a lot for it,Sad
when i was walking in a field which had a lot of manure,Disgust
i liked a boy and i would feel shy and then blush the more i wanted to avoid it the more i blushed,Sad
i am not very affectionate and i feel guilty as i do not give as much affection as i receive,Sad
i was spending the weekend with some friends we were waiting for another friend and we went to the meet him at the bus stop a woman we met there told us that the coach had already left i was afraid that i would not see my friend but at last we found him,Happy
i was walking down a little village at night there was nobody in the steet a dog began to bark i felt that it was following me then i began to run the other dogs started barking too at last i arrived home,Fear
my parents did not let me go on holidays with my friends,Angry
i was told that a friend of mine was going to mexico for good,Sad
finding a hair in the soup,Disgust
i was at the university dining room alone and at a table next to mine thre were several professors one of them asked me to join them i refused but she insisted all the others started looking at me and i had to move to their table,Sad
i had promised to say goodbye to a person who was going on a trip and i did not turn up,Sad
i was on holidays and i was going to meet a friend whom i had not seen for six months again i felt very happy,Happy
we were camping in the mountains and a friend and i went for a walk it was getting darker and darker and we were not sure of the right way back,Fear
i sent a book to a friend of mine the book meant a lot to me and he lost it,Angry
to say goodbye to dear friends after the holidays,Sad
ever since i have been a child the sight of any kind of wound,Disgust
at the seaside when a wave suddenly came and took off my bikini,Sad
one night i went out with some friends for dinner and i did not tell my parents that i would come back late i thought of phoning but in the end i did not when i arrived home my parents were very worried,Sad
my sister in law was about to have a child and there were some problems they had to do a caesarean after a while everything was all right,Happy
waiting for my marks in a difficult subject,Fear
i gave some personal information to a friend of mine and he told it to some others who were implicated in the affair,Angry
the holidays come to an end and the next day we had to go back to university and to the exams,Sad
there was a cat on the street it had been run over and its head was open we passed beside it,Disgust
at a meeting with over one hundred people they decided who had to speak from the stand by drawing lots,Sad
i had a small argument with a relative and some other people got implicated it resulted in a proper row,Sad
last course when i passed with good marks three subjects which i had previously failed,Happy
i was attacked by a man at a bus stop at night,Fear
my mother told me that i could not go to the mountains despite my age as long as i am in her house i must do what she says,Angry
when my nephew was taken to hospital with meningitis and we did not know what would happen,Sad
i was drinking coffee in a cafe and i found a piece of scrubber in my cup,Disgust
when i went to my boyfriends house for lunch and saw his parents i felt that they were watching me all the time,Sad
at school i did not tell the teacher that it was me who had laughed and she punished the entire class by making them stay behind for one hour,Sad
one evening i was with a group of friends having a talk there was a very trustful and joyful atmosphere,Happy
we were walking in the park at night it was very dark and very late we began to hear foot steps all around us and we could not find our way out,Fear
one day i arrived home rather tired and found the house in addition i was asked many questions which i did not want to answer,Angry
i was selected to do a rest for a foreign ballet but i did not have the money to do it,Sad
in a film there was a scene in which a rat was sliding on a bed leaving a trace of blood behind finally it entered the mouth of one of the actors,Disgust
i was swimming in the river and i lost the top of my bikini i did not notice it and came out of water there was a disagreeable classmate watching the scene,Sad
at a party several comments were made about the personal situation of one of the people present she was rather affected and uncomfortable,Sad
it was saturday my duties were over for a few hours and i could at last be with the people i wanted to see,Happy
one night i was alone at home my fear was caused by some strange noises which put my imagination to work,Fear
when i got to know about the reaction of a friend of mine in a certain situation i had not expected him to react that way,Angry
i felt alone among a large number of people i was sad to see that nobody cared about what was happening to me,Sad
i saw a sort of black worm being attacked by many ants,Disgust
when i met a friend of mine after several months,Sad
when i noticed the negative changes in a friends behaviour,Sad
i was going to my village after having been rather oppressed in madrid,Happy
i was watching a procession during the holy week and a penitent approached me,Fear
my mother read a letter that a friend of mine had written to me telling me how she had got drunk the last time,Angry
no response,Sad
i found a cockroach crushed between two folders in my bedroom i called my mother,Disgust
i ride my motorbike in my village and everyone stares at me as if i was a rare specimen,Sad
i was spending a few days at my aunts place one night i got home very late i had told them i was going to a party but i went to another place they were very worried,Sad
last summer i achieved someting that i had been wanting for a long time,Happy
i was in a camp and went out for a walk at night on my own i lost my way and spent several hours looking for the camp,Fear
my parents scolded me a lot for something i had not done it was my sister who had done it,Angry
no response,Sad
at the hypocrisy of some of my friends,Disgust
i greeted and embraced the wrong person thinking that it was my friend,Sad
due to a misunderstanding on my part two of my best friends quarelled,Sad
when my brother was born everything went all right it had been very likely that he would have a deficiency my sister suffers from downs syndrome and that my mother would be in danger,Happy
when we got lost in florence and the coach did not turn up until midnight i had no place to go to and there were strange reports at the police station,Fear
when an english teacher unfairly made me repeat a semester which i thought i had passed i had to ask my parents for some more money to carry on studying,Angry
the person whom i liked most left me for a friend of mine after several months of mutual help and a profound knowledge of each other,Sad
in a park near our home a group of young people who were strangely dressed were seated in the middle of the street they began to eat while carressing each other,Disgust
i feel this emotion very often when i try to express my feelings in public because other people do not understand my reactions and think that i am silly,Sad
a friend of mine said in a group that she felt lonely and withdrawn from everyone because of mental deficiency,Sad
when i passed the university entrance exam i had thus finished with a difficult period of my life and i was about to begin one which i had desired a lot,Happy
when i was at home alone i felt a supernatural force dangerous for me and the people close to me,Fear
when my father made my mother go through really terrible situations i felt furious impotent nervous upset,Angry
when a person whom i loved and admired a lot died i felt empty lonely helpless without support not knowing what to do,Sad
when i came to know that my father and his parents were self interested dirty negative egoist bad peolpe,Disgust
i think that the only time i really felt shame was when i was very young and i had to defecate on the street i was very worried in case someone should see me,Sad
when i was young i felt guilty because i thought that i had commited a grave sin,Sad
on my birthday when i was given my presents,Happy
we were riding in a friends car he was driving very fast and suddenly a another car crossed the road in front of us my friend had to turn the car rapidly,Fear
when i found one of my new pullovers wrinkled inside the wardrobe my brother had done it,Angry
when i went to see the result of an exam and saw that i had failed,Sad
when i was getting up i found a live cockroach in my bedroom,Disgust
the mother of a friend of mine passed by me and saw me sitting on a boys lap i tried to greet her but could not help blushing,Sad
a friend of mine had the sleeves of a leather coat stolen from his car it was me who had left them there for everyone to see,Sad
the final marks were to be given in the morning i wanted to get there late because i was very afraid when i arrived there everybody was very happy and i had also passed we had a wonderful time all day long,Happy
i went to visit a friend in hospital he was going to be operated the next day i was afraid that they would not let me in and i did not know what his reaction would be on seeing me,Fear
a friend of mine played a joke on another friend over the telephone this friend crying called me and i got very angry and made the other person apologize,Angry
a friend of mine told me that my boyfriend had been with another girl this summer we had been going out together for four years and we had not done so for the last three months i could not believe it,Sad
i was at a friends place for lunch and she fell ill and vomited,Disgust
i was dancing in a theatre i was not sure whether some frieends of mine had come to see me i was very scared of doing things wrong,Sad
classes were over and i wanted to go home a friend of mine asked me to wait for half an hour to take him back home i said no,Sad
on holiday seeing the lanscape in gerona,Happy
travelling by coach on a rather narrow and wet road,Fear
they wanted me to pay for a ticket twice because they said that the one i had was out of date,Angry
when i came back from my holidays,Sad
when i saw an insect going up my arm,Disgust
when i entered a bar looking for a friend,Sad
arguing with my younger cousin she is rather a nuisance but i felt sorry,Sad
when some friends of mine asked me to go camping with them for a fortnight,Happy
once when i was very young my mother left me alone in the house and came back very late,Fear
when my aunt told me angrily that i was a goodfornothing and she was fed up with my behaviour,Angry
when my parents and sister went on a trip and i was separated from them for about three months,Sad
when a person i did not know hurt a friend of mine,Disgust
when the literature teacher made me recite a poem in the middle of the class and i had to gesticulate,Sad
once when i arrived home very late my parents had an argument because of this my mother wanted to stand up for me,Sad
i phoned a friend of mine to ask her for news about the marks in an exam she told me that i had passed,Happy
i was spending my summer holidays in a village my friend and i were coming back from a discotheque at night and we heard a noise from an alley we were very scared and we got into my friends house a moment later an unknown car picked up a person from this alley,Fear
my mother and i had an argument over buying some clothes for me she did not accept the fact that i did not like the same things as her and we ended up shouting at each other,Angry
one day i was home and there was a phone call informing me that some of my relatives had died in an accident,Sad
when i saw a film in which there was a scene where women were cut to pieces above all it was the blood and the confusion which impressed me most,Disgust
i was walking to school and i passed by a red cross post where there were many soldiers they began to pass remarks at me,Sad
a friend of mine trusted me to back her in a decision she had made but when the moment came i did not agree with her opinion,Sad
i was told that i had passed the statistics exam i had not expected this so i was very happy,Happy
when my brother hit his head and lost consciousness at the sports practice for some time he could not remember what had happened but he recovered later,Fear
i get angry with my brothers and sisters when they do something that i do not like they know this and still do it so as to tease me,Angry
when my grandfather died,Sad
when opened a box of biscuits and found worms inside,Disgust
when i was young i was told to to the shop to buy a dozen eggs i went and asked for one egg and the people in the shop laughed at me and so did my family when i told them what had happened,Sad
when i arrived home late at night i know that my mother gets worried and this made me feel angry,Sad
when i spoke to my daughter and wished her luck for the examinations she was about to take,Happy
when i was told that my daughter who is at a boarding school was very ill and that they needed me there the same day,Fear
one day in a clinic the father of a child came in and assaulted a colleague for something that she had not done deliberately,Angry
when i was told that my uncle had passed away,Sad
the transport to pick us up for lunch was always late and the driver made the same excuse every day,Disgust
one day when i came back home i found my favourite dish broken i blamed the servant for it later i found out that it was not the servant but my daughter who had broken it,Sad
when i did not give back a text book to a friend in time,Sad
when a cousin of mine was discharged from the hospital after a long illness i had thought that this illness would never end,Happy
when a man who had a knife grabbed me and threatened me with it during my holidays in monze,Fear
a certain friend tried to push me off a seat in a very violent way for no apparent reason it may be that he was excited about something,Angry
when the neighbour of a friend of mine was stabbed to death by thieves in kabwe they stole his van,Sad
when we were young a friend of mine tried to dissect a frog while we were playing near his home,Disgust
the time i shouted at most of my friends at a party it was as if all my friends had done something wrong or may be it was the influence of the beer,Sad
when i blamed my niece for misplacing my book she denied having touched or seen it but i carried on insisting that it was her,Sad
after going through much shame i became a christian and something new happened in my heart joy that overflows was manifest in me,Happy
when i was about six years old i mistook a cat for a leopard when it entered my room at night,Fear
when a person the same age as me insisted that i call him mister i refused to succumb but he persisted and i got angry as he had belittled me,Angry
when i lost my father on the th of september he died of a sore on the leg,Sad
when i failed the grade twice and only passed it the third time,Disgust
i was going around with a foreigners wife and my entire family got to know about it this was just when i had become a christian,Sad
when they found out that i was absent from school i had gone to the girls secondary school,Sad
when i first passed a job interview,Happy
i was almost caught in the girls hostel by the security men i would have been expelled from school had i been caught,Fear
when i was accused of having refused to do some hostel work while i was at school actually i had not been allocated any work,Angry
a friend of mine could not make it back to unza after having failed the exams,Sad
i usually come back home early but this day i came home back late to find some visitors at my place,Disgust
i got pass marks in the hss compulsory courses while most people performed well,Sad
i destroyed my stepbrothers bedsheets by mistake they were the only ones he had,Sad
when i heard that i had made it to the second year at unza,Happy
when my fathers home was to be broken into by thieves who had guns,Fear
when a friend tried to back bite me on false grounds this made me wonder if he was a really a good friend,Angry
when my girlfriends nephew passed away,Sad
when someone whom i trusted disappointed me terribly,Disgust
i was with my colleagues and we met an elderly man who was very drunk as he approached us he started to undress,Sad
when i lied to my mum who later came to know that what i had been teling her was false,Sad
when i hooked a girl in kitwe she was very beautiful for my standards a rare bird of this kind accepted me as a boyfriend,Happy
when someone tried to bewitch me and my friends at night,Fear
when i was victimized for running away with a girl who was somebody elses wife and niece at the same time i was very angry over this issue because i was told to pay him money after having been punished for it,Angry
soweto uprising in south africa and the racist gouts reaction to the students demands concerning the educational system,Sad
when i got grade c in m at the end of my first year at unza i had expected a c or a b as m is easy going by my capacity in mathematics,Disgust
when i was found urinating behind a toilet instead of inside it by my class mates and the teachers i was told to pick up my own urine from the wet soil i did it,Sad
when my uncle found me having sexual intercourse with a distant relative of mine in the sitting room on the couch i failed to stop and get up i carried on,Sad
when i was accepted for further education here at the university,Happy
when i was walking at night i saw fire suspended in the air and it was split into several segments by something i could not see i suspected that it was witchcraft,Fear
when i was accused by my brother of having stolen a kwatcha note from my mothers bag i was beaten up for this the money was found later,Angry
when i received a message that my brother was seriously ill and was in hospital,Sad
when i was refused a transfer from my school to another simply because it was far away from my house,Disgust
when i was taking an exam in grade the examinator found me with a notebook and accused me of copying all the students laughed at me,Sad
when i was caught stealing mangoes in a certain compound,Sad
when i got first division in the exams before leaving school,Happy
when i went to town in a double dekker bus the bus was about to fall on the way when the driver controlled it it had almost fallen,Fear
when i was in form my aunts lied to my daddy telling him that i had told them that i was pregnant my daddy told my mother and she asked me if it was true i was very angry with my aunts,Angry
when i received a letter telling me that my mother was very ill,Sad
when a drunkard in town yelled at me saying that i was a prostitute,Disgust
my brother came to see me and found me with a boy friend when my boyfriend greeted him he did not answer and instead started shouting at me and scolding me in the prescence of my boyfriend,Sad
when i went to my roommates drawer to see if she had an iron which i could use she came in i felt guilty as she may have thought that i had been stealing,Sad
when i had my four children,Happy
when two of my children were critically ill with measles,Fear
when i got a low grade in an administration course,Angry
when i got divorced from my husband after ten years of marriage,Sad
when my mother betrayed me by obtaining money from my husband when we were separated pending divorce,Disgust
when i gave my boyfriend a brushoff,Sad
when i beat up my son for having beaten up his sister,Sad
this happened when i went to check my first year results i had thought that i would fail and i found that i had a clear pass in all my courses,Happy
when i woke up at night to find a fire spreading towards the bed rooms i was very frightened as i realized that i faced death,Fear
when a friend of mine was trying to make a fool out of me,Angry
i experienced this emotion when my friend committed suicide after we had spent the afternoon playing and discussing life and its problems,Sad
when i heard of the assassination of the indian primeminister indira gandhi,Disgust
when i got drunk at a party and made a fool of myself by vomitting all over the place and insulting the people who were there with me,Sad
when i was caught sneaking back into the house at night after having gone to a disco without permission,Sad
when i was told that i had passed the exams,Happy
when a thief broke into my house at night,Fear
when my sister broke my china tea set,Angry
i felt very sad when my son died after a short illness,Sad
i met my best friends husband with a prostitute,Disgust
when i failed to answer a simple question,Sad
my brother wanted money but i refused to give it to him two days later he stole it from my father,Sad
when i learnt that i was selected for form i,Happy
when i was nearly beaten up by the brother of my girlfriend,Fear
when i heard that my girlfriend was talking behind my back and looking down on me,Angry
when a friend who has been with me at school failed to make it to unza,Sad
when my girlfriend told me that she was no longer interested in me,Disgust
i choked on a cold drink in front of girls who were strangers,Sad
when i was caught with my girlfriend in the house at night,Sad
when i passed the grade exam,Happy
when i was told by the doctor after many months of coughing that i had tuberculosis,Fear
when a cousin of mine took my bottle of tb tablets put water in it and threw it in the dustbin,Angry
this happened when one of my uncles died just whan i was planning to go and visit him during the next holidays,Sad
when i realized that my closest friend had said bad things about me when i was not around and had betrayed me by making friends with my boyfriends other girl,Disgust
when five of my friends at the secondary school found out the bad things that i had been saying about them,Sad
when my mother returned from a holiday i told her a lie ie my father had brought another woman home while she was away,Sad
the time i qualified to enter secondary school,Happy
one evening i saw the old guardman i knew change into something inhuman for about seconds this really frightened me,Fear
when i was mistakenly accused of being a thief when i accidently gave a fake coin at a counter i realized this before i handed over the coin but the man called me a thief and called a witness,Angry
the day i woke up to find that a kitten i had wanted to keep had been eaten by the neighbours dogs it had been locked out by my wife who claimed that it had dirtied the sheets,Sad
the day i was forced to use a public convenience place in town it was so filthy that it really made me sick,Disgust
my mother caught me stealing some food when i was a young boy,Sad
when i gave in to what my wife wanted and locked the cat out it was killed by the dogs,Sad
i felt joy when i came to know christ that is when i became a christian,Happy
when i broke the window pane of my next door neighbours house,Fear
when my brother did not send me the transport money to resume my studies in time at unza,Angry
when i heard that my nephew had passed away,Sad
when my father thought that i was an unrelaible son,Disgust
when i stole a book in class and the teacher caught me the rest of the class laughed at my attempt,Sad
when i insulted an elderly person for no reason,Sad
when my uncle gave me my first years results i opened the envelope and my eyes ran into two b in ec and m this meant that i had qualified for a major in economics,Happy
i turned the knob of my grannys two band radio and did not hear any broadcast what have i broken the knob how much does it cost what if the spare part is not available i did not know how to tune a radio,Fear
i peeped into maurines bedroom and saw two people maurine anbd my stepdad i thought why did she break her promises why had she invited me why do old men go for young girls,Angry
when i missed the chance of becoming a graduate in mining engineering after having prayed one week in the church i was not even selected,Sad
i stormed into the room hoping to cool myself with some soft music from my three band radio cassette there was only young kaley there and he explained your aunt has sold it as she wanted to buy clothes,Disgust
when a lady i was flirting with told all my classmates that she was in second year while i was in first year everyone laughed and started looking at me,Sad
my cousin knocked on the door looking for me to get her watch back i had given it to my girlfriend lizzy as a present,Sad
this was when the girl i was in love with accepted my proposal and everything went smoothly just as i had wanted it to it was contrary to my previous feelings of uncertainty about her response,Happy
it was when i dreamt that i had encountered satan he wanted to grab me and take me to his kingdom he was very repulsive and i have never seen anything like that before,Fear
this was when i found out that a cousin of mine had taken away my trousers without my consent,Angry
when i failed a test at my primary school i was then in grade and we were about to take the main exam,Sad
this was when i saw for the first time a naked woman prostitute run away from a house after having been discovered by the guardian,Disgust
this was when i was discovered stealing a piece of bread at home i was very hungry a few hours before supper,Sad
when i was afraid to tell my sports teacher at secondary school that i had not participated in the sports activities the previous day,Sad
i was in grade we had an interhouse volleyball competition in luapula i was the youngest member of the team and i scored the winning goal using my head i jumped up with joy and fell down,Happy
i was escorting a relative on a bike we passed by a dark road with bushas on each side half way down this road suddenly we saw a white dog appear from one side before we could do anything it had vanished and moreover it did not seem to have any legs,Fear
the comrade staying next doors insulted me for what he called the misuse of his iron he called me stupid self centered etc i wanted to punch him but instead went for a walk to the mining school to cool off,Angry
a close relative was at odds with a very powerful firm all his things had been taken his dad had died a little before this event he gathhered his children and vowed to give them a good life with a new start the words were hollow he bit back his tears i asked to be excused and then went and cried in the loo,Sad
a pig in the well from which we drink,Disgust
my girlfriend had started going around with another boy her cousin also a friend of mine asked her as to who she preferred both of us were present and she chose the other guy,Sad
i bumped my dads car in a lamp post he was not at home then neither was he home when i left for the campus i did not tell him about the accident and i will never tell him,Sad
i was at school whhen i received a letter from the dean of my school congratulating me for my performance at the previous years exam,Happy
this was at secondary school a prefect framed up some case and took it to the deputy headmaster i was called by the headmaster and he threatened to suspend me,Fear
when i travelled all the way to my former school to collect my certificate only to be told that i owed them some money i knew nothing about this,Angry
my sister was in a hospital later in the evening we received the information that she had died,Sad
when at school i thought that i was going to get the best results in mathematics but it was someone else who got the prize,Disgust
when i received a letter from my girlfriend telling me that she was engaged to an another man,Sad
i felt guilty when i heard the results of my friend who had failed i wished that i had helped him,Sad
my being admitted to unza,Happy
while paddling in the river during a storm i feared drowning,Fear
i entrusted a friend with the delivery of some money to my father however he misused the money,Angry
the loss of my mother,Sad
over an argument,Disgust
at school being whipped by the teacher in front of the class,Sad
when i had sufficient amount of money i brought more clothes for myself than for the children i felt bad about it,Sad
my first kiss,Happy
when i saw a ghost,Fear
my trousers zipper was open when i was at a public wedding,Angry
when a friend left me and went back home for good,Sad
when i failed an exam,Disgust
insulted my girlfriend during a peptalk,Sad
i caught a close relative with the servant of the house,Sad
when i passed my form three exams,Happy
the time i was threatened with expulsion from secondary school form four,Fear
when i discovered that the people i trusted most were talking behind my back,Angry
when i heard about the death of my aunt,Sad
when my brother promised me money but he failed to fulfill the promise,Disgust
i was running in front of a crowd when i slipped and fell on a wet lawn,Sad
when i took drugs,Sad
as the time to get the results drew near i became more and more anxious my friend called me and said you have passed my heart was full of joy,Happy
i watched a very terrfying film in lt this film really pushed my heart out of my body and i was forced to go out before the second reel ended,Fear
i have been hearing rumours that you have not been allowing people in your room he said this sentence really shot my heart i failed to find the right words instead i walked away without uttering a word,Angry
one saturday morning i had got ready to go out swimming with my friends unfortunately the weather did not permit it so we stayed indoors,Sad
one day i went to town to get my grocery on my way back i took a mini bus which was full of drunk students i felt very disgusted,Disgust
i had gone to aa bookshop to buy some books somehow i got very cross with the security guard checking through what i had bought i lost my temper and screamed at him later i felt very ashamed at myself as a lot of people i know were there,Sad
i remember deceiving my brother i told him that i was going to attend the sunday service instead i went out to the town with a friend,Sad
when i heard that a close relative of mine had given birth at a very young age in a very remote area and had had very few problems,Happy
the possibility of having failed the examination,Fear
when someone chased me from his house,Angry
when i realized that i did not have the basic things needed by a student like me,Sad
when some people including me are treated in a way which equates them to an animal or a thing,Disgust
when someone i know was caught in an adultery situation,Sad
when i did something wrong in the past and denied having done it when asked about it later,Sad
my girlfriend wrote to me telling me that she was four months pregnant and that i was responsible for the damages this made me happy as i longed to have a child to call mine,Happy
the shooting started and we all lay down to protect ourselves from the flying bullets this incident occured on our way to feira during the zambia army patrols in the rhodesia war,Fear
i went to the dining hall and found that the cooks were cleaning the plates and there was no food for me and the blue birds security guards were busy eating the food that was supposed to be for me,Angry
that afternoon i received two messages informing me one that my brother was in a coma in the uth suffering kidney disease and two that my uncle met with an accident on his way to the hospital to see my brother,Sad
this happened when i went to visit my friend in chelston and found him screwing my girlfriend,Disgust
when i walked out of my room with only my pants on and found my girlfriend and her female friend looking for me outside,Sad
my father caught me having sexual intercourse with my closest cousin there was nothing wrong with it but the female was too old for me,Sad
when a girl i wanted very much said yes and fell in love with me,Happy
one evening when i had gone fishing with my friends we heard the roar of a lion near by and had to run for our lives,Fear
when somebody stole my brothers disco machine,Angry
when my uncle died,Sad
a classmate answered accidentally the call of nature in the class during a tough mathematics examination,Disgust
i was double crossing my fiancee and one day she caught me red handed she forgave me later i was very ashamed of what i had done,Sad
i took some money from my parents house without asking them for it and i was caught red handed,Sad
i was very happy when i discovered that i had passed my first year examination and was among the thirty students who would major in economics,Happy
i was approaching my exam time and my books got stolen i was in a panic as i thought that i would not do well enough to be considered for the economics quota i cried a lot but that did not help and as the exam day came near a strange fear gripped me,Fear
i was annoyed this particular day as it seemad that the odds were not in my favour my grandfather added fuel to the fire when i had an important appointment so i unleashed my anger on him,Angry
it was the time i went home for my holidays only to find that my sister had passed away the news had been hidden from me so that i could take my exams,Sad
when i discovered that my mother had been involved in adultery,Disgust
i was caught stealing food at my aunts place i had tried to hide the food i had taken from the pantry while my aunt was in the kitchen however she went to the pantry and discovered the stolen package,Sad
dad had just married his second wife my stepmother and i did not like her so i went to the wardrobe and set fire to her dresses eveyone suspected my brother and he had to bear the consequences nobody ever got to know that it was me who had done it,Sad
when i was accepted at unza,Happy
when i heard a lion roar for the first time,Fear
when a friend told me that my education had nothing to do with our discussion this friend has failed the th grade what made me angry was that i had not used my education to argue,Angry
when my beloved grandfather died,Sad
i was disgusted at the university wanting some of us to travel from our homes to the lectures here every day the way the whole thing was handled disgusted me,Disgust
when i was leaving home i decided to leave without saying goodbye to my young brother my brother saw me and said will you not say goodbye to me he is only years old,Sad
when i cheated my father about the book allowance at university he discovered that we were given k per year for books,Sad
i experienced joy when i got the results i had made it to the second year,Happy
when i was going home i saw somathing which looked like a snake on the road but later i found out that it was only a stick,Fear
this happened recently i was in the dining hall and one of my friends with whom i was eating called me a fool,Angry
i experienced this when my maternal grandmother passed away she was the last of my grand parents to pass away,Sad
this happened when i could not get into the school i had initially wanted and ended up doing something i had never thought i would do,Disgust
i insulted the girl to whom i had proposed when she turned me down,Sad
my mother had sent me to buy a few things the change i brought back was not right as i had given away some money to a friend thinking that she would not notice it however my mother told me that the change was not correct,Sad
when my first child was born,Happy
i was walking through a thick forest and there was a big snake at a distance of about four metres,Fear
when my daughter began staying away from classes at the age of nine only,Angry
when my wife died in hospital she was pregnant and had undergone an operation,Sad
when my best friend started getting involved in my private affairs,Disgust
i was very drunk at a certain wedding party and i got involved in a fight,Sad
i send a word to my boss through my servant telling him that i would not report for work as i was not feeling well and that the doctor had refused to give me sick leave my intention was actually to go out of lusaka for a weekend i left the same day and the following morning my boss found me in mongu i felt guilty when asked to explain things on my return,Sad
i received a letter of acceptance from unza,Happy
we were driving at night and i realized that a car was following us,Fear
i reachad home to find that my baby had not been bathed and fed,Angry
i saw a dead child which was not covered it had been knocked down by a car,Sad
i saw a friends husband with another woman,Disgust
i scolded my sister without waiting for her explanation,Sad
i accused my husband of being late deliberately when he came to pick me up from work,Sad
when i was appointed by the ministry of health to join the teaching staff of one of the medical colleges,Happy
when i took blood from a patient for alcohol estimation and urine for some other examination he told me that something bad would happen to me as he would play magic on me,Fear
when the dean of unza asked me to vacate a big flat i was occupying and take up a smaller one as i was becoming a full time student at unza,Angry
when my close friend was involved in an accident and passed away instantly he had gone to buy a new car and had asked me to wait at his home so that i could see his new car,Sad
when i was told that the brother who was staying with me would not go to the training school that year but only the year after,Disgust
a patient to whom i had given a powerful medicine shouted at me in front of many people i realized that he did so because he was very ill,Sad
when i broke up my relationship with my former girlfriend as she would ask me irrelevant quetions about my past,Sad
when i received my promotion letter,Happy
i was sleeping when i heard the neighbours screaming i peeped through the window and saw a thief trying to enter my neighbours house,Fear
i was annoyed when a person higher up asked me why a particular job was not done it was not my job to do it,Angry
my brother came to tell me about some problems we had in the family i felt sad because i thought that if my mother had not gone away when this brother was younger things would have been different,Sad
i was in a train when a woman started talking loudly and attracting everybodys attention the worst thing was that she was discussing something about which she knew nothing with another person,Disgust
after a jogging session i had severe abdominal cramps and this lead to my wanting to empty my bladder my friends gathered around me and two of them had to help me to the toilet i was ashamed at having to go to the toilet in the presence of my friends,Sad
a certain woman had asked me to make something for her and i kept putting it off when i finally made it i did not see her for days only to be told one day that she had collapsed and died i felt quite guilty as she had jokingly said that i might not do what she had requested me to do,Sad
when i was accepted for my third year g at my former secondary school,Happy
i had gone for a medical checkup at the uth and failed to make it back on time for the c practical sessions at hours last academic year,Fear
when i was mistreated by my stepmother,Angry
when my aunt passed away in early,Sad
when i failed to secure employment after my form in lusaka despite my excellent certificate,Disgust
when i failed my grade exam at the first attempt in my father and the entire family thought that i was finished in life i really felt like hiding,Sad
when i beat up a first year student at my secondary school in my capacity as the deputy head boy he had woken up late in the morning for manual work,Sad
when i heard that someone who is very close to me did very well in the exams despite having fooled around a lot,Happy
when a drunkard barged into a room where my friend and i had run in order to get away from him we were all alone and all i could see was this hand coming towards me,Fear
when a friend and me played a joke on our boyfriends her boyfriend came up and accused me of having planned the whole thing and said that i did not deserve my boyfriend he embarassed me in front of a crowd,Angry
when my family and i heard of the death of my grandfather we had seen him a few weeks earlier and it seemed that he had just been waiting to see us,Sad
when a boy put a handful of cooked potatoes down my dress and there was no water to clean up,Disgust
when a soppy poem that i had written to a boy was found and every one read it and started teasing me about it,Sad
when my boyfriend asked me to go out with him and i refused because i wanted to go out with another guy i did go out and my boyfriend found out,Sad
after a long time of no communication with him physical illness and worry my lover came to see me when i least expected to see him,Happy
birds had made nests in our thatched roof and they were flying and flapping their wings in the bedroom at night it was very dark and i could not even see my nose i did not know that it was the birds till my mother told me so,Fear
the juniors in our dormitory at school started to complain and make a lot of noise about the duties assigned to them by the prefect who was my classmate and was very cool and dull,Angry
my elder sister scolded me in front of my younger sisters and cousins she said that i was very lazy and i felt so sad that i cried myself to sleep,Sad
on christmas day a drunk man came to our house without a shirt on he dansed spoke nonsense and behaved stupidly,Disgust
when i wet my bed at boarding school,Sad
my baby sister was months old and when i was trying to get her on my back she slipped and fell,Sad
my son was registered to get admission in grade one of the primary school the chances of him getting a place there was two weeks later i was informed that he had been enrolled,Happy
when i came back from work one day the friends of my son told me that he had not come back from school and that he was lost,Fear
my roommate locked up our room without specifying where i would find the keys i had to spend several hours in my other friends room,Angry
i lost my grandfather whom i loved very much i had not known that he had been ill for a very time when i received this message he was already dead,Sad
the teacher of one course gave me questions with subquestions going from a to e for each question she asked me to do all this in one and a half hours it involved a lot of describing and explaining and even though i knew all the answers i could not finish the work,Disgust
i forgot that the course instructor had directed us to go for special classes after the usual class hours i missed this the first day and when he asked me about it the next day i said that i had forgotten,Sad
i was to inform the neighbour on my left that a robber had been spotted the same evening near the house of the neighbour in front i did not do it and the same day the thieves broke into this neighbours house,Sad
when my father bought me a suit,Happy
after having taken an exam i feared having failed it,Fear
i was badly beaten up by one of my friends during a wedding party,Angry
i was very sad at hearing that my grandfather had passed away,Sad
i was disappointed by a girlfriend when i visited her at her home in woodlands,Disgust
i was ashamed at being the only one to have got a c in ed assignment,Sad
i was caught stealing a box of matches in the supermarket and had to plead guilty,Sad
when i heard that i had achieved a place in form i,Happy
when i first came to the unza i did not know the kind of people i would find here and the kind of behaviour they would have towards me,Fear
i had gone home for a weekend and when i came back i found that my clothes and my bedding had been stolen,Angry
when my father passed away,Sad
someone stole a k note and the teacher thought that it was me when i was not responsible for the theft,Disgust
when i failed the grade seven exams,Sad
one day my mother went to visit her friends when she came back she scolded me for not having kept the house in order so i decided not to talk to her,Sad
when i saw my family after a separation of one year,Happy
when my little sister was sick at home and i thought that she would die,Fear
when i found out that my sister had been playing with my confidential things which she had taken from my handbag,Angry
when one of my best friends commited siucide during these holidays,Sad
i am disgusted at the number of second year students who are pregnant illegitimately,Disgust
when i got very low marks in one of the assignments,Sad
when my aunt went out of her way to help me out with my financial problems,Sad
when i fell in love with x overnight i felt confidence selfesteem responsible and worthwhile,Happy
when a thunder belt hit the roof top of the building i was in,Fear
when my roommate locked me out deliberately before an exam due at hours,Angry
when my friends died one after the other the first died in a car accident and the second one recently due to an illness,Sad
when my cousin put feaces in my washing a silly idea which was meant to be a joke,Disgust
getting drunk and creating a lot of trouble at a place i respect my friends home,Sad
when i took a small boys share of choclale he was our guest and so had been given a larger share of the sweets,Sad
the day i got a telegram telling me that i had been selected for a ba at unza i felt happy because i had not expected to be selected,Happy
the day i encountered a queer mamba face to face in a chunk of leaves behind our house,Fear
when my friends tried to discriminate against my friendship with certain other friends which they thought was improper,Angry
the day my teacher of latin and french died,Sad
the day i went to eat dinner in the dinning hall and found a dead fly in my gravy,Disgust
i felt ashamed of myself the first time i drank as nobody in the family drinks i felt that i had let down my parents and my friends,Sad
the day i came home drunk after having attended a disco party,Sad
i was very happy when i received the year end results as i was worried about how well i had done i was very happy to know that i had passed,Happy
i was caught doing something i was not supposed to do i did something with the person who caught me bribe and even though he promised not to report me i am still frightened,Fear
i told my friend something confidential which was supposed to remain between the two of us the next thing that happened was that a girl who is not even close to us came laughing and askad me to tell her about it i was very angry with my friend as i had trusted her,Angry
i remember that when my mother died the day was sad and every time i think of it i am saddened by the loss of my mother,Sad
when thieves broke into our house i was disgusted by their behaviour they did not find anything so they broke things like the windows glasses etc,Disgust
when i bribed the person who caught me doing something i was not supposed to have done i was very ashamed of what i had done,Sad
i was caught doing something bad and i bribed the person who caught me later i felt very bad maybe i should have paid for my bad behaviour,Sad
when i received a positive answer from my appeal to withdraw my registration at unza,Happy
i was a passenger in a vehicle when suddenly another vehicle came from behind to overtake us however another one was coming right in front so the other vehicle changed course and blocked our way and so we crashed against the side of the road,Fear
i was asked to stop studying economics a field which interested me by my employers,Angry
when i learnt of the death of a friend,Sad
when i learnt that my offer to study at the university had been withdrawn and so i would not get hostel accomodation at unza even though i registered as a student later,Disgust
my love proposal was turned down by a lady i really loved,Sad
i came across a blind man sitting in one of the corridors and asking for money though i had some money i did not give him anything,Sad
when i first came to the campus,Happy
when i was confronted by a policeman one night around oclock i was afraid when they threatened to take me and my girl to the gallows,Fear
when an argument with a friend of mine over our behaviour towards another friend turned into a quarrel i lost my temper and nearly knocked him out,Angry
when i lost my father in a car accident,Sad
when i was denied my favourite dish at the dinning hall shima with roast chicken i felt disgusted,Disgust
i felt ashamed when a friend i had always respected insulted me in public he was drunk,Sad
when my library books were overdue and i did not have the money to pay for them,Sad
when i got my results i had passed the form iii exams i had not expected to do so well,Happy
when i was an exploration with my friends and almost got lost in an unfamiliar environment it was getting dark and we did not know how to get back home,Fear
when my father did not get back from chipata on time he was thus holding back progress as everything depended on him i felt angry over his actions,Angry
when my little brother passed away mysteriously at least from what i was told about it,Sad
when i saw a woman who had been run over by a train just off kafue the woman had been cut to bits there was blood and splinters of bone every where,Disgust
when i almost did something awful with a friend of mine and myself,Sad
when i passed out a female friend of mine for no apparent reason i was under the influence of drugs and when i am like that i get mad at anyone however small the provocation,Sad
when i was accepted at unza,Happy
when thieves broke into our neighbours house and later we heard gunshots,Fear
when my aunt scolded me for something i was not responsible for a boy had come to our gate asking for me my aunt went out to see him i had neither met nor known the boy,Angry
when my cousin passed away unexpectedly and tragically a murder,Sad
when my mother got a terrible beating from my father it was so bad that she fainted and it was only then that my dad realized how bad it was,Disgust
when my friend had a child out of wedlock,Sad
when i lied at home i told them that i was going to a christian meeting and i went to see my boyfriend instead,Sad
receiving my result slip pass on my birthday,Happy
when we forced a friend to chew a poisonous herb in primary school his tongue was swollen and he told his mother about it the mother reported it to the headmaster who threatened to expel us,Fear
at boarding school someone put a lot of tiny thorns on my bed when i complained everybody began teasing me and laughing at my inability to find out my enemies i lost my temper,Angry
when my grandfather died,Sad
my roommate was drunk he vomited on the floor and fell face down on the vomit nearly choking himself to death then he fainted and so i called the first aid,Disgust
as a kid my mother caught me stealing sugar and giving it to a neighbour,Sad
i got into a bad fight in a bar and my friend received a bad cut above his left eye while trying to separate us,Sad
i felt vvery happy when i was accepted at unza for my studies i had not expected this as i had been ill during the exams,Happy
i felt very frightened when a robber broke into our house and threatened to shoot my father if he did not part with some money i was looking at the man with his hand on the trigger,Fear
a teacher at my former secondary school forced my darling to marry him the girl tried to refuse but her parents would not leave her alone,Angry
when my sister died she was only sixteen when she was put to rest,Sad
when i witnessed an accident,Disgust
when my father found me in bed with a girl we were deep in actioon when he entered the room,Sad
i took my grandmothers money without telling her and when asked if it was me who had taken the money i denied it,Sad
when i won some coins in a small competion,Happy
i went home late one evening and saw that the security lights were off i got inside the gate and just then i realized that the dogs may be outside,Fear
my little niece who is very talkative suddenly became very naughty and began wetting her pants she did it one afternoon,Angry
this morning during my sleep i had a feeling that someboby was attacking me i started crying in my sleep and then my roommate woke me up,Sad
when i learnt that my cousin sister was pregnant,Disgust
my cousin and i were at the farm and at night we drunk like fools and made a lot of noise we had drunk two much of wine,Sad
the fridge we had at home had a lock one day when i wanted something i unscrewed the door but unfortunately i was caught in the act,Sad
when i was selected for the university,Happy
when i saw an accident a woman was run over and she died on the spot,Fear
when my dress and a few other things were stolen from my wardrobe,Angry
when my grandmother passed away,Sad
while watching a movie someone who was drunk started vomiting helplessly,Disgust
when i ate my sisters food and then she found out that it was me i felt very ashamed but still refused to admit that it was me,Sad
when i told a person something that had happened to my friend and this person went and told my friend,Sad
when i got myself the kind of girlfriend i had been hunting for a long time,Happy
when i was told that the form five results were out,Fear
when i saw my younger sister being bothered by a boy she did not know,Angry
the time i lost a badminton match that i should have won at the zambia closed badminton championships,Sad
when i was taking my girlfriend out she seemed to have taken her time,Disgust
when my dad caught me with a honey girlfriend in my bedroom,Sad
when i beat up a stupid boy who was fond of cracking jokes on me,Sad
when i was selected for higher education ie grade to formi,Happy
when i impregnated a certain girl i thought that i would be forced to marry her or go to court,Fear
when the university withdrew the accomodation that it had given me,Angry
when my mother and father separated it was a brief separation and they are together now,Sad
when i patronized a certain tavern which had prostitutes it was almost a brothel,Disgust
when i proposed love to a girl and she turned me down,Sad
when i sided with my mother in a quarrel she had with my father before they briefly separated,Sad
when i received a letter from a woman i thought had not ever cared for me this was when i needed her and i was overjoyed to learn that it was me who was delaying things,Happy
two guys were fighting murderously and i feared that one of them would be killed,Fear
when i could not reason my friend it angered me,Angry
i did not like it when a little girl was crying for her dead mother and was calling her by her name i was sad,Sad
i feel disgusted at not having got aa a in yesterdays practicals of g,Disgust
i felt very ashamed at having got a book by force from a girl,Sad
i felt guilty of having suspected my roommate of stealing the money last term,Sad
our only elder sister got married and started having pains in her abdomen and she was told that she could not have children to our suprise she had a baby months back,Happy
my uncle was taken to the utc for an operation as he had cancer there had been a lot of deaths of late out of every operated i was scared for my uncles life,Fear
i had planned to go to town with my friend at hours but she went for the registration and i waited for a good and a hours it was vital for me to go to town but i could not as it was she who had the money finally i borrowed some money from friends and we went to town i was really angry with my friend,Angry
i dreamt of my fathers death while i was at secondary school i was screaming at the top of my voice and was woken up by my friend that day i was really sad,Sad
i had prepared a special meal for my boyfriend but when my brother came home he ate it all i was really disgusted about it,Disgust
we were at a party this guy i liked and me i really loved him and gathered enough courage to ask him to kiss me he did not do it but instead asked me what i would like for my birthday i told him that i would like a kiss more than anything else but he excused himself and said that it was impossible i really felt embarassed,Sad
we were at secondary school and i was making a lot of noise the teacher came to ask us as to who was making all the noise i did not own up so the whole class was punished,Sad
i was very happy when my scholarship to continue studying at unza was approved after it had been cancelled,Happy
when i met an elephant in the bush,Fear
when someone took my pen away,Angry
when my cousin passed away during the holidays at home he fell ill at night and the next day he died in the evening,Sad
an officer at the dean of students office had promised me to give me a room the next day but he failed to keep his promise,Disgust
i do not have accomodation on the campus so i stay with my extended family one young man used bad words while asking me to leave their home,Sad
i broke a glass of glycerine at the zcbc store in ndola,Sad
when i was with someone i love,Happy
when i was walking around all alone at night,Fear
being made to look like a fool by a girl,Angry
when my dad passed away,Sad
when i was told that i had no right to control my lover,Disgust
getting very low marks in mathematics,Sad
when one of my lovers told me that i was a flirt,Sad
at my sisters wedding,Happy
when i had to walk along a dark road alone,Fear
when i was locked out of my room by my roommates friend,Angry
when i failed one of my courses at school the university of zambia,Sad
when i found out that someone close to me was flirting around,Disgust
when i swindled money out of someone,Sad
i did not deliver a message on time,Sad
when the lady who is now my wife accepted my proposal to be my lover and future wife,Happy
when my neighbours house was broken into and shots could be heard,Fear
when a thief broke into my house and stole some valuable goods,Angry
the death of my guardian with whom i had stayed when i did my grade six,Sad
when i was substituted in a play which was to be staged after i had learnt all the lines,Disgust
when a woman who i respected very much was made pregnant unexpectedly by a man of a caliber i never expected,Sad
when i applied for a false travelling claim allowance and later i thought that i would be found out,Sad
i felt happy when my mother gave birth to a son who is the last born in the family,Happy
my father had been involved in a car accident two years ago i was then very scared thinking that he would die as he lay unconscious in hospital for two weeks,Fear
i felt very angry when a mishanga seller robbed me of the transport money i had to go to school,Angry
i felt very sad when a friend of mine failed the final exam and she could not be accepted at the institution of learning,Sad
i felt disgusted when a fellow student asked me to marry him i had not expected this from him as he was a mere friend,Disgust
i was ashamed when my friend and i were cross with each other till we apologized to each other,Sad
i felt guilty when i said bad things to my sister i had not intended to do so she cried a lot and later she fell ill and i felt responsible for her illness,Sad
when i was selected to study here at unza,Happy
in i was going to a school which was near my village and i met a lion on the way which disappeared suddenly,Fear
when my wife told me that the refrigerator had stopped working,Angry
when i heard of the death of my mother,Sad
when my relatives troubled me so that i would help them financially,Disgust
when i failed one of the first years courses,Sad
when i was late for work and told my boss that it was due to transport problem whereas the truth was that i had woken up late i thus cheated my boss,Sad
i was overwhelmed with joy when i received the acceptance letter to unza this happened again when i passed all my first year courses,Happy
in when my friend was caught by a crocodile we were swimming in a river on whose banks our primary school was situated when my friend was caught he was on the banks of the river and some of us were still in the middle of the river i was very frightened,Fear
in i was annoyed at an uncle who was drunk and was beating up his old father he claimed that the father was responsible for his guardians failure,Angry
last academic year i received bad news my granduncle had passed away i felt lonely and bad because apart from the biological ties he was a good old friend of mine at home,Sad
last week a former school secondary mate of mine who is now in a differentt school came to my room here at unza in my absence he was drunk and he vomited in my room i was unhappy,Disgust
a few years back i had proposed love to a girl who later turned out to be related to me though we were in love with each other we both felt ashamed and withdrew from each other,Sad
last year i was asked to look after my niece while her mother was cooking unfortunately the kid fell off the bed i was confident that she would not fall and had not been paying much attention,Sad
when i qualified for form i i was one of the three pupils who qualified for form i that year,Happy
when i learnt that the girl i had impregnated was in hospital and was on the verge of dying as she had refused to accept the responsibility of her pregnancy and had wanted to commit suicide,Fear
when i got home i found that the electrical supply had been disconnected despite my having paid zesco the full bill a few days earlier,Angry
when i lost my grandmother she had been my guardian after the death of my father,Sad
when my demand for accomodation on the campus was refused and the rooms were allotted to first year students who were from rucher and came from influential families,Disgust
when i told a girl that i could not take her out that night as i was entertaining my mother who had come from home however i later met this girl with another girlfriend at a hostel where i had taken out another girlfriend of mine,Sad
when i told the driver at my workplace to lie and tell the boss that it was not me who was responsible for the delay the boss was very annoyed and the driver was punished and a days salary was taken away from him,Sad
when my wife gave birth to a baby boy my only son to date,Happy
when burglars with guns forced themselves into my house and ordered me to give them money or face death,Fear
when my colleague spat on my face after a quarrel,Angry
when my elder brother died,Sad
when my friend after a beer spree vomitted in my sitting room,Disgust
when i was taken to the place where my uncle had defecated in his pants after having drunk beer,Sad
when it was discovered that i had done the assignment at my work place this caused a lot of embarrassment for me,Sad
when my brother gave me a watch,Happy
whhen the front tyre of the car burst,Fear
when i was insulted by a fellow student,Angry
when the girl i loved turned me down,Sad
when i found my girl in bed with another man,Disgust
when i failed grade,Sad
when i was caught going out with another girl by my girlfriend,Sad
when i passed the first year and so i could come back for my second year,Happy
i was working at a certain place and everyday after work dad would come to pick me up one day he did not come it started getting very dark and i had no money on me and my home was very very far away,Fear
one day i had an appointment with my boyfriend which i had objected to in the begining however he visited me and convinced me to come the day of the appointment i had to wait for him for over an hour,Angry
when my grandmother passed away we had been waiting for it as she had been sick for years but when it happened i found it hard to accept,Sad
when my grandmother came to stay with us permanently as she is a very difficult person to stay with and when she started telling false stories about us to other people,Disgust
when i realized that i was pregnant i thought about what my relatives and friends would think about me and i felt a lot of self pity,Sad
one day when i was working i went out for dinner with friends without my parents knowledge and i only came home at hours,Sad
i was very happy when i found out that i had passed with flying colours and that i had made it to the university,Happy
last night i dreamt that things that looked like monsters were trying to kiss me,Fear
one of my colleagues accused me of having stolen his iron and i was sure that i had done no such thing,Angry
the passing away of my mum,Sad
one of these people who sell meat in town used a knife to stab his friend and later carried on using the same knife to cut meat,Disgust
about a dozen girls laughed at me and i was sure that there was nothing wrong with me,Sad
this is a kind of confession my mum found me stealing meat from the pot,Sad
the first time i really fell in love with a girl,Happy
the time i drove my uncles car without having asked for his permission it was the first time that i was driving a car,Fear
when my kid brother broke my reading spectacles,Angry
when my mums brother passed away after having been involved in a car accident he was bringing me a present as i had passed my form five exams with flying colours,Sad
when i for the first time failed a junior exam ie form,Disgust
when my mum learnt that i had beaten up someone in a fight,Sad
when i nearly got my fiancee pregnant,Sad
when my sisters first child came home after one week in intensive care at the hospital,Happy
when i was at a boarding school at lusaka the rhodesian soldiers came to bomb a house near our school and we saw the whole scene,Fear
a very close friend of mine was refused entrance to the medical school her grades were very good and she should not have been left out biased judgment,Angry
my sister lost one of her twin sons my first nephews and then the older one died a week later,Sad
when i went to report a stolen good at the police station the womanofficerincharge was very rude and did not seem to have respect for anyone,Disgust
i insulted two of my friends because i thought that had been gossiping about me right under my nose however i later found out that they were not doing so,Sad
i failed to keep a promise and this had a serious effet on someones problem,Sad
when i met my mother after not having seen her for three years,Happy
when my neighbours life was threatened by someone who was trying to break into his house,Fear
when a boy who was drunk came into my room and misbehaved in the presence of my boyfriend,Angry
my father resigned from work and soon after this his elder brother died the next day my granny died my mothers mother my dad remains the only living member of his family,Sad
when the committee to which i belong was accused of having squandered the money of the association,Disgust
when i went to the library three weeks after it had opened and found that everyone was busy,Sad
when my friend was punished for something that i had done,Sad
for my parents anniversary we hosted a party and we were very happy,Happy
one evening when my sisters brothers and i were watching tv my kid brother took a big mirror and reflected light on the french windows i thought that these lights that we could see were coming from torches annd that it meant that there were thieves outside,Fear
some people were sitting outside and saying things which were not really true,Angry
a breakup with someone i really liked,Sad
i came across a woman in town who was very drunk she was swearing at everyone and carried on drinking even though she could hardly stand,Disgust
i was wearing a slit tight dress at a disco and it burst open,Sad
i had stopped talking to a very close friend of mine a week later he came over to try and make friends with me again and from the way he talked i felt that he was a very mean preson,Sad
when i accepted jesus christ as my personal saviour,Happy
when i witnessed a bus accident in which a bus full of passengers nearly overturned on the lusakakabwe road,Fear
when my sister came home late one day and thus disobeyed my parents,Angry
when i heard the news of my grandfathers sudden death,Sad
when i failed the grade exams,Disgust
when my younger sister who was then years old was pregnant,Sad
when i hurt my sisters for no reason at all,Sad
when i attended my cousins st birthday,Happy
i got a very nasty electrical shock when i was tampering with some electrical applainces,Fear
when i was subjected to a very nasty joke by a group of friends,Angry
when i received my results and found out that i could not go to a school of my choice,Sad
when i found a maggot in my food at the dinning hall all the food had gone bad,Disgust
i took a girl out once and discovered that she was going around with one of my close friends,Sad
an item which belonged to a friend of mine was missing i had taken it earlier and i thought that i had returnrd it so when he asked me for it i stubbornly refused having it later when i looked for it i found it in my room,Sad
when i got my results i had made it to the second year,Happy
when i thought that i had failed the examination,Fear
when i discovered that my girlfriend was going around with another boy,Angry
when my grandfather died,Sad
when i heard that my sister had shouted at my friends cousin at their place,Disgust
when i failed the grade,Sad
when i had lied saying that i never take bread from the dinning hall and a friend of mine caught me doing it he thus proved to me that i did in fact take the bread,Sad
when my girl told me that she loved me more than any male creature on earth and that i would be the only one in her heart for all her life,Happy
the day i was nearly stabbed to death by ruffians who wanted to take my money i refused to give them any money and they started running after me i ran into somebody elses house to save myself,Fear
when a kid dropped my fathers radio cassette player which he had just repaired,Angry
when someone i love told me that she did not love me anymore and that she wanted all the snaps that she had given me in exchange for the ones i had given her,Sad
when a girl said in my back that we were in love and she had actually refused me when i confronted her she started insulting me,Disgust
when i told a lie to a friend of my sister on april fools day she later came to see me and told me that it was a very foolish thing to do,Sad
a girl dropped some stuff from her bag and when i tried to help her i realized that she had used me and i was made to look like a fool,Sad
when i learnt that i had been accepted at unza,Happy
when thieves broke into my house at night and held my wife and me on gunpoint for at least ten minutes and took away a lot of property,Fear
when i was beaten up by thieves on behalf of some friends of mine as they thought that i had a lot of money and would not part with a few coins for their drinks,Angry
when i received the news that my inlaws had passed away i depended heavily on them for their guidance and the running of their daughters buisness,Sad
when my younger sister visited me during the school holidays and told me that she would not go back to school because she was pregnant,Disgust
when i lied to my wife and told her that i was going to the copperbelt on a buisness trip she later found me in a hotel with a girlfriend,Sad
when i cheated my father and told him that the school administration wanted k for the purchase of a minibus two months later the school authorities wrote back to my father for the money i could not go back and ask him for the money again as he had already given it to me once,Sad
when i received the acceptance letter from unza i had just come home from work when my kind sister handed me an enveloppe which i opened and was overcome with joy,Happy
i was at home and we were sleeping when we heard some robbers breaking into our house,Fear
a certain boy came into my room and started telling me that i was not pretty that i had no manners and that i should learn some i had just come to campus and he was in fourth year,Angry
my elder sister whom i love very much was leaving for the west indies for two years and i was staying behind,Sad
a certain girl asked me what my major was and when i told her that it was pa she started criticizing it saying i hate that course she just shows off in front of other people,Disgust
i took an exam which i failed terribly as i had not studied,Sad
i told my elder brother that he was irresponsible and that i did not care for what he did because he was teasing me,Sad
when i was selected to this university despite my having studyied in difficulty throughout my secondary school days,Happy
the day i learnt that my girlfriend had been going around with a close friend of mine,Sad
i was drunk one night and i insulted three ladies the following morning they approached me and asked me the reason behind my bahaviour i apologized for my unruly behaviour,Sad
i felt happy when i learnt that i had qualified for the grade eight,Happy
i was afraid when i learnt that my father was seriously ill in hospital,Fear
when i met my new girlfriend with another man in the street,Angry
when i learnt that my brotherinlaw had been poisoned by his friends and that he was dead,Sad
when i found out that the seat in the coach that i had booked had been sold to somebody else,Disgust
when money was stolen from my pocket,Sad
when i discovered that the girl i was courting was a relative of mine,Sad
my son passed grade and was accepted for form i,Happy
when the robbers broke in at night,Fear
i wrote an assignment and was given less marks than a friend with whom i had previously discussed the assignment,Angry
when i got a message that my child was not feeling well,Sad
when i was teaching a student started making silly remarks in class,Disgust
when i was in grade one one day i felt like going to the toilet during class but i was very scared of the teacher so i urinated in the class,Sad
i bought something and the shopkeeper gave me more change i realized this after i had left the shop and was on the busstop and i then needed the money,Sad
when i received the acceptance form for the second year at university,Happy
the day my parents were involved in a car accident and had to be operated and before the operation the doctor said that it was mater of life or death,Fear
i got into an argument with a photographer for whom i had to pose twelve times over a period of four weeks before i could get a snap of mine every time the film was processed my snap did not come out although the others did,Angry
i was sad at the expulsion of some of my comrades during the unza demonstrations,Sad
i was disgusted at the way the bus conductor threw out an old woman oiut of the minibus simply because she could not pay the fare for her luggage,Disgust
i had a feeling of shame when i found myself unable to answer some questions from my tutor simply because of a lack of preparation,Sad
this last august when my parents dropped me off and moved me into college i didnt know anybody here i was and berkeley really scared me,Fear
when i found my boyfriend who i had been dating for a year at another girls house we had had previous conflicts concerning the girl but he had always claimed they were just friends,Angry
the same as for shame and disgust i was asked to resign my sorority which i did because i was ashamed,Sad
the same as in shame,Disgust
on a road trip with a group of sorority and fraternity people i became intoxicated and basically raped i dont remember the actual event but i know the feeling that i experienced later,Sad
when i got fired from a job because i gave a discount to a friend,Sad
our basketball team is undefeated in league play currently,Happy
whenever i think of enrolling in organic chemistry,Fear
i saw in a movie a block on which affluence and poverty existed i saw that the rich made no attempts to help the poor,Angry
when i felt powerless to help the poor or when i dont know how to,Sad
i felt disgusted at my teams poor perfomance prior to league play,Disgust
i received a grade above average on a midterm chemistry and i expected onevery below average,Happy
i was walking home from a place on southside and i live on northside and i was followed i headed my most direct route,Fear
someone signed up for a workshift at the coop where i live and she did not want to work the switchboard i became very angry she had mentioned earlier that she wanted and needed the workshift to me so i did not sign up,Angry
i did not do as well as i expected on a chemistry exam i received a score below the average and i thought i had done very well,Sad
i saw someone that i thought i knew repeatedly drunk i do not like to be around alcoholics,Disgust
every time i was around this one person i would stick my foot in my mouth by being nasty one time i accidently said something fairly cruel that was totally inappropriate,Sad
i blew up at someone for being confused and because of his irresponsibility and afterwards i felt guilty and that i had no right,Sad
right before i went to a concert with my last boyfriend he told me that although he told me he was going to take me to the concert he didnt want to see me anymore after that we stayed overnight and i said well when he leaves me i will be ruined for awhile but for now were together i woke up in his arms and it was the happiest moment of my life,Happy
i was river rafting in nev and our boat tipped over and i was sucked under in to some rocks and got stuck and all i could think was that i was going to die and it was so quiet under the water it seemed like no one would care or remember,Fear
one of my first boyfriends got mad at me because a lot of my close friends were guys and he didnt want me to see them anymore because he was jealous,Angry
i was watching a sunset after my latest boyfriend left me and i realized that we would never watch sunsets again probaly never see eachother again and none of it mattered,Sad
i was listening to a priest in church saying how sinful man was and how all men should renounce their desires and pleasures to please god i could never understand how something that brings you joy could be a sin,Disgust
my third grade teacher caught me cheating on a spelling test i couldnt spell australia and she said in a loud voice something like we dont have cheaters in my class,Sad
when i was a few of my friends and i would light matches for fun one of my friends confessed to her parents and my parents i guess knew or suspected i was involved but i said i knew nothing about it,Sad
i felt extreme joy the day i was baptized i was one with god,Happy
i felt fear when my friend and i broke into an abandoned military base in los angeles this summer i feared because i didnt want to be caught,Fear
i experienced anger most recently when i had committed a sin which i had gone a week and a half without doing i had made a vow to god and had blown it now i had to start all over,Angry
i last really felt sad when i left home for i was leaving all my long time prekindergarten relationships behind,Sad
when i committed a sin mentioned in anger a sin of sexual immorality,Disgust
when i just took a shower with a girl down the hall i felt that i had let my devotion to god go out the window although nothig happened i felt ashamed,Sad
when i committed the sin of immorality mentioned before,Sad
finally being asked by someone to a banquet,Happy
a few weeks back as i was in a hurry to leave the house i left some of my things lying around this is something i never do my unclewho lives with us as we live in a joint family remarked that we were always doing things like this this really got me mad,Angry
when i took the ba examsi was expecting a st class even though i had not done very well when the results came out i felt sad as i had missed the st class by marks,Sad
a girlfriend of mine behaves in a very childish way she does not like my going to see a friend who has been introduced to me by this same friend of mine i would like to be friends with both of them but she does not like this as she is possessive and would like me to be close only to her,Disgust
a friend of mine had said something about not liking to come to my place just before coming to my place in the meanwhile i got to learn about this from another friend of mine and when she arrived at my place i really treated her badly i was later ashamed of the way i had treated someone when the person was at my place,Sad
a few days back my mother was not feeling too well and still did all the house work i felt guilty as i had not offered to help,Sad
when i passed the ba exams and my parents allowed me to carry on my studies and do a ma i was very happy,Happy
i was scared of water when i was a child,Fear
when i get home late my father scolds me and this makes me angry,Angry
when my aunt died,Sad
a friend of mine remembered me when she needed me and did not even think about me when she did not need me,Disgust
when i got mark in an abnormal psychology exam,Sad
i have not felt this emotion,Sad
when i passed the ba exams with st class i was the first in the family to have got a st class so all the family members were very happy and they gave me the opportunity to study further,Happy
when i dreamt that my family was in trouble and was facing many difficulties,Fear
when my brother got very low marks in the exams i was very angry i put my studies aside to help him as every time my brother does badly at school my family members blame me as well,Angry
when family mmembers or friends blame me for something i am not responsible for i feel very sad as it was not my fault,Sad
i feel disgust at people lying it means that they say one thing to one person and the same thing in another way to another person and this makes people quarrel among themselves,Disgust
during a class i was asked a question which i did not hear very clearly so i gave an answer which was not related to the question and everyone started laughing at me,Sad
when my pet dogwho was to us a family member died he had been vomitting for the past three days and we had not found the time to call a vet finally when the vet came it was already too late,Sad
when last year in college i received the award best student of the year i felt very happy as i got what i had wanted and my wish had been fulfilled,Happy
once i woke up in the middle of the night and felt frightened as everyone else was sleeping and i could not even go to their room,Fear
it irritates me when people talk about me behind my back i prefer people to tell me what they have to on my face instead of talking behind my back,Angry
when friends and colleagues talk bad about me,Sad
at work when i did not get the full cooperation of my colleagues to complete an assignment,Disgust
when i acted against my mind or conscious,Sad
in the begining of teenage on the matters of sex speaking about sex,Sad
in when i was in the th standard we had arranged a small picnic in kandala one of my closest friends wrote a small and cute poem for me which expressed the feeling of closeness we had for each other i was very thrilled and i can still remember it,Happy
once i was caught by thugs aged between they asked me to surrender all the property i had and i remember feeling very scared,Fear
one night we all the family members were sitting in the front corridor of the house when a gentleman looking person came in he was my fathers client and he had come to bribe my father in connection with the proceeding case at my fathers refusal he abused my father my brother and i could not control our temper and we rushed at him,Angry
once my friend and i got into into a hot discussion on a very controversial topic at one point of the argument i disagreed with her totally and i took what she was saying as an insult so i couterargued and unknowingly hurt her emotionally i felt very sad about this,Sad
after joining my ma in social sciences i appeared for the first semester exam i failed one of the exams and when i looked at my results i felt disgusted and then i got angry,Disgust
never felt the emotion,Sad
never felt the emotion,Sad
i met my friend and he gave me a wonderful present as it was my birthday i enjoyed having that present,Happy
when i lost a wallet while travelling since it belonged to the group i was very afraid,Fear
when a person whom i had invited did not come on the appointed day and time,Angry
i tried my level best to care for my client i took an appointment with a doctor and before meeting the doctor he expired a poor small boy from uttar pradesh,Sad
my notes were not returned to me it kept on being procrastinated,Disgust
i was misbehaving in the agency,Sad
a friend of mine got encouragement and i did not as the supervisor did not like me,Sad
when i got the scholarship letter from australia,Happy
when going to the exam,Fear
when i do not get any cooperation from my friendspartners,Angry
when my brothers visa for the usa got cancelled,Sad
i had known the girl for a few months when i proposed to her and this put an end to our friendship as from then on we started withdrawing from each other i liked her very much,Sad
when my elder sister had a baby girl she was the first girl in the family after years of baby boys,Happy
when our school was raided by the pupils of the boys secondary school who beat us up,Fear
when my roommate locked up the keys of my room in our room after i had told her that i was only in the bathroom having a shower she left and i had to do without supper,Angry
when i received the news that my beloved grandmother had died i was at the boarding school and was only years old,Sad
one evening when a boy who was drunk made a pass at me by trying to kiss me,Disgust
when i blurted out an answer in class without having been asked to do so the teacher told me that it was bad manners to do so,Sad
when i had promised to do some washing for my mother and i did not do it she did it herself despite her being ill i felt very guilty,Sad
i was very happy when i passed and went to form i it was a great relief for me as i had been very worried considering the large number of pupils who fail,Happy
during the last academic year ie just before the closure we were surrounded and threatened by the paramilitary forces,Fear
when someone i trusted very much disappointed me,Angry
when a close friend of mine who was with me in first year could not make it to the second year,Sad
when one of my friends started misbehaving,Disgust
when i failed one of the tests because i had not worked hard enough,Sad
when i was scolded by my dad for bad behaviour,Sad
after waiting impatiently for the results of the form examinations for almost a year at last i received a letter of acceptance from the senate of the university of zambia telling me that i had made it to the first year course at unza,Happy
the first day that i was close to a dead body in my third year at unza school of medicine,Fear
a few monthe ago when my brothers wife told me that i had bad manners to make matters worse she did not let me use their telephone as she only allowed people of her own tribe,Angry
when i got to know that my father had passed away,Sad
i was disgusted to discover that my girlfriend of few weeks was already fooling around with another guy i was disappointed as the guy was a rogue and i respected my girlfriend,Disgust
i was saying bad things about a man i had never seen i was with a friend and did not know that she was related to this man my friend did not tell me about it and i discovered this myself,Sad
a very very close friend of mine used to come to my room to see me and i naver bothered to pay him a visit one day he asked me the reason behind this and i gave him a shirt,Sad
when i received the first year results as the first year had involved a lot of work and i was very pleased when i got the results,Happy
when mother was very ill i feared that she would die,Fear
when a boy who was drunk insulted me in front of a crowd i was stopped from punching him for it,Angry
when i heard the news that my brother had passed away it was the first time that i lost a brother,Sad
when a student accused me of having stolen his textbook as he had found a form bearing my name in his other books and all my explanations fell on deaf ears,Disgust
when my first sexual intercourse turned out to be a flop i was in a panic and ended up without an erection,Sad
when my mother found me in her bedroom stealing sugar in her bedroom according to our customs there comes a stage when a child stops using the parents bedroom and i was well past that age,Sad
the computer at school had left out my name along with four others and i had no rights for one year so i was happy to find my name on the medical schhol list,Happy
we were driving on a very dusty road at night and the driver tried to overtake a very big truck only to find another big truck parked right in front,Fear
i had gone on a vacation and my mother left home without leaving me any thing money to come back to school,Angry
i remember being sad whe my aunts child died days old,Sad
i was eating in the dinning hall and some women joined me i could not eat with them so i left the dinning hall,Disgust
i was about to share lunch with my aunts husband when she told me that i would have to wait and eat with my cousins,Sad
when my friends and i were caught with our girlfriends outside the school grounds when i was at the secondary school we were caught by the headmaster,Sad
i had been very weary all week no letters no phonecalls no visitors and then my younger sister came with some cheese a card and some pocket money for me and she told me that she was working now,Happy
a friend gave me a lift and we met a roadblock he tried to turn back when an officer shouted at us to stop my friend took a turn suddenly and the officer raised his gun but by the time we were gone,Fear
i had worked very hard during my vacations to raise some money for a few major items eg a radio but when i arrived at the intercity bus terminal my hard earned money had been stolen from me,Angry
my younger brother and sister were involved in an accident on their way back from school and my brother was quite badly hurt,Sad
i went to the shopping centre to buy something and saw packets of kapenta with maggots in them oh,Disgust
i had a misunderstanding with my father and after some time i found that i had been wrong,Sad
a very close friend of mine invited me to spend the holidays with him he was very kind good and understanding however it turned out that he had two of his cousins at his place he however gave me everything i needed even transport money,Sad
when my girl and i decided to get back together after our separation,Happy
i was so sick that my relatives thought that i was bewitched i felt like dying,Fear
when my girlfriend left me to go out with another guy even though she knew that she was wrong,Angry
when my girl went away for a holiday without saying goodbye to me,Sad
when i failed my first biochemistry test,Disgust
when i bought new clothes and put them on,Sad
i was trying to have sex with my best friends girl but she did not agree to it,Sad
when i passed successive exams to enter the school of medicine,Happy
when i went to my first dental appointment,Fear
when my father banned me from going to his sisters home due to some misunderstanding between the two,Angry
when my girlfriend was afraid and anxious the day before taking her exam,Sad
when my roommate made a mess of the room after having drunk the whole night at a graduation party ceremony,Disgust
when i did not inform my friends of my forthcoming birthday,Sad
after i reluctantly refused to dine with a certain man on the same table,Sad
when my elder brother who had gone abroad to study for six years came back home safe and in good health,Happy
when i entered the dissecting room for the anatomy class and saw several dead bodies lying on the benches,Fear
i was in love with a very beautiful girl and when i went back for my holidays i found her wth another guy who she said was just a friend later i found them together and was convinced that there was something fishy,Angry
when i went to see the dead body of my uncle this was a very dramatic expreience as it was the first time that i entered a mortuary,Sad
i went to spend a night with a relative of mine and there i found that the bed had been wet the previous night,Disgust
when the brotherinlaw of a girlfriend of mine found us in a bedroom with clothes and panties spread all over the place,Sad
the first time that i played with myself despite being a christian i had read in the bible that it was wrong to make love to someone one is not married to,Sad
when i heard that i had got the best result in school and would be definately selected to the university of zambia,Happy
when i entered the dissection room for the first time and was exposed to preserved dead human bodies,Fear
when i learnt that my younger sister had been expelled from secondary school because she was pregnant that was the second time that this happened in the family the first time it had been my elder sister,Angry
when i realized that i was in hospital after a car accident and that i had a scleral tear in my left eye,Sad
when a friend woke me up in the middle of a blessful sleep by knocking on the door then he started calling me names and saying that he had heard that i had been talking behind his back this was a lie and the guy was drunk to the core,Disgust
when i did not do well in the pg test i i got only marks above the pass marks despite my effort i felt bad because quite a number of friends did better,Sad
when i realized that not all my friends like the comments that i pass in their presence,Sad
when i was accepted into the medical school medicine is a profession that i have desired ever since my childhood,Happy
when the time came for me to see dead bodies and to operate on them,Fear
when i was accused of having planned my friends outing at secondary school boarding as we were not allowed to go out,Angry
when i realized the burden it was for my mother to look after all of us all by herself,Sad
when i heard that a woman of my community had aborted and got rid of the foetus by throwing it in the drain,Disgust
when i blamed my failure to the bias and favouritism in the marking system in fact i had not worked hard enough,Sad
when my friend ended up pregnant by a gentleman whom i considered to be good and faithful but he ended up neglecting her and not bothering about her,Sad
when i heard that i had been selected fot the first year at the university of zambia this was after my form five at chikola secondary school,Happy
when i took the first year university exams and made a lot of mistakes in the p exam i was afraid of failing and thus being unable to go to the school of medicine,Fear
when my brotherinlaws brother stole my clothes when my brotherinlaw and i had gone to cut wood for the fire,Angry
when i heard that my father had been involved in a car accident in lusaka this happened when he had gone to get the car which had been stolen in lusaka,Sad
when i was accused of having impregnated someones daughter it was the girls cousin who had done it,Disgust
when my darling found me walking hand in hand with another girl whom i loved also,Sad
when i told my uncle a false story that people had stolen the books from my room and i demanded money from him when he found out the truth i was in trouble,Sad
when i won the best prize in the national science fair,Happy
when i was chased by a big dog near my house,Fear
being hooted at when i was learning to drive,Angry
when my grandmother died having to see my mother weep,Sad
when i saw a drunk man urinate upon himsellf and he seemed to be thoroughly content with it,Disgust
when i had to walk home from the busstop in a skirt that i had soiled it drew a lot of attention and they all seemed to want to see the blood stains,Sad
when i overate at lunch,Sad
when i heard the examination results and when i recovered after having been sick for a week,Happy
when my mother was seriously ill and had to be admitted to the hospital,Fear
when someone took my things without having asked for my permission,Angry
when my father passed away,Sad
when i went to the clinic for a medical checkup and saw the way the lecturer was conducting the lecture and the kind of responses he got from the patients,Disgust
when i did something naughty and it lead to the embarrassment of my parents,Sad
when i lied to the physiology teacher,Sad
when i learnt that i had been accepted at the medical school,Happy
while drinking a soft drink i had the impression of swallowing a piece of glass so i went to the district hospital and got admitted there,Fear
when my roommate was making noise deliberately by playing a flute early in the morning while i was trying to study,Angry
when my grandmother passed away,Sad
i witnessed a scene in which two women were abusing each other,Disgust
one morning after breakfast i was still not satisfied my nephew a small boy of had not eaten his breakfast and just when i was taking a bit of his share someone walked in,Sad
i was to take a test and i had not made the necessary preparations until it was too late there were two days to go and i still had not done much,Sad
when i was selected to the university of zambia,Happy
when my father was involved in an accident,Fear
when a few girls were talking rubbish about me,Angry
when my beloved uncle was shot dead by relatives,Sad
when i failed the entrance exam of the medical school and was studying biochemistry which has no job prospects in zambia,Disgust
when my sister became pregnant at unza last year,Sad
when i got very drunk and really misbehaved at christmas,Sad
when i was offered a place in the university as a full time student,Happy
when i was first exposed to the dead bodies for dissecting purposes at the school of medicine,Fear
when our government decided to withdraw student allowances as it was one of the conditions imposed by the imf,Angry
when my father was imprisoned for burning the house of his younger brother,Sad
when my elder brother failed form five in when i was years old,Disgust
when i contacted a sexually transmitted disease and the lecturer came to know about it as it was he who treated me for it,Sad
when i cheated my trusting girlfriend by telling her that i was a qualified doctor and later she found out that i was only a medical student at the preclinical level,Sad
when i heard that i had passed the second year exams,Happy
when i was about to be bitten by my friends dog later on it bit me,Fear
when i heard that an acquaintance of mine was spreading rumours about my affair with a close friend,Angry
when a close friend of mine collapsed and passed away and the illness was not known,Sad
when my father shouted at me for going to a party with my sister,Disgust
when i failed the grade seven exams,Sad
when i forgot to cook something that my mother had told me to and at supper time the food that i was supposed to have prepared was not there,Sad
when i qualified for form i,Happy
when i was going home for my holiday i almost drowned in the zambezi river,Fear
when the paramilitary was sent to the unza and it started using tear gas and started intimidating the students without any provocation,Angry
when my grandfather died,Sad
when my parents insisted that i take up a teaching career,Disgust
when my cousins wife refused him sex and claimed that she was my girllfriend i think that there is something wrong with the woman as i have never even thought of having sex with her,Sad
when i beat up my brother so badly for not having gone to school that we had to take him to hospital,Sad
when the cambridge results came out and i obtained a first division i had been thinking that i had not done very well,Happy
i was walking along the passage to my room very near the anatomy laboratory and i heard something and felt that there was some thing behind me i looked back and there was no one i started imagining that maybe it was a corpse,Fear
in form three we were taking our mock exams and someone else a friend was making noise when the examinateur picked on me and said that he would tear up my answer sheet i got very angry with the girls involved,Angry
when my brother th in the family passed away,Sad
when a girl i knew aborted and threw the seven month foetus in a manhole,Disgust
as a young girl in form i i wet my bed one day at the boarding school and many girls came to see the person who had done it as i had to take my mattress out that day,Sad
when i laughed at a lame man walking down the road it looked funny at the time but later i felt lousy it was the same day that i had stolen some coins from my mother in the shop,Sad
when i passed and qualified for the university,Happy
when my sister was very ill and was admitted to the hospital,Fear
when my father failed to send me transport money after the closure of the school,Angry
when my parents separated temporarily and i was left behind with my father as i loved my mother i wanted to go with her,Sad
when i beat up my brother in order to control him and make him obey my parents orders,Disgust
when i was hungry i tried to take the money that my mother had saved up for something else,Sad
i encouraged my brother to play football and he was hurt while playing the game,Sad
a few weeks back i received a christmas card from a friend in england she had not written to me in a very long time but it showed that she still remembered me,Happy
the first time that i saw a dead person this was when i started my gross anatomy practicals,Fear
i once failed a test miserably and my friend did very well and someone made a nasty comment while comparing me to my friend,Angry
a friend of mine got pregnant anf failed the first year at university the boyfriend refused his responsibility and they ended up in court,Sad
i once saw an elderly lady who was not properly dressed she was wearing a transparent dress such things are not sopposed to be seen in african society,Disgust
during my childhood i once lied and my sister found out,Sad
when i heard that i had been selected for the university,Happy
when i was left alone at home one night by my brother,Fear
the governments announcement of the withdrawal of the student allowances in,Angry
when i first suffered from syphilis,Sad
being mistreated by my former primary school teacher mr zalu,Disgust
lying to my cousin about the form five examination fees,Sad
in september i got two girls pregnant and the families of both the girls confronted me the fact was that my parents were around and i felt guilty answering some of the questions,Sad
when i was with the girl i love very much for the graduatiion ball,Happy
when i was first taken to the dissection room where i found dead human bodies,Fear
i was really angry when the president general of unzasu was arrested by policemen,Angry
when one of my closest friends failed to make it to the third year of university,Sad
i do not remember any event when i felt guilty,Sad
when my parents complimented me very nicely on something,Happy
when i had to talk to some strangers from whom i was expecting a negative answer,Fear
when some difference of opinion occurs in a silly situation,Angry
i wanted something in particular and did not get it also there was no possibility of getting it,Sad
i felt disgusted when we family avoided a problem which could be solved readily,Disgust
i feel shame when i do not arrive on time and others have to wait for me for a long time,Sad
when i could not fulfill my expectations,Sad
when i got engaged to a boy of my choice,Happy
when i saw the movie poltergist,Fear
when my mother scolded me for coming home late ie after pm,Angry
when my grandfather died,Sad
when a close friend of mine maintained a relationship with me till she needed me and broke it off when she did not need me she behaved life a really selfish person,Disgust
i have not felt this emotion in my life,Sad
i have not felt this emotion in my life,Sad
when i passed my ba exams,Happy
while approaching to test the situation,Fear
when my boyfriend told me that it would be difficult for him to marry me,Angry
when i left my parttime job,Sad
i felt very disgusted at a friend to whom i had given a psychology book to read and she did not care to give me back the book during the exams,Disgust
when an intimate friend of mine passed ba with first class and i got only pass class,Sad
when i did not concentrate on my studies despite my mothers help and cooperation,Sad
failing in the english language exam,Sad
mentioning a book to the person who borrowed it,Sad
being chosen to do this experiment,Happy
finding out about people can go mad for social reasons,Fear
someone borrowed my textbook and deliberately did not return it,Angry
i like someone who does not like me and was rude to me,Sad
cueing for bath for a long time,Disgust
my article not chosen by the college newspaper,Sad
i did not do my homework and went to see a film,Sad
doing well in the examn,Happy
a relative died,Fear
bad food in the students dining hall,Angry
could not get into the university i wanted to get in,Sad
noisy people in the library,Disgust
meeting other friends who got in the good universities,Sad
telling my parents that i did not get into a good university,Sad
getting into this university to do medicine,Happy
before the first examn,Fear
someone messing up the room we share,Angry
my best friend could not get into university,Sad
some students trying to please the lecturer,Disgust
not chosen for all english classes,Sad
i am not good enough to join any team to play sport for the class,Sad
reading a nice book and talking about it to my friend,Happy
being threatened by another person,Fear
insulted by the class leader,Angry
saying goodbye to a friend,Sad
saw a dead rat on the street,Disgust
not doing well in the examn,Sad
too busy to write letters to friends and they said i had forgotten about them,Sad
going to a concert,Happy
got ill,Fear
tripped on a busy street,Angry
a child beaten up by his mother,Sad
first anatomy lesson,Disgust
failing an examn,Sad
broken a friends cup,Sad
good dinner on the national day,Happy
saw a snake unexpectedly,Fear
seeing this badly made questionnaire,Angry
you ignored the fact that we could not hear you at the back,Sad
dead rat in the kitchen of the university,Disgust
failing an examn,Sad
did not pick up a water mellon skin someone slipped on it,Sad
watching the asian olympic game china winning,Happy
someone frightened me in the dark,Fear
people having a football match outside the window during the lecture,Angry
china can not even give you good sound systems for an open lecture,Sad
people talking in an important lecture,Disgust
not being able to hand in homework in time,Sad
thinking about other things in a lecture,Sad
got a big fish in fishing,Happy
heard some ghostlike noise at night,Fear
a father helping his kid to fight other kids,Angry
a father of children killed in an accident,Sad
when junior doctors returned to work after bunking them,Disgust
when i was caught with someones daughter,Sad
when the student union leaders were expelled from the university and we continued to study,Sad
when my boyfriend and i made up,Happy
when i was watching a movie in which there was a pit full of dangers and there was only a small safe place on which a man was standing he had to catch the lady who was thrown in or else the pit was feet deep,Fear
my mother and my sister carried on picking at me all day long for no reason at all and i ended up getting angry,Angry
when my boyfriend almost had a relationship with a close friend of mine,Sad
when a classmate of ours knocked on our door at oclock in the morning i was disgusted at his behaviour,Disgust
i told a lie about someone to someone else and they found out and questioned me about it,Sad
i broke a cup and put it back without telling anyone about it and someone almost got blamed for it then it was discovered that it was me who had broken it,Sad
at church camp when i accepted christ into my life and so did my friend,Happy
i was complaining about calling people whom i didnt know i forgot that the purpose is to invite people for dinner and get to know them,Sad
whenever i see poverty and starvation i live in an affluent society and am privileged to have many opportunities,Sad
during the summer i received grade cards from my tas i expected a b no better in computer science i looked at the card i got an a i was ecstatic,Happy
english papers are due on friday they are returned on tuesday this tuesday i was afraid to go to class and get my paper because i knew it was bad,Fear
a friend of mine came to visit and stayed with my roommate and me my roommate and she became good friends after she left he didnt talk too highly of her,Angry
after receiving the grade on the paper mentioned in fear,Sad
seeing a person panhandling money on telegraph,Disgust
after the car accident in guilt,Sad
the night of a high school dance i went partying and collided with another car both cars were totalled people were injured but not seriously,Sad
when seeing a friend that i had not seen in a long while,Happy
fear of doing well on a midterm,Fear
i felt anger at my roommate due to his habit of leaving dirty dishes in the sink and generally not cleaning after himself,Angry
when my grandmother after staying with us for awhile went back home,Sad
i felt disgust as a result of one of my midterms i thought i had prepared well for it but the end result wasnt what i had expected,Disgust
i felt shame when i saw someone i knew and pretended not to see her later she saw me and said hi,Sad
in neglecting some work that had to be done around the house and telling my roommate i would get it done,Sad
achieving my goal at a swim meet i worked toward the goal for yrs i was capable of achieving it but i didnt know when,Happy
housesitting and hearing the alarm go off i knew someone had to be breaking in i called the police and was panicking while on the phone it was awful it turns out that i stepped on the hidden alarm without prior knowledge of its existance,Fear
going to cowell hospital and finding out tediously that i had a stress fracture the anger came when the senile doctors found out weeks later that i had stress fractures in one foot and should have had crutches i was in distinct pain and barely could walk to classes they said it would be better in weeks,Angry
losing my job that i had for summers i took it personally and cried for hours off and on i wanted to hide away and did for a few days,Sad
seeing a friend making love to a high school girl i accidentally was dragged into this room where the happenings had occurred i was disgusted at the reality,Disgust
i borrowed a gold bracelet without the girls knowledge i had it for so long i had to keep it to this day i feel ashamed at myself for having it i never wear the thing anymore,Sad
after moving out of my apt i took all the furniture and dishes and everything it was mine but i took it all just to spite my roomies we had a few a lot of disagreements i felt guilt for moving out for the bad reasons,Sad
it was the weekend of my homecoming i saw my sister for the first time in months shes my best friend and extremely close,Happy
after my shoulder operation i woke up in the hospital room alone i was in pain and was still under heavy medications i could not find my parents,Fear
when i found out my cousin had been killed i was angry at the world and her murderer who was her exboyfriend it was the worst and most hateful day of my life,Angry
i spent a weekend in san diego visiting my boyfriend rob we were at the airport and my plane was just about so leave after saying goodbye i boarded the plane it was the hardest thing to do and it was a sad trip home,Sad
i was supposed to be studying for my math midterm a few days ago however i fooled around with my roommate and didnt start studying until am i was disgusted with myself,Disgust
since ive been here i havent written to any of my relatives i got a letter from my mom telling me how upset my grandparents are from not hearing from me,Sad
i got an a in anatomy the first one i have ever gotten in a science class here,Happy
a man in a car was following me when i went running early one morning in a fairly secluded area,Fear
i caught a peeping tom at my window when i was getting undressed,Angry
saying goodbye at the airport to my boyfriend who has to go to school back east we are very close and have been together years,Sad
my parents claimed me on their income tax after i had been out of the house for two years receiving no financial support from them as result i had to work more during school because they were expected by the fao to contribute to my education when they refuse to do so,Disgust
i was wearing a short skirt one day and someone told me my underwear was showing,Sad
getting a d in a class last semester and knowing it was because i didnt study,Sad
went to a movie with a date walked on the beach in alameda spent some time afterwards in her apt,Happy
at age my foster grandmother died i had a fear of dying,Fear
i am currently taking cs p i had to finish a couple of assignments but i was hindered because i could not get a passing score on my program,Angry
the girl i was seeing didnt want to have a serious relationship,Sad
i found out that someone that i knew had someone else taking tests for her,Disgust
one night a friend found out that i dumped one girl for another and he proceded to lecture me,Sad
i called off a relationship with one girl so i could see another,Sad
i asked someone to go out and she accepted right away,Happy
i was driving and stopped at a stop light i was planning to make a right turn as soon as it was clear it was clear on the left so i started but a man was just in front of the car,Fear
during a dance someone slashed my tires and dumped paint on my car i had four other friends with me that i drove and furthermore it was raining,Angry
when i was trying for a girl who i really liked and cared for and thought she felt the same way too but she didnt like the idea and just wanted to stay friends,Sad
when i lose on my bets on anything baseball football basketball track craps poker or arcade whether its dollars or i feel that i should never have done it in the first place,Disgust
i took my math midterm and got it back the following wednesday in class it was a totally low grade,Sad
my mom told me not to gamble but i did anyway sometimes i would even take some money from my parents and brother she found out and yelled at me,Sad
finished a difficult midterm,Happy
i confronted a bigger person than i and almost got into a fight,Fear
i was called racial slurs behind my back,Angry
my grandmother died during christmas break several years ago,Sad
saw a scene in a movie implying incest as humorous,Disgust
when given responsibility to grade papers in elementary school i cheated a little and graded my own higher,Sad
when i was a kid i stole toys from other kids,Sad
did very very well on a physics midterm,Happy
alone in the house late pm i heard noises sounded like someone was trying to get in our back door,Fear
a friend doesnt let me study when i want to she doesnt feel i need to study and doesnt understand how important studying is to me i get very angry with her,Angry
death of a pet rabbit we had to give it away because my brother became allergic to it we gave it to a man who kept animals and lots of other animals for children to watch we went to visit our rabbit it was badly beaten by the other rabbits and eventually died,Sad
when i stand at the bus stop for one hour waiting for the bus to arrive,Disgust
when i sat in the wrong discussion section in the beginning of the semester i insisted on being in the right section and the tas list should have included my name when i found out that i was in the wrong i apologized turned red and left,Sad
about not helping my sister when she asked me to help her on her chemistry class i pretended to be busy,Sad
when i won my car,Happy
going to take my driving test,Fear
i came home one day and discovered that my sister had borrowed my car and had gotten into an accident with it my entire front bumper was destroyed,Angry
when i heard the news that my grandfather had died,Sad
when a friend of mine keeps telling me morbid things that happened to his dog,Disgust
when i purposely locked my babysitter out of the house at age because i didnt like her,Sad
when i did not go to work because i had to study for a midterm,Sad
at a party in which i met an interesting female we enjoyed eachothers company while slow dacing,Happy
a friend and i were going to have a study session together in which we quiz ourselves in biology material because i believed i didnt study enough i feared i would fail,Fear
i live with my sister now and sometimes she angers me especially when she thinks i dont keep the apt clean enough,Angry
when i found out that i could not go to the concert after buying the tickets because of a biology test which occurred the morning after,Sad
right now i volunteer at a hospital yesterday halloween i dressed up as a doctor and went to work the volunteer coordinator told me after my shift that it was dangerous to have done what i did,Disgust
when i get an exam back with a grade that i did not desire then i get mad at myself and say that i could have done better,Sad
after days or weekends where i did not accomplish the amount of sudying that i wanted to because of more pleasant activities which come up,Sad
last year my freshman yr it was a day in march i did well on some tests i seemed to finally adjust to college it was hot and sunny i was walking in front of a frat when i heard beach boys surfinusa i had this overwhelming feeling that to be at cal was good i still have it somewhat,Happy
during one year my mother almost had a nervous breakdown and my father had a serious operation i was afraid that our family kids im the oldest wouldnt hold together everything turned out fine,Fear
last semester when i dated a girl whom ive known for almost a year however one night she said she wanted us to be just friends i confided this to a friend jim i was really suffering a month or two later he broke up with his old girlfriend and they started going out regularly i have no girlfriend nor have i had a romantic relationship of any significance i feel some anger but we are friends again,Angry
when i was a sr in hs one of the class counselors died of hepatitis she was very sensitive she knew my shyness and drew me out to improve myself image i missed her funeral so i could not publically grieve my parents didnt understand,Sad
i applied for a job of galso counselor and i made the strongest possible application but was denied an interview i felt disgusted at the system which by promoting the cause of minorities makes employing whites lowest priority,Disgust
i was angry about months ago and i kicked backwards against the wall it caved in and so i had to show it to my parents i had been angry after my mother said something to me about not being able to find clothes in my size something that im sensitive about,Sad
when i lied last week i lied to someone to get info for a paper i was writing i told her that the info was for a newspaper article i was afraid if i told the truth she wouldnt help me,Sad
someone a boy paid special attention to me,Happy
getting back my psych midterm,Fear
my roommate leaving my drawers in a mess after plowing thourgh them looking for something,Angry
my friend who was in the bago was kicked out of the sorority,Sad
a friend of mine had sex with someone of a different race on a winnebago trip down to usc in front of everyone all my friends embarrassed my sorority house name,Disgust
when i lied to my best friend about a boy she really liked but he didnt like her i told her he did and she bugged him for a long time embarrassing herself,Sad
im allergic to most foods eating something that im allergic to caused guilt,Sad
my last genetices midterm a decent grade,Happy
a certain night during initiation,Fear
when someone threw a firecracker into my room at am in the morning,Angry
a close friend of the family died,Sad
when other people refuse to do their house jobs and give the work to someone else,Disgust
not doing my share of the work for the house job,Sad
forgetting a close friends birthday,Sad
i received an unexpected b on an engineering midterm i did not study nearly as much as i should have and it was a difficult test,Happy
i could not do the questions on my math midterm,Fear
i was supposed to meet my girlfriend at a prearranged place but it took me an hour to find her,Angry
my grandmother died over the summer i knew her very well she baked great biscuits she was in the hospital but expected to improve and go home soon she died in her sleep,Sad
i saw part of a prince video with him crawling out of a bath tub,Disgust
my grand father caught me eating his private jelly bean supply,Sad
i slammed my little brother into a wall because he was bothering me,Sad
finding out my grades at the end of my freshman year,Happy
when i was going to bring back my girlfriend to la to meet my parents,Fear
when i found out that my good friend and roommate did not pay the phone bill and electric bill like he promised and let me down,Angry
when i found out that my girlfriend would not be coming back to ucb for one semester but would be living in san jose,Sad
finding out my grades at the end of my sophomore year,Disgust
when i found out my roommate had been talking behind my back about very personal things,Sad
when i was about years old and i stole some pens from a stationery store because i didnt have enough money,Sad
going to chico to visit a friend,Happy
first day back on the job,Fear
when the person im having the affair with wont talk to me in public,Angry
my roommates sister committed suicide,Sad
when i was getting so fat,Disgust
lying to my grandparents about visiting my boyfriend in chico,Sad
having an affair with my good friends best friend and every time i see my best friend i feel guilt because we cant tell him,Sad
when fell in love with my present girlfriend,Happy
when there was a bomb threat in tolman hall this was the first time that i felt my life could be in danger,Fear
when people would tell me that my exgirlfriend was playing around on me,Angry
when my grandmother passed away,Sad
when i study my butt off for a midterm and still get an average grade,Disgust
when i was i got busted for stealing a candybar,Sad
when i copy someone elses problem set,Sad
i got a very good grade on one of my midterms a few weeks ago,Happy
my mom called early in the morning on a monday and i had just seen her that weekend i couldnt understand what could be so important as to make her call at such a strange hour i missed the call and had to call her back that afternoon,Fear
my peers didnt want me to meet someone during rush for fear that i would give her a bad outlook on our sororoty house i shouldnt have seen this but they blew and i did,Angry
i was told that a friend of a friend committed suicide,Sad
doing poorly on a midterm,Disgust
my boat didnt win a race which we were favored to win,Sad
sleeping through crew practice one monday morning,Sad
when i had achieved a goal indirectly i work for cal football and our nd win of the season was very gratifying and brought our joy because of the hard work involved and the fact that no one expected we would win,Happy
upon reading a story on a serial killer by the name of henry lee lucas who has been given the distinction of killing more people that any other man i began to wonder if i should take more care for my safety,Fear
i had worked long and hard on a project when a friend inadvertantly destroyed it i could not forgive him for a long time and at times still get angry at him,Angry
when a pet died the pet was the closest friend i had for years,Sad
when peoplepress analyze a particular newsworthy item cal football team which i am a member and can only see the situation in a bad light and always put the team down,Disgust
recently some friends and i had too much to drink while on a football road trip to usc we trashed our hotel room and i felt ashamed when the maid walked in the next morning,Sad
i felt guilty when i mislead a person into thinking he was a close friend when that person was more of a casual acquaintance,Sad
getting my accentance letter from cal,Happy
one summer when i was camping with friends they devised and elaborate plan to scare me by having our camp attecked by a wild animal one of them and then convincing the campground was the home of a satanic organization,Fear
i went out dancing and found my boyfriend kissing another girl,Angry
at the end of my senior yr in high school i found out that a friend of mine i knew had cancer had been diagnosed as terminally ill,Sad
sitting in the dorm when the guys were verbally reading letters in penthouse,Disgust
i slipped on butter one evening in the dining commons landed on my rear causing my tray also to land on the floor,Sad
a person i was attracted to walked me home in the rain and got sick,Sad
today i did a lot better on my architecture project than i expected,Happy
when i was little i lost control of my bike and started to go into a buay intersection but my neighbor stopped me just in time,Fear
this summer i got into a fight with one of our patrons at a theatre he hit me and i hit him and her friend he hit my friend and we all hit eachother,Angry
this monday i took a math bs test and flunked for the second time,Sad
when i found out the cia was mining nicaraguan harbors,Disgust
a month ago i turned in an english paper in late after i had already had a previous paper late and promised not to do it again,Sad
i forgot my mothers and sisters birthdays they fall on the same day,Sad
when i received a letter of acceptance to cal,Happy
a time when i was very afraid of something was when i broke my fathers antique lamp,Fear
when someone told a secret i told them not to tell,Angry
when my mother was very sick and almost died,Sad
when i saw president reagan get elected,Disgust
when i failed some tests my first year at cal,Sad
when i stole something,Sad
i gave my mom a gift she wanted for years i raflected her joy,Happy
walking through campus at night a squirrel jumped in front of me,Fear
after a long trip in my dads van without incident i stopped to fill the tank with gas and dented the side of the van against the pole then my cars electrical system would not work when i tried to drive home from his house,Angry
at one point in a relationship my boyfriend was seeing an old flame more than me at our confrontation tears were shed,Sad
when a skunk invaded camp,Disgust
i made an unkind remark about the ethnicity of some friends without realizing it,Sad
i mangled the side of my dads van on a fence i did not realize the extent of the damage until he showed it to me the next day the shock on my face was genuine so a friend interceded with a good excuse which i did not deny i never clarified the situation,Sad
when i finally got a job after days of wondering whether i would be hired or not and counting on the money that it would bring,Happy
when i had to walk home in the dark for the first time,Fear
a time when as part of my work i was sent out actually sort of volunteered to run an errand for someone who had no authority to send me out and the address was very far especially on foot and turned out to be incorrect too the whole trip was a waste,Angry
when my boyfriend said he did not want to see me anymore which turned out to be untrue,Sad
when my roommate forgets to flush the toilet,Disgust
when i did poorly on a test and i knew that there wasnt an excuse for not doing better made mistakes i could not believe i made,Sad
remembering at the time i did not feel guilt in recent yrs how angry i would get when i was babysitting my new brother and he would not stop crying i did not do anything harmful or shocking but i feel guilty for treating him the way i did especially since i adore him now thats why i spoil him now,Sad
yesterday when i received a b on a history midterm i felt overjoyed after having received cs previously,Happy
when i began school at uc the preenrollment the classes and the question of success really scared me,Fear
a month ago when one of my fellow workers got a promotion over me it was just a small promotion but recognition was involved,Angry
when another fellow worker decided to leave the company we had been very close and we would not be able to work with eachother any longer,Sad
through the media and their presentation of a kidnapped child who was raped,Disgust
when i had not been accepted to a college which i dreamed of going to i felt that i had let myself and my parents down,Sad
i told my parents or more realistically would not do what they wanted me to do anymore i guess i sort of betrayed them after all they had done for me,Sad
when i drove partially across the country with my father we stopped in a few towns and stayed overnight in motels the joy i got was from the feedom i felt and the real beauty of the country,Happy
one day before christmas i went shopping with my brother and his friend we had a good time but on the way home we were almost in an accident because the weather was bad,Fear
i cant remember being truly angry usually its just disappointment that i feel one situation would be with my brother he and i used to be close but now he seems to be avoiding me,Angry
years ago my family decided to move from new york to california from the time we decided to move until the time we left i realized how much my friends cared for me when we left and for a long time after that i was very sad,Sad
once when i was babysitting for some neighbors children i found roaches in ther bathroom i had never seen a roach before but i called my mother to make sure thats what they were and she came over and checked,Disgust
the first time i slept at my boyfriends house and had to walk down the hall to the shower in front of his housemates i felt they were judging me,Sad
i was at school and afterwards went to work after work i went to see a friend and stayed out late when i got home my mother was awake and i felt guilty,Sad
the last time i had sex,Happy
after getting a fail notice for a math class i realized i was not doing very well in school in any subject i began to fear failing a class or two,Fear
physically fighting with my girlfriend because she just walked out of a room of my friends and had pushed and cursed at me when i went to find her,Angry
hearing about a friend back home that had to have his stomach pumped because he had overdosed on pills,Sad
after learning on the news about this man who killed more than women and habitually copulated into their inert bodies,Disgust
i had just masterbated with another boy,Sad
going out with another girl besides my girlfriend and not telling her,Sad
reading a letter from a close friend who said he missed me and cared for me,Happy
going to cal not knowing anyone,Fear
when a close friend did not write,Angry
leaving high school,Sad
when my roommate came home at in the morning after sleeping with a guy she did not know because she got drunk se has a boyfriend too,Disgust
fooling around with this guy i did not know,Sad
not noticing my roommates quietness or a sign of discomfort,Sad
i went home and visited with my family and friends,Happy
taking a chemistry midterm,Fear
while i was away for the weekend some friends went into my room and played my very expensive stereo without asking me or my roommate,Angry
i asked a girl out on a date and she said no,Sad
i was playing a sport in an advanced pe class and many of the people were not advanced,Disgust
i bought a possible answer to a homework problem which was completely inapplicable to the question due to my not having read about the subject matter,Sad
lately ive felt guilty because im folling behind in my classes and not studying much,Sad
returning to school and rejoining my girlfriend after months of separation from summer,Happy
waiting for my girlfriend to come from her apt to mine she was very late and i thought something awful had happened,Fear
i bought a new bed for my apt and it squeaks when you move on it i tried to fix it but could not,Angry
finding out that my grandfather had died he lived in england and i had not seen him for years,Sad
cleaning the bathroom of my apt and realizing my roommate who had lived there all summer by himself had never cleaned the place,Disgust
doing poorly on an exam that i thought i should do well,Sad
criticizing my mother when she refused to drive with the radio on i told her that i thought she wasnt intelligent enough to cope with the radio,Sad
my boyfriend and i were getting dressed up and putting makeup on to go to a halloween party we were dressing up to be two mimes it was very enjoyable and i thought we looked really good it was an accomplishment we were alone in his house,Happy
i needed a recommendation for something i decided that the best person to get one from was a professor who i had never talked to before i felt a lot of fear going up after class to ask him to recommend me considering he had never heard my name before but i did,Fear
i had been searching for housing for fall at ucb and i was finally offered a place then an ordeal followed first i accepted then refused related to my parents judgment theyre paying for me turns out that i was so upset at what my dad said to me that i hung up on him he called back and threatened to cut me off financially and emotionally,Angry
we got news that my almost years old brother died while visiting europe of a cerebral hemorhage it finally hit me an hour after we saw his corpse in the coffin it felt like a door between himself and everything had closed and locked forever,Sad
i was reading in the paper the feature on henry lucas who claims to have killed people he was a recreational killer and a necrophiliac and zoophiliac he has raped and beaten many women and killed men too,Disgust
the people on my floor last year were very close this year of our best friends live together in an apartment my boyfriend and i dropped by on one of their birthdays and stayed for dinner two other people had already been invited and i felt uncomfortable and unwanted then i realized i was the one who always called them and they rarely call me,Sad
i was talking to my mom on the phone and she told me that she had just gotten an award that day in front of all these people and she asked me if i wanted her to send me the article in the temple newsletter to me i said no very quickly and felt guilty for not being more interested and hurting her feelings,Sad
when i found our my mother didnt have cancer,Happy
i was alone and someone tried to break in from our back door,Fear
when some friends betrayed my friendship,Angry
when i did bad on a chamistry midterm which i could have done well,Sad
when an employer of my younger sister yrs made a pass at her,Disgust
defying my parents and staying out all night when i wasnt supposed to,Sad
yelled at my parents for not buying me a car like other parents,Sad
riding home from school after completing two midterms in two days and feeling i did well on them,Happy
occured while preparing for a midterm in social welfare that i thought was going to be very hard and felt unprepared for,Fear
argument with roommate over a lock he had put on kitchen cupboard without telling anyone,Angry
day time robbery of our house,Sad
robbery mentioned under sadness,Disgust
caught lying to my father about a speeding ticket i had received,Sad
getting a friend an open container ticket because i got caught speeding,Sad
when i found out i got accepted to berkeley,Happy
before i moved away from home i feared leaving,Fear
when a friend carelessly broke and object in my parents house and did not apologize or pay or anything,Angry
i felt sadness when my grandfather died,Sad
this person i know lied about how much income his parents made and received money through grants which he did not need another person is barely making it did not lie and did not receive enough money,Disgust
after a big fight with my parents,Sad
i forgot about a close relativess birthday,Sad
on my birthday my closest friends were here at berkeley pithched in a lot of money each and bought me ten records to replace some of my records that were stolen they threw a small surprise party for me too,Happy
while skiing in squaw valley i was riding up a chair lift and right when the chair was above a sheer cliff of rocks the chair lift stopped and all the chairs sagged and everything seemed to creak loudly,Fear
i received a poor grade on a midterm even though i got all the right answers and knew the material i went to the ta to try to raise my grade and he wouldnt do it,Angry
my girlfriend wanted to breakup for an indefinite amt of time she said that she couldnt commit herself fully to the relationship without going out with other people i was her first boyfriend,Sad
i read in the newspaper about a yr old woman who was found naked and dead along a roadside it turned out she had had two relatives and who were kidnapped raped and killed earlier,Disgust
i went to bed with a girl and the next day she thought it was the start of something serious and i just thought it was fun and i told her i wasnt interested in starting a serious relationship,Sad
i dreamed that this girl and i were cuddling in bed when my girlfriend walked in i really love my girlfriend so i felt guilty and sad i know that this is a wierd example but the dream and the feeling was clear to me as if it had really happened,Sad
being involved in a car accident and having my thumb caught in the glove compartment my sister and i had a fear of finally telling my parents since my sister was the driver,Fear
a coworker and i had to rush a project i was only working there for one month and he for some years instead of letting me know that he wanted to do the project himself he went to the superviser and let the superviser tell me to let the coworker do it himself since he was quicker at it,Angry
losing a pet chick our family had just put the chick outside a few days before and then one morning it was gone,Sad
no response,Disgust
no response,Sad
having told a certain lie,Sad
i experienced joy at a friends nd birthday party we had good food good liquid good company good music and an overall warm atmosphere the birthday girl and i communicate incredibly well i felt very content warm and inspired just talking with her giving her a neck massage,Happy
two summers ago my best friend and i drove into unknown mountains at midnight to pick up my broken car we told one another horrifically scary ghostmurder stories and succeeded in scaring eachother pretty well even though somewhere in our heads we knew the fears were unjustified,Fear
i had just seen my pseudogirlfriend and our conversation angered me greatly,Angry
my grandfather died thirteen years ago,Sad
when one individual takes advantage of andor injures another relatively defenseless individual consciously i feel disgust mingled with anger a person on my dorm floor verbally assaulted another person for having a certain religious belief,Disgust
i borrowed from a friend and paid him back much later than i had originally intended,Sad
i angered a close friend and he was injured,Sad
my parents and brother came up over the weekend we are a very close family this was my first year away from home they brought one jackolantern with a new design that is the old joke that we have a great new design its always the same,Happy
i was to meet one of my friends girl at the library at already dark she would be walking alone she was minutes late but i kept waiting calling her room and other places she could have been,Fear
while studying chemistry with a friend we became angry with eachother because we were both fed up,Angry
i received a letter from my grandmother she has obviusly suffered a lot from my grandfathers suffering health she mentioned things she had gotten him and he would never use,Sad
one of my good friends told people something i had told her in confidence about someone else,Disgust
i wanted my boyfriend to stay when he didnt he stayed but when he left i felt ashamed because i should have let him leave when he wanted i was too selfish,Sad
at a party i started talking to a guy i had seen in one of my classes my boyfriend felt awkward and left to talk to a friend but kept on looking at me as i talked,Sad
football was a very big deal at my high school so i was joyous when my schools team won the conference championship last year,Happy
i was driving on to a busy freeway during rush hour and it was slightly raining a diesel truck was coming very close behind me and i was close behind a pickup i changed lanes and barely hit the truck and ran a honda of the road i was scared to death to go back and see if i caused him to crash,Fear
i was really pissed when the russians boycotted the olympics i had anger towards them and jimmy crter i was very anxious to see it,Angry
it made me very sad to hear that some construction company was going to build houses on the beautiful hills by my house,Sad
i vividly remember having feelings of disgust toward some of my jr high classmates who didnt work at all on their schoolwork and who would coplain and take my tax money when i was older and more successful than they were at the time i pictured some adults like this that i knew in the complaining situation,Disgust
i could have died when i was caught cheating on a test in high school that was my first and last time,Sad
when i didnt study for tests in high school in particular remember a physics test i didnt study because my friends talked me out of it and we did something else boring i felt so helpless just being there then guilt set in because i was very close to getting an a in the class,Sad
i took a math midterm and i knew i did really well and it was friday so i felt great joy because the week was over and i did well on a test,Happy
when first came to cal i went to a rally on sproul and i later learned that the rally was conducted by the moonie cult they were taking pictures at the rally so i was afraid that they would circulate the pictures and then kidnap people i did not know how the cult worked i was scared,Fear
when i was faced with writing an essay and i didnt want to do it i was angry that i had to write an essay and angry at myself for not having the time to write a good essay,Angry
i ran a race for the cal track team and i did terribly and then the coach said that i should sit out for the season i felt really sad because i wasnt going to be able to run it was something i always had done and now i couldnt do it anymore,Sad
when i saw a girl in my economics discussion section smiling and asking stupid questions to the ta just to get attention she was obviously asskissing it happens in every econ discussion held weekly,Disgust
i was supposed to go out with my girlfriend one saturday night but i got really drunk with some friends earlier that afternoon and evening so i totally forgot about going out with my girlfriend she showed up the next day and that was when i remembered,Sad
i went to go get a bike innertube fixed i fixed it and i was supposed to pay previously but i didnt i said i would after i fixed the tire after fixing the tire the salesperson who helped me was gone so i walked out of the store without paying i felt guilty so i went inside and paid for the tire,Sad
i had met someone and we became good friends our relationship grew closer and now he is my boyfriend i felt joy when i found out how he felt about me,Happy
i feared that my dogs eye was infected too much he had played around in the weeds and a foxtail had gotten under his eyelid i took him to the vet and i feared that he may go blind because of the foxtail,Fear
one of my friends kept criticizing me about everything i did i thought she was kidding but later i found out that she was serious,Angry
one of my relatives became seriously ill i felt sad because i didnt know if she will ever be the same again,Sad
i felt disgusted when i found out that someone had betrayed me that person had been dishonest with me and i felt used,Disgust
after taking a difficult midterm for one of my classes i felt shame for not studying as much as i should have i was ashamed of the results of the midterm,Sad
a close friend of mine was leaving for graduate school out of state i had arranged to gather some people together the day before he left to be with him and have a good time but i didnt pay as much attention to him as i should have,Sad
i spoke with a friend on the phone who i havent seen in many years it was a joyful event to talk to him,Happy
i was on this amusement park ride at marriots great america it went way up in the air and then around and around heights are not my favorite spots in life,Fear
i typed up a letter for this physician at work she didnt care for my style even though she was not using correct english i told her it was her letter and we would do it her way,Angry
recently my sisterinlaws horse was poisoned by a plant and died the horse was very obedient and exceptional with children,Sad
i was disgusted at the behavior of these boys i work with in the scouting program they showed a lack of interest unrest and at times just plain rude behavior,Disgust
i had a test in the class and i had not adequately prepared myself i didnt fare so well on the exam and i felt bad about it,Sad
i was supposed to have done some things for my mother but just plain didnt get around to it,Sad
my old boyfriend yes the same one asked me out we had a good time then he asked me out the following week he actually took interest,Happy
i was physically assaulted and sexually abused about a year ago just the feeling that i might not get away intact or even alive produced fear,Fear
my boyfriend breaking up with me about months after i had an abortion just the fact that he was ignoring me and continued to do so,Angry
my nephews mother just left one day my brother and she were not married my nephew anthony was shaken i was sad for him because a similar situation happened to me,Sad
my friends and i were sitting at a restaurant we were talking and a few of them said awful things about women i became disgusted by their narrowmindedness,Disgust
i tried after months to begin talking to my boyfriend again he ignored me i felt i had lowered my pride and became his doormat,Sad
i had found out that i was pregnant i talked it over with my boyfriend and he was unsupportive yet encouraged an abortion i did,Sad
when i got accepted to cal,Happy
my apartment has had three robberies in the last month the guy upstairs just got robbed making it the fourth,Fear
when my roommates boyfriend assaulted me he was threatening me calling me names and pushing me around,Angry
i was going to go on a vacation to texas this summer but was unable to go because of registration,Sad
i didnt do very well on a midterm and im disgusted with myself because i was prepared and thought i did well,Disgust
when i dated my friends boyfriend after they had broken up,Sad
a friend was going to come stay the weekend with me but something came up and i cancelled out on him,Sad
after being depressed because of a very bad relationship my first love called me and told me that he would always care for me no matter what i did,Happy
when my exboyfriend threw me around the dorms because i was talking on the phone to another guy of whom he was jealous after we had an argument in which i thought we broke up,Fear
when someone tried to rape one of my best friends and he claimed it was her fault he the hassled her claimed she was loose and threatened to sue her,Angry
my mother kicked my surrogate father out and he in turn did not care for the dog afthur he bought for the family his lack of concern lead tho arthurs death on the freeway i loved arthur like a brother he was easy to talk to,Sad
i thought that the guy i had been associating with for over a year went out or times with a high school girl whom he claimed not to like,Disgust
the fact that i was pregnant i was always considered level headed and did not have sex until and out of high school,Sad
i was pregnant and thought that by not having the baby i would hurt the father like he did me regardless of the life we had created,Sad
i spent a lovely relaxing evening with my boyfriend we played games and talked all evening,Happy
when i walked to church with my roommate a bum told us to call the police and he started following us,Fear
when my roommates moped was stolen i was very angry,Angry
when i heard my grandfathers wife had leukemia i was very sad,Sad
i was disgusted to find out that the water isnt filtered or purified before it leaves latimer hall from the drains,Disgust
the same for guilt would apply,Sad
i added a little to a yield in an experiment to get more of a yield,Sad
third highest grade in the class and the best answer given for one question the question was graded by the professor and he indicated he liked my answer,Happy
in the recent lightning storm bolts of lightning were hitting close by mile i was in bed at the time and was afraid i might be struck,Fear
we are repainting rooms in my house my mother started to enact plans to paint my room without consulting me,Angry
recent breakup with my girlfriend we had been together for over a year i was overseas and discovered over the phone while i was at work,Sad
i attended a ceremony in denmark which is comparable to our halloween they build a large bonfire and place a life size dummy of a witch the crowd cheered when the dummy burst into flames,Disgust
i came home from school very keyed up at the dinner table i unfortunately unloaded a lot of my hostility off on one of my parents im ashamed that i didnt dispate and control these feelings before coming to the table or even let the energy build up in the first place,Sad
eating the last remains of dinner that someone else unknown to me had claimed,Sad
after watching the ers lose game after game year after year i was finally rewarded with a super bowl victory which made me extremely happy,Happy
while swimming i hit my head at the bottom of the pool and required stitches i later learned that the consequences could have been much more severe and that terrified me,Fear
i was rushing home from school because there was a er game that night i got into a noninjury accident which was all my fault but destroyed the front of my car the truck i hit was undamaged,Angry
when i learned that my dad had cancer i knew he was going to the hospital for some tests my mom told me when she picked me up one weekend from cal to take me home,Sad
now that the ers are winners the fans are coming out of the woodwork and jumping on the bandwagon and that disgusts me,Disgust
when i was small i would always fight with my younger sister and one time i hit her and knocked the wind out of her i felt real bad about it,Sad
when my grandfather was in a nursing home when i was young i never wanted to go and sometimes didnt have to and later i felt guilty,Sad
i felt joy when my boyfriend proposed to me in marriage,Happy
i felt fear when i was young and left in my big house all alone,Fear
after i said something that my boyfriend disagreed with he walked away from me without discussing what bothered him i became very angry with him for treating me this way yesterday november,Angry
i felt sad when my boyfriend and i were apart for some time,Sad
i felt disgusted when i was in a restaurant which didnt appear to be clean and orderly i do not like to be in unclean environments,Disgust
i felt ashamed when i was confronted by a teaching assistant that a close friend and i were accused of cheating on a math exam,Sad
when i did not defend my close friend when my father degraded him i felt guilty for allowing my father to get away with his actions and for the hurt my friend felt i cleared the matter up with my father a few weeks later,Sad
after much trouble getting together in the first place my boyfriend and i celebrated our first anniversary,Happy
i got caught shoplifting a package of gummy bears,Fear
sometimes when i go to work my crazy boss a hyper jewish lawyer insists i do things his way filing typing etc he sometimes blames me for things i didnt do and i cant yell back at him,Angry
since i moved into the dorms and ive been spending most of my free time with my boyfriend i hardly see my old high school friends i had several bad incidents with my past best friends,Sad
i took a psych experiment with a totally unappealing gay man as the experimentor some homosexuals are funny or cute but this guy was disgusting plus the experiment was about gays too,Disgust
my grades when my parents say how are you doing at school getting good grades i say great just fine actually i feel ashamed about myself,Sad
ive had three midterms in the past two weeks and i hardly studied for any of them like or days i feel guilty that i hadnt studied and i got cs on all of them,Sad
winning a close volleyball game im on the intercollegiate team at cal,Happy
speaking in front of a large group of people,Fear
same situation as before having my car stolen,Angry
when a close friend drowned in the american river,Sad
getting a low grade on my physics midterm,Disgust
arguing with a friend over politics she was more informed on the issues and made me feel very ashamed of my political ignorance,Sad
when my fathers car got stolen from me a ford mustang very hard to replace,Sad
getting sent on a company expense trip to another state to work for a week at that plan,Happy
on my second plane trip we ran into unexpected turbulence,Fear
having my personal objects rearranged by someone else without my consent and having it arranged to their taste then trying to find a particular object they rearranged for an hour or more,Angry
death of my father,Sad
getting back my math midterm i received a lower grade than i thought i would get after going through the questions i felt that the grader had graded harshly and i had made only a few errors,Disgust
getting a low grade on a midterm,Sad
promising to do a task for a friend and just forgetting about it,Sad
when i finished my cs project i was overjoyed i felt relieved because it was due the next day and i was tired of looking at it,Happy
i overturned in a canoe a few years back and i didnt know how to swim although i had a lifejacket on i still panicked,Fear
i came out of the house at am monday morning getting ready t go to school and fight for a parking when i saw my car had a flat tire,Angry
after my little sisters graduation from high school my grandmother became very sick she passed away a few months later,Sad
when i saw a wino by some cans with food stamps and use the change to buy wine,Disgust
i felt this when i was copying homework for one of my classes,Sad
after yelling at my girlfriend i felt bad because she was crying and upset,Sad
a party with no worries ie no tests homework etc many friends were present and good music,Happy
im afraid of not being able to go to the school i want because of suffering grades,Fear
i was stood up for a date function by someone who i really cared for,Angry
after blowing up and saying all the wrong things i realized what i had done and hurt that person and myself,Sad
my friends arent working for the same common goal we all need to accomplish,Disgust
i was supposed to do something and didnt the person was really dependiong on me,Sad
after confronting the person who stood me up i blew up and said all the wrong things,Sad
i realized the girl liked to be with me,Happy
that i would do bad in a class and not get into bus school,Fear
when my dad told me about something he had done against my mother,Angry
when i heard my sister got in a bad car accident,Sad
an engineer i know wants war so he can get a job making bombs,Disgust
i did bad on a test i didnt study for,Sad
decided at the last minute not to do something that i said i would do with a person,Sad
when i passed the ba exams with first class results,Happy
when my ba results had not come,Fear
when i failed my ssc exam,Angry
when my sister left home to go and live with her husband,Sad
i trusted a friend of mine but she lied to me about something and this disgusted me,Disgust
when i failed the ssc examination i felt very ashamed,Sad
i felt guilt when i was not cooperative with my mother for my exam,Sad
my first feeling of falling in love coming across a person who made me feel love happiness joy giving me a new and beautiful future who made me dream,Happy
when i got to know that the friend i am closest to got engaged and she was going away i was overjoyed for her but also felt frightened as i was very emotionally dependent on her i did not know what i would do without her,Fear
i was angry at my brother over an argument we had together we do have a few fights from time to time and also at times i take out my anger on him,Angry
when i came to know that my feelings for someone were not reciprocated,Sad
i felt disgusted while studying for my applied psychology and mental testing papers in ba,Disgust
i had a habit of wetting my bed when i was young one day when i was invited to my friends place to stay for the night it happened again i was ashamed of myself,Sad
i felt guilty when i lied to my parents,Sad
after my marriage i received the bsc results by post i was very happy to learn that i had got very good marks first class,Happy
a few weeks back my daughter had very high fever and i was scared that it might lead to brain damage or convulsions,Fear
i felt angry when my motherinlaw did not handle my daughter properly and she fell down from the bed and hurt her head,Angry
i was very sad when i could not take the ma i exams due to illness and a relative of mine disheartened me about it,Sad
when my parentsinlaw scolded me without any reason in front of the other members of my family for the first time they had called me from my room where i had been studying for my exams,Disgust
when the teacher asked me a question in class concerning something i had read earlier and i did not know the answer so i felt ashamed in front of the whole class,Sad
when my friend failed an exam by just one mark during this exam she had asked me to show her my answer sheet and i had not done it when the results came out i thought that had i shown her my answer sheet she would have passed the exam i felt guilty as i had failed her,Sad
when my family allowed me to do higher studies,Happy
when i decided to separate from my husband,Fear
when my father talks about our relatives and favours them i feel angry,Angry
when my elders do not understand me in the right way,Sad
when my husband quarrelled with me for no reason at all,Disgust
i have never felt this emotion,Sad
i have never felt this emotion,Sad
i went for a walk on the beach with a friend whom i had not seen for many months the weather was very pleasant we had some icecream and lots of fun on the beach,Happy
that day i was alone at home after coming home from school i did not know where everyone else had gone i kept waiting for them to come back and nobody came it was getting very late and i was terrified,Fear
i was walking on a street alone in the afternoon when there were not too many people on the street a couple of guys were following me and i was ignoring them suddenly one of them came in front of me and started using dirty language and harrassing me i got very angry and wanted to strike back at them,Angry
a close friend of mine was to get married in a weeks time when her father died of a heartattack i knew him well and felt bad on hearing of his death,Sad
a girl who is a friend of mine was having an affair with a boy who is also a friend of mine i got to know that this girl was also seeing another guy later on she just broke off with this friend of mine without giving any explanations this made him sad and depressed and i felt disgust for this girl,Disgust
i had always been first in my class and in the preliminary board exams i scored the highest marks then the exams were postponed and i neglected my studies as i was confident however when the final results came out i felt ashamed as i had scored less than marks and my rank in the class was fifth or sixth,Sad
i went to the cinema with my friends without telling my mother about it as i had been to the cinema the day before also when she asked me where i had been i lied,Sad
when i got permission to study at a place which was far away from my home,Happy
i had gone to the hospital for my research and got late in reaching home i feared that when i reached home there would be a quarrel because of my being late,Fear
i feel angry when somebody is unjust to me,Angry
i feel sad when somebody is unjust to me,Sad
when people around me did not understand me the right way,Disgust
i have never felt this emotion,Sad
i have never felt this emotion,Sad
when i went for a picnic in lonavala i felt full of joy,Happy
when my brother had an epileptic attack and i was scared as to what would happen to him,Fear
i was angry this morning when i missed the train to university,Angry
when i missed my train this morning i felt sad for some time,Sad
when i had exams a relative of ours who lives in another city came to visit us and i felt disgusted at him,Disgust
i felt ashamed when i had not attended a class and the teacher asked me the reason for my absence,Sad
i acted in an english play in college and got the best actress award while our play got the first place,Happy
i have done the teachers training course bed during our training i was asked to handle the ninth standard class in a boys school i was scared to face the class the first day,Fear
i was to meet a friend at the busstop he was coming to visit us and he did not turn up after having waited for him for some time about an hour i called him up to be told that he did not intend to come as he was feeling tired,Angry
when my sister died in a fire accident at home,Sad
when my husband told me about his premarital affairs,Disgust
when i failed the ninth standard exam in school,Sad
i had gone to see one of our professors about a book and i did not attend the class she took a few minutes later,Sad
when i passsed the msc board exams with first class which i had not expected,Happy
i have always been very scared and tense before an exam and before the declaration of the results,Fear
when my friend promised that she would come to my place and did not turn up i was annoyed at her,Angry
when someone tells me something that hurts me i feel bad about it and also feel sad,Sad
i feel disgusted when people do not understand me in the right way ie they misunderstand me,Disgust
whenever i am late i feel ashamed of myself even though no one tells me anything,Sad
i felt guilty when i lied to my parents,Sad
i was very happy when i passed the ba with first class marks,Happy
while trying to board a train i missed the footsteps and fell down on the platform,Fear
i was having an argument with my brother on his behavior then we started fighting and i got annoyed at him because he started teasing me,Angry
my best friend got married and left her hometown to go and live in poona after her wedding i felt sad,Sad
i feel disgust at my neighbour because she comes to our house with her child who spoils our furniture,Disgust
when i failed the twelveth standard exams i was ashamed at having to see my parents later,Sad
when my mother scolded me and i argued with her,Sad
when i passed the ba exams with first class results,Happy
when i was coming back home alone at night,Fear
when i failed the msc exams,Angry
when my father was ill,Sad
when my friend who is close to me got engaged and did not invite me,Disgust
when i failed the msc exam,Sad
when i fought with my friends,Sad
last year i passed the ba exams in psychology in which i stood first in my class thus i got the first prize from the college i was most happy to tell all this to my parents and friends,Happy
when i was years old i fell severely ill and was bedridden for months i felt very scared for my health and my studies,Fear
a few months ago when i was teaching i suddenly became very angry at the children and slapped some of them,Angry
my friend got married and went abroad this made me feel sad and lonely,Sad
when a begggar approached me for money i felt disgusted,Disgust
when i got out of in abnormal psychology i felt ashamed,Sad
once i lied to my parents and this made me feel very guilty,Sad
when i got a first class in the twelveth standard exams i was very surprised and happy and i had a very good time with my friends,Happy
i had a very horrible dream one night i dreamt that i had fallen off a very crowded train,Fear
when i was at sybajaj i wanted to get admission in another college and this was not easy and i felt angry,Angry
when my mother scolded me for something very insignificant without knowing the real cause of what had happened,Sad
i feel disgusted at my cousin who is badmannered does not know how to behave and talk to others he does not respect elders and lies all the time,Disgust
one day in the tyba class the teacher asked me a very simple question which i could not answer finally the teacher himself gave us the answer and my friends started laughing at me as i had not been able to answer a simple question i knew the answer but feared that my response may be wrong all this made me feel ashamed of myself,Sad
when i was taking the th standard exam my friend who was sitting behind me asked me for some answers the teacher looked at us just then and scolded both of us everyone started looking at us and i felt very guilty,Sad
after completing highschool i wanted to go abroad for a holiday i had never been abroad before and neither had i taken a holiday for a long time when finally my parents agreed and we got the airplane tickets i was over joyed,Happy
it so happened that while staying at anaunts place i discovered that i was afraid of sleeping in pitch darkness the room which my sister and i were sharing had no light and i would refuse to sleep without having the light of the adjoining bathroom switched on,Fear
when i see people with burns i feel sad actually i can not even express my feelings as i think that they must suffer a lot,Sad
i do not like one of our neighbours as they are very selfish whenever they want something or need help they come to see us otherwise they do not even bother about people who live next to them,Disgust
when some of my close friends and colleagues talk about me and my work and say that i am the brightest student of the college,Sad
in some special circumstances l lied to my parents then felt guilty so i told them the truth and felt free,Sad
day before yesterday my mother bought me a new pair of shoes without my having asked for them she told me that when she saw the pair of shoes she felt like buying them for me i really liked the shoes and they made me feel that my mother cares for me,Happy
when for the first time i rode on a motorcycle with my brother he was going so fast that i felt that i would fall off without my brother realizing it,Fear
one of my friends asked me to go shopping with her another friend of hers was also coming along during the outing they kept talking to each other and i felt left out even when i tried to talk to them they seemed not to listen to me and did not pay me much attention,Angry
two years ago my best friend died in an accident just a day before my birthray we were very close to each other and i felt very sad at loosing a close friend,Sad
we had gone to our native village and i went to visit a tribal group which believes in goddess kali as it was a festival day they had to offer a hen to the goddess so they cut the head off a hen right in front of my eyes i felt disgusted and evenb gave up eating meat after this incident,Disgust
as part of the assessment i had to speak on a subject in front of the class i was not really prepared and i was just reading the stuff i had on a piece of paper when some of the students asked me something i could not give them an answer i felt ashamed as i had not prepared the topic,Sad
one day i went to see a movie without my parents permission it was an adult movie and i was scared that my parents would not allow me to see the movie however after coming home i felt very guilty at what i had done,Sad
when my daughter gave her solo dance performance in poona and there was a big applause i was overjoyed,Happy
i was in a garden one evening and i saw a snake coming towards me,Fear
i am separated from my husband the way he has behaved towards me makes me angry,Angry
when my husband lied to me tricked me and when i had to leave my home,Sad
the way my husband and his family treated me unfairly cruelly and unjustly,Disgust
i was ashamed at myself for having shouted at my daughter because of my marital breakup and the unfair way i was treated,Sad
while having an argument with my daughter i got angry and overexcited and said angry words,Sad
when i got married,Happy
i was sitting on an electric swing suddenly the machine went out of order while i was still in the upward position,Fear
a girl whom i trusted and with whom i had shared personal confidential matters twisted the facts and told it to a common friend of ours when this common friend told me the version my friend had told her i was angry,Angry
when my elder sister died,Sad
my husband falls ill and does not follow the doctors advice on the treatment or the diet control,Disgust
every time i do not write something well in english,Sad
when i could neither measure up to the expectations of the teacher nor to my own expectations in one of the assignments,Sad
the day i got married was the happiest day of my life both of us felt that we were right for each other in every way and we had no doubts about our compatibility right from the day we got engaged,Happy
no response,Fear
one morning i was standing at the busstop and the bus passed by without stopping even though there were only passengers inside i felt angry at the rude behaviour of the bus driver and conductor,Angry
at the death of my friends father and especially as this happened ten days before her wedding,Sad
i was disgusted at the existing redtape in the government offices i accquired my passport three months after having applied for it and i had to go back five times to them to correct a minor error,Disgust
when i could not pass my exams with good marks my wedding was to take place days after the exams and i tried to convince myself that this was the reason for my not having done well however i thought that had i really put my mind to doing well at the exams i would have done well,Sad
no response,Sad
when i succeeded in achieving a scholarship for which i had strived hard during a period of financial personal and physical stress,Happy
when i had to travel alone unescorted for the first time it was an overnight journey by train to a distant place,Fear
i was not given a chance to explain to my close relatives as to why i could not go to visit them when they were ill when i did go they thought that i had been selfish and irresponsible during their illness,Angry
i put in two years of hard work and it was neither looked at nor appreciated,Sad
despite my being affectionate sincere and helpful to close relatives of mine they turned around and accused me of being inconsiderate in my relationship with them,Disgust
the first time that i had to go up on the stage to give a speech,Sad
i could not take care of my mother when she was admitted to a hospital for surgery i continued my studies as i could not get leave,Sad
i feel a sense of joy whenever i complete a piece of writing which is part of my work intense reading also brings me joy i also feel happy when i reminiscent about them,Happy
i was coming home from a relatives place and it was about pm i felt slightly apprehensive when i got off the bus and started walking towards my place i was confident that nothing would happen to me yet there was this slight feeling of fear,Fear
uncleaniness at my work place the place is generally not very clean but when it reaches a point i get angry at the person who is supposed to clean the place and the people who are supposed to supervise him,Angry
three weeks ago a friend of mine bid me goodbye before going abroad i felt happy for her as she was achieving something by making the trip but i also felt sad as i would not be seeing her for a long time,Sad
when we complained about the uncleanliness of the work place the authorities agreed to have the place cleaned even after days nothing had been done i felt disgusted at the whole situation,Disgust
i got into a tight pair of trousers and examined myself in the mirror my back looked unpresentable and i felt ashamed at my wanting to wear those clothes that day i quickly changed into another dress,Sad
when i do not put in the needed amount of hours of work or study for the day i feel guilty and try to make up for the lost time,Sad
when i got the scholarship i was very happy as the finacial burden of the family was reduced,Happy
i experienced fear when i was not prepared for the final year degree exams,Fear
when the others did not do their bit of work on a group assignment task and i had to do all the work,Angry
after having been ill when i was coming back to the hostel i felt very sad leaving home,Sad
when my friend got very low marks in field work even though he had worked throughout the year i had this feeling,Disgust
i felt ashamed when i fought with my mother on some issue and caused her trouble,Sad
i had enough time to do my assignment and i did not do it well when the lecturer scolded me i had this feeling,Sad
when i was selected at tiss x,Happy
when i almost walked on a snake,Fear
when i was insulted by a man,Angry
when my mother left for kenya,Sad
when i see that the toilet is unclean,Disgust
when my coresident opened the bathroom door while i was bathing inside,Sad
when i could not complete my assignment on time,Sad
at the preuniversity i was appreciated as an examplary student by our pricipal this is something which made me feel very happy,Happy
no response,Fear
when i was blamed for some of my attributes which are very often misunderstood especially when one is very frank,Angry
when my sister lost her only son who was sixteen years old i felt very bad about it as this was the first death in my family and then i learned slowly to understand to life,Sad
when i was in a christian institution sometimes the nuns would send back the people who came to visit us when it was not the visiting hours this disgusted me,Disgust
no response,Sad
once i was not able to give a relative who was in a critical period a helping hand whenever i think about it i feel guilty for letting down the person who trusted me to give him a helping hand,Sad
the day i got a letter from the ugc informing me that i had been awarded the junior research fellowship,Happy
when i was working in delhi i had gone alone to see the hostel where i would be residing,Fear
when a relative who had come to our place created untidyness and dirtyness,Angry
when i had to leave home to go to some other place to study,Sad
when i went to visit a relative and saw how messy and dirty his place was in the absence of his wife,Disgust
when i brokedown while seeing off my friend,Sad
the day i have not worked academic hard enough,Sad
when i have achieved what i wanted to achieve i feel the above stated emotion also when i am sucessful,Happy
once when i was walking alone at midnight i happened to put my foot on a frog as it felt smooth i thought that it was a snake and i felt afraid,Fear
my friend and i were to attend a very important meeting and he had promised to come and pick me up but he did not turn up and i felt very angry at him,Angry
i was really hoping that i would pass the examination but i failed and so i felt very sad,Sad
i feel disgusted at people who talk negatively about a person without knowing the person well,Disgust
i have felt shame but am unable to remember any particular incident,Sad
whenever i do something prohibited or wrong i feel guilty,Sad
when i stood first in the ba exams earlier i had heard of these boys and girls who were toppers but when i first heard of me having topped i could not believe it,Happy
when my son fell off the cot at the age of months i became very nervous and thought that it would cause defects in his head,Fear
i was very angry one day when my husband ignored me and slept on a separate bed he had no reasons to doubt me or to neglect me and i had never imagined that he could do such a thing,Angry
when i heard the news of the death of my father it was in the evening and i was alone all night in my room trying to remember the face of my father,Sad
one day my colleague misbehaved with me i felt disgusted and thought to myself that he could only do this because i was a woman,Disgust
one day i addressed my husband in an abusive manner in front of his friends later on i realized this myself and felt ashamed of myself,Sad
my mother misunderstood me and prevented me from doing something in return i did not talk to her for a few days only later on i realized that what she had done had been for my good,Sad
when the results of the part i exams came out i felt tremendous joy in my heart the results came out after a long period of worry and anxiety so it gave me endless relief and joy,Happy
i felt afraid just before receiving the question paper of the part ii exam,Fear
i remember that when i was in school i saw a case of partiality one of the teachers gave private coaching classes to some girls and she would give these girls extra attention in class and would ignore the others,Angry
on the last day of my school life i was very sad specially on the farewell party day i felt sad to leave behind my beloved teachers and friends,Sad
i was most disgusted when i had to make a nagging three day journey recently from calcutta to bombay it was very boring and tiring,Disgust
i remember that once a friend did not cooperate with me due to some unavoidable reasons unaware of this i treated her unjustly till i realized everything and then i felt ashamad of my deeds,Sad
i did badly in one of the vital exams despite getting proper guidance from my parents i felt guilty of improper use of the chances provided to me,Sad
i can not recall one,Happy
i do not recall one here either,Fear
this emotion has never been an intense one that makes it difficult to recall it,Angry
when my honest intentions were marred by anothers jealousy,Sad
the previous incident holds good here also,Disgust
has not really happened,Sad
when an event took place in anothers life and which i thought i could have avoided,Sad
the day i was happiest was the day when i received a phone call from eves weekly to inform me that i had won the first prize of the all india essay competition i had won this prize when i was an undergraduate when even post graduates had participated i had been judged by eminent judges and political scientists,Happy
fear is an emotion that i experience very often naturally this is during exams and subsequently while waiting for the results however there is one occassion when i was paralyzed with fear this was when i was doing my mai and we had a series of student lectures i was one of the participants and my lecture happened to be the opening lecture i had been confident all morning about twenty minutes before the lecture my confidence started failing me i felt my heart go cold my lips go dry and i was really paralyzed this incident of fear is still fresh,Fear
i experience this emotion quite often but the day i was most angry was the day i got pulled up for something i had not done it happened during my school days i had not spoken a word in class but the monitor had written my name on the board so i had a remark in my callender which i had to get signed by my parents this remark resulted in me being spanked,Angry
i have once been very sad and lonely this was when i was trying to organize a play as a student years instead of materializing it fizzled out the worst thing was that the play fell apart completely and i found myself weeping uncontrollably now when i think of it i laugh it off but at that time it was intense,Sad
this is an incident that many of us witness in our everyday life in a city like bombay one day i was travelling by bus three men dragged two fellows out of the bus once outside they were beaten into pulp these two fellows who got beaten were pickpockets and they were being beaten by all and sundry i thought to myself what is life it is one hell of a place where everyone is after someone else one waits to cut the throat of the other one just for a living money when i think about such things the purpose of life etc i feel very disgusted and dejected,Disgust
this is an event i will never forget i am considered a good mimic this particular day we were waiting for a professor to take her class this professor had a peculiar accent and a very horrible way of lecturing and to top it all we had this class at the fag end of the day so this particular day i got into my element and started imitating the professor and the professor entered the class right in the middle of it i was unaware of her presence some of my friends tried to warn me but it was of no avail as i was too engrossed in mimicing then i suddenly noticed the silence and turned around to see her entering the class i do not know till today if she actually saw what i had been doing or she had completely ignored it through out that lecture i died of shame all the more shameful was the fact that she gave me a character certificate,Sad
no response,Sad
this happened when it was finally confirmed that i had stood first in the university for the ma exams a few days before the official results were declared a clerk had brought the results unofficially so i had been expecting the results but the confirmation allowed me to legitimately feel happy at my success,Happy
this was when i was being followed home every day from the campus by a stranger he would follow me to the campus and then sit outside my class if i was not there he would ask my friends as to where i was he was a dark ominous looking person and i was terrified of him as i did not know his intentions i reported him to the security officer who turned him over to the police i was even more petrified then,Fear
a new gas connection was to be installed and the mechanic who came to do it was very rude to my mother and me i rushed to thhe dealer with my mother and had a fight with the dealer as he seemed to be unreasonable and was taking the mechanics side ultimately the matter was resolved after my father went and spoke to him the mechanic was asked to apologize,Angry
the day i was to receive my goldmedal for the ma my grandmother who i loved very much died after an illness she died a few hours before the convocation while i was attending the convocation i had to control my grief as she would not have liked me to miss it it was a day she had been waiting for but did not get to see,Sad
we had come back from a programme and we were all three girls staying over at another girls placce one of them started passing very nasty and outright bitchy remarks at me it was brought on by a male colleagues compliments to me this girl was herself interested in this guy bitchiness and catty remarks made by women never fail to disgust me i can particularly remember this incident as she knew that i had not encouraged the guy,Disgust
i was learning judo and my instructor wanted me to assist him in teaching girls judo at a suburban college i was just a beginer and he made me a green belt so that i would be able to command respect this was against my principles and yet i allowed myself to listen to him i gave it up soon after however i felt very ashamed at not sticking to my principles and at not having put my foot down earlier,Sad
i was coming back home with my mother when the purse i was carrying got stolen it was done so swifty that i did not realize what had happened till much later a lot of money and the keys of the house were lost i was guilt ridden at my carelessness i felt terrible as i do not normally loose things and this was quite important especially the keys,Sad
international sports events won by my favourite national team or player brings me joy eg when india won the world cup cricket match,Happy
when i had gone to a school picnic and was left behind in the forest,Fear
when i saw a few people beating a man who seemed to be a stranger,Angry
when india lost the benson and hedges cricket trophy,Sad
no response,Disgust
no response,Sad
when i was responsible for getting my friend runout in a vital cricket match,Sad
when india won the prudential cup by beating westindies in the final match and became the world cricket champion westindies was the strongest of the eight countries which participated in the competition,Happy
as a child one evening i had read a novel about ghosts and i had thus spent a sleepless night as i kept feeling that there were ghosts dancing around me,Fear
despite our good performance and excellent results the management refused to meet our demands,Angry
when my beloved girlfriend got married to another person,Sad
when i heard that a years old girl had been raped by four rikshaw drivers in our town,Disgust
i feel ashamed at the fact that even after years of independence of the indian poulation is still below the poverty line,Sad
i read about the national and social spirit and selfdiscipline of the people of developed coutries like usa england france germany etc comparing this to the indian people i felt guilty as they have no national spirit or selfdiscipline,Sad
i felt happy at the settlement of our marriage even though we are from different sociolinguistic backgrounds our parents agreed to the wedding without any conflict or discussion we had thought that they would object to the wedding but it did not happen,Happy
one day early morning my mother who is healthy fell ill there was no doctor or compounder near by and for a few hours am to pm she did not speak a single sentence nor did she drink water or milk there was no movement in her body and i felt really scared i almost lost my confidence about her survival,Fear
one day my elder brother badly scolded my father this was the first time that i heard such abusive language from my brother i requested him humbly not to use this kind of language but he did not care for what i was saying finally i picked up an axe to use against him in the meanwhile people intervened,Angry
my close friend and i applied to tiss for admission last year unfortunately he failed to get admission we had done our graduation together and are quite involved with each other so we had wanted to do our masters degree together however it did not work out as we had expected it to and this saddened me,Sad
my classmate at tiss has the habit of biting his nails and ever since my childhood i have never liked this habit this person is near me in class dining hall and the campus so i suggested that he should stop biting his nails however he found it difficult and my disgust feelings have not changed,Disgust
i had this feeling before my graduation and never dared to speak to my relatives and friends because of this feeling i would avoid situations however i do not know the reason for this,Sad
one day my mother forced me to eat more and i refused the next day she served me more rice and mutton pieces than usual when i saw this i got very angry and scolded her and refused to eat later i felt guilty and asked her to excuse me,Sad
when i was a student at the institute doing my mphil degree one of my professors called me before the convocation and told me you have got the goldmedal first rank in the university and tomorrow you will be on tv,Happy
when i was in my village one of my enemies had written a nonsense letter to a girl and he told the father of this girl that i was the culprit when i got to know this i was scared as the girls father was a worse man,Fear
when i was doing research a few months ago i had asked the institute to sponsor me for a computer course which was held in tiss however because of the administrative officer i could not get the money,Angry
when i was in bombay one of my good friends was getting married and he had not informed me about it this made me sad,Sad
i once got a phone call stating one of your friend is in jail please come and see him when i went to the jail and saw him i was disgusted,Disgust
some time back i had signed a letter which i had not read what had happened is that something had been written against my friend and this went to the higher authorities my friend asked me you also signed,Sad
one of my friends came to know through some other friends that i had applied for some course in an institute he asked me why did not you tell me i would also have applied at that i felt guilty,Sad
i am joyfull to be alive every night,Happy
i have not felt this emotion yet,Fear
on discovering the redtapism and the bureaucratic corrupt decadent degenerated infrastucture of every public utility office and service and the rampant corruption at every single level of education and other institutions,Angry
the death of jaya prakash narayan caused a great deal of sadness as i believed that he was the only true democrat and a ray of hope on the indian horizon,Sad
this is an everyday feeling many situational events causes are unclean and dirty environment illiteracy poverty and neglect of human resources disgust at the lack of perception on the part of us educated few for the lack of drive and drive towards their redemption,Disgust
when i realized that i belonged to a country which is amongst the poorest in the world and that inspite of having the resources we do not utilize them i was ashamed at myself and my country shame at the lack of parity between the lifestyles of the citizens,Sad
when i realized that i was not working hard enough and was not being useful as an individual to the society or the family guilt at spending money on uncalled for activities in short wasting my life,Sad
my joy knew no bounds when i was selected for a job even before having finished my studies,Happy
i was scared when i realized that i might miss the train which i was supposed to take i was kilometres away from home and when i heard the depart whistle i was still feet away from the train i finally made it,Fear
i felt angry when repeated pleas to the ticket collector and the copassengers in order to make a queue fell on deaf ears i have this feeling whenever someone is not disciplined and methodic in doing his duty,Angry
i am filled with gloom and sadness at the death of a person more specifically i felt sad after hearing the news of a death of a person who was hale and hearty and full of life with vigour and plans for the next day but had no next day to cherish it,Sad
i feel disgusted since i am unable to cope with all the wordly affairs as i spend much precious time to pursue my hobby and to be admist the people i love and long to be with,Disgust
i always feel ashamed when i do not succeed in accomplishing something in which i had put in all my efforts,Sad
at times i have been attracted to conducts which are socially degraded due to their ill consequences and then i feel guilty,Sad
when india first won the world cup cricket tournament,Happy
i was then in the th standard and was going to my native place the last bus had already left and so i started walking it soon became quite dark the road was a village road and was deserted i was not even sure if that was the right way i finally reached home at pm,Fear
i was travelling from delhi to bombay i had booked a seat one month back and i had also got a telegram confirming this however in the train my name had been omitted from the reservation sheet and the one seat that was still vacant was alloted to another person who paid for it despite my requests for the seat i was allowed to stay in the reserved compartment when i paid money,Angry
the news of the natural calamity an earthquake in which hundreds of mexican people died,Sad
in punjab when in the name of religion people killed each other during the agitation,Disgust
no response,Sad
no response,Sad
i felt happy at the end of a day student camp we had shared our hopes and aspirations and in the open situation so generated we had made strong frienships and experienced our own worth as well,Happy
one of my fellow students had bunked field work and in my attempt to cover up for him i myself was exposed though not directly we were to meet our field work suprevisor and we were afraid of the consequences,Fear
i had made an error in planning a programme and had publicly accepted the mistake despite repeated requests not to bring the matter for discussion a professor kept constantly passing remarks i reacted angrily,Angry
i was in love with a girl but had to separate from her because of different commitments concerning life and career i loved her as a person but could not agree with the life the future would demand parting from her was very sad,Sad
students on campus were unnecessarily creating trouble just to heckle the authorities not to achieve something concrete but to further their own interest,Disgust
i had reacted angrily at a friend for no fault of his i had raised my voice and had not cared for his opinion,Sad
i had promised to send something to a friend and it completely slipped my mind i felt guilty for having forgotten,Sad
this is one feeling i never betray but i must confess that the last time i slighty felt happy was when i passed my ma with a high rank this was a few years ago when my friend told me about the result,Happy
a few weeks back i had a very important seminar and i had circulated my papers to all the panel members a day before the seminar i realized that i had inadvertantly burdened certain derivations and i had failed to correct it i feared that this would reflect very badly on my performance fortunately none of the panel members detected it and i felt relieved,Fear
a few days back a friend of mine poked me in the ribs for funs sake though i had warned him an infinite number of times that it really hurts me he did it again i usually ignore this but this time i flared up for a split second and threatened to bash him up this is the latest incident when i lost my temper though i felt very bad about it later,Angry
the saddest moment in my life was when i lost my younger sister a few years back,Sad
yesterday i was just about to cross the road when a country guy who was ahead of me spat out a mouthful of betel juice on the road it was very windy and had i not checked my speed i would have had a very good shower of his saliva though i was not angry i felt that these people were very indecent,Disgust
yesterday while playing volley ball there was one person extra and somebody had to out a mess worker and i were the last ones to arrive and we had arrived at the same time rightfully one of us had to opt out of the game as i was delaying leaving the mess worker opted out saying that i should play i felt ashamed of myself,Sad
a few days back a friend of mine had asked me to call on him on sunday i had accepted it but later did not go for no specific reason i just slept in my room the next day this friend called me up and told me that he had been expecting me the day before and his wife had prepared a very good lunch for me which had gone waste i felt very bad about this incident and it has been growing in my heart ever since,Sad
when i got my bsc degree with first class,Happy
before the declaration of the ssc results,Fear
when i was punished in school for no serious mistake of mine,Angry
when i received the syjc results the marks i obtained were not up to my expectations and i missed admission in engineering,Sad
when i could not attend the college picnic due to some difficulties,Disgust
when i was detained one day in school by the viceprincipal for indiscipline,Sad
one day at school i had quarrelled with a schoolmate and ultimately i had hit him hard he being physically weak had to visit his doctor and remain absent from school for two days,Sad
this happened when i was in the th standard the paddy crops were in a bad shape as it had not rained and there was no water in the well so i was in a very sad mood i came to the conclusion that i would ignore the paddy field just hours after this it rained for one hour this was a very tense time and the rain brought me tremendous pleasure,Happy
at the age of i had gone to see a film in a nearby village about kms from my home i started walking as there was no bus i had to cross hills and as it was dark i could not identify the path half way through it started raining and as there was no shelter i ran four kms to reach home,Fear
one day my roommate started imitating me doing what i had done a few hours back i got very angry and started beating him up,Angry
a few months a close relative of mine died i had never expected this to happen and was sad for a few months,Sad
one day at an important place i met a group of girls and while we were waiting for a bus these girls started smoking and commanded me to smoke i felt very disgusted,Disgust
a few months back i had gone to my friends place and they offered me tea and coffee i do not have the habit of drinking tea or coffee and so they offered me a glass of milk instead so i felt ashamed,Sad
at my native place i was riding my cycle which did not have lights at night and so a police man caught me i requested him to let me go but he would not so after a few minutes i just escaped,Sad
after my graduation exams i was waiting to get admitted to a post graduation course however the situation was not very favourable for me and i was upset suddenly bombay university offered me a seat and i landed up in bombay for my post graduation studies this happened last year and was very pleasant for me,Happy
never experienced,Fear
this was the worst incident of my hostel life i was insulted by a close friend of mine on the eve of the new year and it totally spoiled my new years night,Angry
when i feel that i have made a mistake,Sad
never experienced,Disgust
never experienced,Sad
never experienced,Sad
when i got my ba degree with first class,Happy
i received a letter from my college telling me that i would not be allowed to sit for the exams because of my low attendance in class and the bad experience in the terminal exams,Fear
once a friend had pushed me and i had fallen on to a window which then broke i was taken to tthe principals office and he accused me of having broken the window,Angry
when i received my syjc results which did not allow me to get admission in engineering,Sad
once when i was studying for my examination i was asked to do some work which was unavoidable,Disgust
my teacher asked me a question which i failed to answer and i was told to stay behind after the class and give the answer after studying it from a book,Sad
during class one day i walked out of the class the teacher noticed it and decided that he would take some action against me when i realized this i approached him and told him that i was sorry for the incident and would not repeat it,Sad
when i passed the th standard board exams,Happy
my illness a few years back i was sevely down with malaria and asthma i had lost my health charm and cheerfulness completely,Fear
during the short period of my unemployment about six years back,Angry
my fathers death in january moved me deeply the gloom prevailed for almost two years and i am still to recover from it,Sad
no response,Disgust
when i was years old i was caught by the ticket collector when travelling without a ticket,Sad
a few lies that i had indulged in a few years ago while raising loans from my friends,Sad
after having finished my bsc i was struggling hard to continue my studies and had taken the msc exam i was not sure that i would be selected in the written exam when i saw my name in the selected candidates list i was overjoyed,Happy
when i did not get admission in msc after my bsc i felt really bad when i started my journey to bombay after having accepted my uncles offer to come to bombay i was afraid wondering if i would succeed or not,Fear
when i was dancing with a dame at a social one of my friends who was interested in her came and took her away from me i was really angry with him then,Angry
when a close friend residing in the hostel lost his father i really pittied him and the situation made me feel sad,Sad
after my when i did not get admission in be i felt disgusted,Disgust
when i was in the th standard i could not speak english one day while talking with my relatives i used a wrong word and my cousin corrected me believing that i did not know english i really felt ashamed then,Sad
when i got low marks in the final year bsc exams i felt guilty as i had not worked hard because i had been roaming around with my friends,Sad
i was doing an experiment and was not getting the appropriate result despite the fact that i had repeated the procedure times then finally i got it right by a stroke of luck,Happy
once i was very frightened at night as i had a very fearful and terrifying dream i could not go back to sleep for a long time,Fear
once i had an argument with my friends and i knew that i was right my friends went on arguing with me even though they did not know the right thing,Angry
no response,Sad
my elder sister forced me to do a few things which i did not like to do,Disgust
once i had torn a few pages off a library book and i felt ashamed at this,Sad
no response,Sad
when i realized that i loved someone of the opposite sex,Happy
after i was thrown out of a car in an accident this resulted in a fracture,Fear
during my childhood when i could not get what i wanted from my brothersister and parents,Angry
i felt disgusted when i was in a helpless position at the loss of my fiancee,Disgust
the day my fiancee told me that it was bad that i could not write my mother tongue,Sad
i felt guilty when i thought that i was still not standing on my own feet,Sad
the way this particular girl spoke behaved and reacted the first time i was introduced to her i felt certain that something between us would materialize,Happy
never,Fear
ther are many instances which are all equally irritating,Angry
when a girl did not answer a question concerning my love for her put forward to her,Sad
there have been very few instances of disgust as far as i can remember they are not important or worth mentioning,Disgust
i was not i am not i will never ever feel ashamed of myself for something i have done,Sad
never felt guilty as i have never done anything which could make me feel guilty,Sad
i most joyous moment was the day i got my marks i was very happy when i came to know about my marks at the msc part i examination where i got this was the highest marks i have ever scored in my life,Happy
i was travelling in a bus from school going home for holiday in the bus unfortunately i stepped on a bag in which there were delicate things,Sad
when my brother was selected to the university of malawi the polythecnic i was very excited and i rejoiced due to one of our family members qualifying for university level at long last,Happy
on may th i got a summon to appear in court on may th on the subject of impregnanting a school girl i really feared of standing in the court in a few days time after this notice i was also embarassed due to formal approach that was expected of me to the principal,Fear
sometime ago i felt very angry when my mother wrote me telling me that my elder sister was messing up things at home by her internalised aggressive attitude towards parents and her husband,Angry
i felt very sad when i was in form three to notice that my friend barley jumbe had lost very expensive new sports short trousers,Sad
four weeks ago i felt very much touched to find an asciatic patient who had asked the very morning to be tapped of the fluid dying in the evening i was really disgusted because this was the medical staffs negligence had the clinical officers done something that very morning he might have been alive today,Disgust
truely i got very ashamed when my brother was sent out of business machines limited company due to improper handling of the office equipment in sales services,Sad
guilt conscious struck me when i failed my standard two examinations in i knew that i would suffer the consequences of what i had been doing during class hours thus playing with friends and sometimes not even going to school,Sad
after sitting for the standard exams for the second time in i had great joy when i heard that i was successful in the examination when the results were out,Happy
i had a cousin whom i loved so much unfortunately she passed away suddenly and one time i had a dream in which i was talking to her yet she is dead,Fear
somebody wanted to beat my brother at a wedding ceremony and i was trying to protect my brother but the other man was calling names to both of us,Angry
i never failed my examinations since standard but i experienced sad moments when i sat for standard examination and i was not selected for secondary school education in,Sad
i had experienced odd moments one time when a patient came into the ward in which i was working the patient was badly burnt in the right side of her body i was very nervous at the sight,Disgust
when i was young i was playing football near my parents house and while playing i fell on the ground at first i thought i was not seen by anybody but when my mother laughed i felt very ashamed,Sad
i had been on friendship with a certain girl for sometime and the love was going on well but it happened that i made the friendship come to an end suddenly without good reasons,Sad
i was emotionally happy when i was in love with the girl i had longed for,Happy
i once felt that my last hour had come when i was unexpectedly found in the hands of,Fear
it happened that my brother promised to give me money for school and then he told me that he had failed to fulfil his promise a day before school started i became so angry for i thought my future would be ruined,Angry
i was all of the sudden sad when i heard that my cousin who usually paid school fees had passed away after a very short illness,Sad
the first day i visited the hospital i was disgusted because i experienced offensive smell which i never expected i nearly ran away from the course,Disgust
i once felt shame when i failed to fulfil the promise to marry a daughter of a certain gentleman,Sad
i felt guilty when i was robbed of a friends radio at lilongwe bus depot after promising that i would keep it safe,Sad
when i heard a rumour that the st year exam results were out i had fear that i might be one of the failures,Fear
somebody was blaming me of a story which was not real and not true,Angry
death of my grnadfather after having been in hospital for so long with cancer of the oesophagus,Sad
when mum had beaten my young sister just because she had received a letter from a boyfriend,Disgust
when i had not done well in geography at my mce i was expected to get more than i did,Sad
when a patient had died soon after i had told the guardian to wait outside the ward,Sad
when i passed my primary school leaving certificate and selected to go to a boarding secondary school,Happy
when i was feeding a premature baby months the baby chocked this was when i was working in childrens ward i thought i had killed the baby,Fear
we were just about to go into the exam room and i didnt see all my writing materials plus the identification card from the place where i left them,Angry
when my boyfriend did not turn up in time as he promised he would be coming,Sad
the time when i cleaned the house and everything was tidy then my cousin who is years old came with a muddy pot and made a mess of the whole thing,Disgust
bad temper of the serving lady in the students dining hall,Disgust
teacher suspected me stealing money,Sad
failed to do what i had promised,Sad
saw on tv china winning the gold medals,Happy
staying in the room alone at night,Fear
an old lady slipped and nobody helped her,Angry
a friends mother died,Sad
saw a dirty street,Disgust
not collecting homeworks in time to give the teacher,Sad
not helping other people to do their homework,Sad
made a wonderfull new friend,Happy
my friend started to misunderstand and hurt me,Fear
insulted by disgusting people,Angry
my friend was badly hurt,Sad
someone not responding to my criticism,Disgust
swearing in public,Sad
hurt someones feelings unintentionally,Sad
when you told everyone in the last lecture you will do all lectures again in english and everybody can come not only english classes,Happy
before an examn,Fear
my class leader told me i am not chosen for your english lectures,Angry
finding out that the university will give first priority to qualified practioners and clinical years to go to your english lectures,Sad
finding out that old and useless practitioners of retirement age will go to your english lectures and they do not understand english,Disgust
china cannot give your lectures bigger place and sound system,Sad
i am not good enough for your experiment i am doing,Sad
winning a game after a long time of losing,Happy
almost had a bicycle accident,Fear
people not cueing in the dining hall,Angry
failed an examn,Sad
saw a real party leader,Disgust
failed to recagnize a friend on the street,Sad
forgot to collect post for a friend,Sad
being chosen to do your experiment with aphasia,Happy
you may find out that i am stupid and not to let me do your experiment,Fear
a classmate told me i must have bribed the class leader to let me go to your english lecture,Angry
i was not chosen for the all english class,Sad
saw my class leader acting like a god when he chose people to go to your english lectures,Disgust
talking to friends about how old you are and we cannot be as successful as you at your age,Sad
telling friends about your nickname,Sad
i got better marks in the examn than many arrogant people,Happy
before the examn,Fear
insulted by some stupid people,Angry
lost a friend,Sad
hear people talking at my back,Disgust
saw something stupid and ignorant happening in the countryside,Sad
i was very scared when i went to the examination hall for my msc examination as i had studied a limited partion of the course thoroughly and i was in great doubt whether that would be asked,Fear
i was most angry when india lost the triangular cricket trophy held in australia i was so angry that i fought orally with my friend,Angry
i was very sad when i got the xiith standard results when i got low marks as compared to my friend and i could not get admission to courses like medicine,Sad
i was disgusted at myself when i dropped a vital catch while playing a cricket match and we lost the match though the catch was difficult,Disgust
there is one thing which makes me feel shameful when i see friends of my age group working and earning a lot when i am still studying a friend i met a week ago after a period of years is earning more than rs month,Sad
i felt guilty when i read an advertisement for a job as a chemist in the newspaper and when my friend asked me if i had applied for that job i told him that i had not even seen the paper of that day,Sad
when i got my first unknown compound while doing my msc research i was very happy this is because my research was based on this type of reactions and compounds,Happy
i was very scared at the time of the tybsc examination as i had decided to get st class results i was afraid thinking of how the papers would be,Fear
when my neighbours accused my brother of stealing their rosebush i was very angry as he had not touched it at all,Angry
when i heard that my girlfriend was getting married to another person i felt very sad that day i did not eat anything and kept thinking of her all day long,Sad
no response,Disgust
when i had insulted my father two years back at that time i was very angry due to some reasons,Sad
i felt very guilty when i tried to teach swimming to my younger brother as i myself could not swim very well and my brother had started sinking to the bottom however my elder brother saved him,Sad
this happened a year when i was having a hard time i got admission to do research despite obstacles in the procedure of admission,Happy
it was the time when i was in no position to secure a ist class in the msc exam and this was likely to affect my career,Fear
i missed an opportunity to go abroad because of some silly mistakes for which i had to suffer a lot,Angry
it was at the time of my msc exam when i was not in a position to take the exam after having studied seriously,Sad
when i opted for my research field for them the percentage of marks was more important than my knowledge,Disgust
when i was not in a position to control myself i had said too much and had been cruel with no other than my mother,Sad
two days after the above incident i was thinking about my morally shameful act and i felt sorry for that incident but it was too late however i did realize this,Sad
when i got the first compound through column,Happy
when i did not get the compound which is known,Fear
when i got low marks in bsc final,Angry
when my first love was not successful,Sad
when mix was coming from column for several days,Disgust
when i had been angry at my friend without any reason,Sad
when i forced a close friend of mine to ask a girl things about herself,Sad
it was about a fortnight ago i was declared successful in the ugc exam this year only four in bombay succeeded my joy knew no bounds,Happy
when i was a kid i always opened the door to greet my father when he came back from work one day it so happened that his hair was scattered due to overcrowding in the train and when i opened the door as usual i saw something else i was so scared that i could not talk,Fear
this also happened when i was very small i was beaten up by my mother for no fault of mine i had just beaten up my younger brother for what i thought was his fault i was very angry with my mother,Angry
after studying a lot for my hsc exams i could not make it to the medical stream and i felt sad about this,Sad
honestly i have never felt disgust at any situation in my life,Disgust
sorry i was never ashamed about anything in my life,Sad
i can positively say that i have never done anything that made me feel guilty,Sad
when i got admission in msc i organic chemistry i was very happy,Happy
when i came to know that my exams were on two successive days and that there was very little time about hours to study in between,Fear
i was very angry when my friend lost my practicals journal which i needed to study for the exams,Angry
i was very sad when i did not get admission in the english college as i had less marks than they wanted,Sad
i was disgusted when our cricket team manager dropped me from the team,Disgust
i was ashamed at myself when i saw that the other boys and girls of my age earn a lot of money by doing very good and hard work,Sad
i felt very guilty when a student sitting in front of me in the exam asked me a few questions and i did not show him the answers though i knew them,Sad
when i passed the toefel with very good marks,Happy
when i was going to take the practical exams,Fear
when i was teased by my friend for not scoring good marks in the exams,Angry
when i was ditched by my girlfriend,Sad
when i lost the notes of the lecturer i had borrowed from my friend,Disgust
when i was teasing a girl who turned out to be my brothers dame,Sad
when i was bluffing in front of my mother to get more money,Sad
the moment i got the news that i had been selected for the ugc junior national research fellowship it was a dream come true,Happy
my brother lost his temper and started smashing things in the house i was quite scared that something terrible might happen till the situation was brought under control,Fear
i wanted to go to bhopal for relief work gas tragedy my boss simply refused to let me go i was so angry that the only thought that came to my mind was to quit the job,Angry
a friend of mine was hospitalized after having been diagnosed as having typhoid he had to forgo his exams and also his ambition of doing a dissertation at the ma level it was a very sad event for me and i felt very sorry for him so i volunteered to stay with him in the hospital,Sad
there was a family fight in my house some time back my uncle had given me a watch as a present and i lost it during the fight he accused me of having sold the watch i was disgusted at his false accusations,Disgust
i had written a loveletter to a classmate of mine this was meant to be a joke unfortunately it fell in the wrong hands and i had to face the consequences,Sad
my friend had written a letter to me the contents of which i misunderstood and i wrote back a very harsh letter to her on realizing the blunder i had made i felt like hiding my face in the sand,Sad
i have a girlfriend who is almost like a daughter to me she is studying out of station and i get to see her only once a year her arrival is always a joyous one,Happy
while i was pushing a court roller out of a ditch i slipped and fell down and the roller rolled back towards me down slopeit is a miracle that i still have my legs intact,Fear
i was the compere at a party and all my efforts to get the show rolling were thwarted by the immobile non cooperative guests i felt frustation bordering on anger,Angry
no response,Sad
a railways officer when asked by the ticket checker to produce his tickets got very aggressive and started abusing and using his authority in a very wrong way,Disgust
i am quite shameless not applicable,Sad
not applicable,Sad
when i was successful at my work i was full of joy,Happy
when i was treated improperly by someone,Fear
when bad and disgusting language is uttered by people or when someone tries to show what is beyond his own capacities,Angry
i missed my twin when i was on the verge of being thrown which i disliked,Sad
when kanishka was blown up i really felt disgusted at people killing each other,Disgust
no response,Sad
no response,Sad
when i received the best actor award at the intercollege drama competition it gave me tremendous joy and satisfaction which lasted for several days,Happy
when my mother met with a serious accident and there was danger that she would not survive and if she did she would loose her memory,Fear
when an acquaintance of mine beat up another person for no just reason and thus showed off his power,Angry
when a friend of mine died in a hiking accident i was not present there and only got the news later,Sad
do not remember any incident,Disgust
do not remember any incident,Sad
do not remember any incident,Sad
i felt this emotion when my name was announced on the radio that i had been selected to come to lilongwe school for health sciences to take a training course as a medical assistat,Happy
i felt the above condition when i took my brothers bicycle to a market and unfortunately the bicycle was stolen and i didnt know how i could tell the owner about the stolen bicycle,Fear
i felt angry when my only pair of trousers was stolen and could not be able to find out who the thief was or anyone who knew about the story,Angry
i felt sad when my dear friend was needed from training school due to his failure in a number of subjects and simply didnt know what he had to do,Sad
i felt the emotion when i entered a certain ward in the hospital to visit my relative who was sick,Disgust
i felt the above condition when i was found in a house playing with another mans wife where i was asked questions and i was unable to answer,Sad
i felt the emotion when i fought somebody who was drunk and tried to disturb us while we were having meals,Sad
when i was at school no one thought i could pass my mce so at the end of the year my name was announced on the radio that i had passed i was the happiest person,Happy
i was living with my brother and one day he went away on business and i was left alone to look after the house and the property at night thieves came and wanted to break into the house,Fear
my young brother took my wristwatch in my abscence and sold it to his friend at a cheaper price,Angry
i had a girlfriend who lived several kilometers away from my home one day she wrote me that shed visit me on her way she had a car accident and was badly injured i was very sorry to see her lying in a bed in the hospital,Sad
one of my best friends was found lying flat on the road because he was drunk and was taken by the police and put in a cell i went to see him the following morning the place was really a mess and was smelling badly i didnt like it,Disgust
it was my fathers birthday party when i was asked to bring a tray of tea and other drinks,Sad
one day i took my playmates to the river to swim and play one of them was epileptic so he drowned into the water i felt guilty because it was me who took them there,Sad
when i was accepted to study at this school i was very happy,Happy
i was moving in the graveyard at pm one day and was griped by fear because i was told that ghosts detain people moving there at night,Fear
there is a mad boy in our village this boy hit me with a raw pawpaw in the face,Angry
it was last september when i felt very sad it was when i heard that i was not selected to study in the university of malawi,Sad
in ward a was an epileptic patient who was burnt the whole body and was stinking very much such that the whole ward was affected few people could come near him,Disgust
an outpatient asked me to read for him a certain prescription but i was unable to do so the patient was dissappointed and lost hope in me,Sad
it is some years ago when my mother found me stealing relish in the pot it was fresh fish which was very appetising,Sad
it was in december last year that i was chosen to come to this institution to study as a medical assistant,Happy
in march i was busy studying during the night i could only sleep two or three hours only for fear that i would be weeded and sent back,Fear
i once caught a letter in my girlfriends handbag from a certain man i felt anger,Angry
i was once nominated as an officer cadet in the armed forces and my name was cancelled on the list of nominees of those who were sent to kenya for training,Sad
the time i went to see one of my girlfriends at area i found that she was not there but in the room she was sleeping in the same room there were some women visitors with children so the room was smelling very badly with some faeces and urine in it so i didnt stay any longer,Disgust
it was last week on sunday that i was walking with my girlfriend along kawale road going to town so i tried to stop a car for a lift and the driver didnt stop and i felt shame because people were looking at us,Sad
i was once called in court in zemba traditional court to answer a charge of impregnanting a young lady i felt guilty for she had some letters which i used to write her as an exhibit in court,Sad
there was joy in me when i heard that i was to take a course as a medical assistant,Happy
when i saw a dead body in the mortuary i became afraid and i was filled with fear,Fear
a certain area party secretary came home in the morning and said we had to leave our home and build somewhere and the reason being that they wanted to establish a market the chairman knew nothing about it and was very angry,Angry
i was so sad when i heard that my uncle had passed away he was the only man who was supporting my parents as well as myself,Sad
i was disgusted with my girlfriends behaviour she was going out with other boys who were also my friends,Disgust
it was a shameful moment when i heard that i had failed my primary school leaving certificate exam in my girlfriend was there when the news was released,Sad
i took pharmacology books from my friends desk without permission and i was found guilty,Sad
when i was in form at secondary school i was elected as a school library assistant and also the leader of catholic students so i felt very joyous,Happy
i broke my uncles radio player accidentally and so i feared that he was going to cut me off from going to his house as well as playing it again,Fear
it was in march when one of my fellow students borrowed my wristwatch and after sometime he broke a glass of that watch i got angry when he was telling me but the anger didnt take long to fade,Angry
when i was about to write my junior certificate exams i received sad news telling me that my elder sister had passed away,Sad
i was disgusted with the behaviour of one of my fellow students during my secondary school life he was a habitual noisemaker and caused great conflicts with the teachers,Disgust
i remember when i was in standard i failed one of the terminal tests and i told my parents that i had passed but after they found out from the class teacher that i had failed i was proved a liar,Sad
sometime back i came across a certain man who was badly beaten by some people because he was found raping the wife of the village headman,Sad
the joy came to me when i heard that i was going to start a medical course at the lilongwe school for health sciences,Happy
the emotion came when i misbehaved at school and the principal threatened me that i was going to be expelled,Fear
the emotion came when a certain boy opened my locker without my knowledge,Angry
the sadness came to me when i heard that my girlfriend whom i loved so much got married to another man before a rebuff from her,Sad
the emotion came to me when a certain girl who was not polite to her mother hit her sister severely,Disgust
the shame came when i was beaten by my teacher at school in front of boys and girls some of whom were my friends and a girlfriend apart from being classmates,Sad
it was when i discovered that the girl who i had proposed was a friends girlfriend,Sad
when i was told that i was selected to attend medical assistant training,Happy
when i was told to attend an operation in theatre,Fear
this situation happened when my friend john ate my banana which i kept in the cupboard,Angry
when i was told that my father had passed away,Sad
this situation occurred when i entered into a smelling ward,Disgust
this situation happened when i was found kissing a girl who was my friends girlfriend,Sad
this situation happened when my friend me with a knife which i stole from him,Sad
when my father married a certain lady the reception was held at kasungu town hall,Happy
at night when i was coming from lingadzi inn i heard a hyena crying in the lingadzi jungle i was alone,Fear
i felt angry when i was told that i had not been selected to go to the university,Angry
i felt sad when i was told to walk out of the classroom because i was within the row of students who were making noise,Sad
i felt disgusted when a certain lady spoke words of sarcasm when i was trying to propose to her,Disgust
when i broke a tea saucer i felt ashamed this was during the birthday of my girlfriend,Sad
i felt guilty when i was given a prize which belonged to someone else,Sad
my girlfriend who had been very far away from me came to my place she saw me and ran after me i didnt know that she had come i couldnt see her she held my shoulders standing behind me,Happy
i was given a wristwatch by my first girl and after two days another girl of mine also gave me a wristwatch,Fear
my girlfriend mentioned a certain girls name who was my girl some time back and she is no longer mine that she said she was still mine,Angry
i had been caught redhanded having stolen some pawpaw i was then taken the elders owning the pawpaws,Sad
i was double crossing mercy and maria they one day came to know each other i was found by mercy redhaded when i was with maria,Disgust
i had a girlfriend in the same class i was i did not do well in my exams but she did satisfactorily well and was taken into another class leaving me behind,Sad
our headmaster came to our hostel the lights were off but there was a lot of noise we shouted at him when he knocked at our door we later saw that it was the headmaster,Sad
this happened when i was selected to go to secondary school to start form i in october,Happy
as i was taking venous blood from another patient i introduced air into the place of puncturing and there was a swelling which is dangerous to the patient hence i became afraid,Fear
my lovely girlfriend doublecrossed me and so that i found her chatting with another guy,Angry
i really became sad when mother passed away while i was very young,Sad
i was disgusted when my brother was arrested because of stealing money,Disgust
i was ashamed when my classmates discovered that i fell in love with an uneducated girl,Sad
i felt guilty when i lost k for my friend when he was arrested,Sad
i felt joy when i passed my malawi school certificate of education,Happy
when i had crossed lilongwe forest i heard that there was a rabid hyena just near the path in the forest,Fear
i was angry when i heard that my only girl was going about with another man so i decided to drop her but later the story came to be untrue,Angry
when i was not selected to go to the university of malawi i felt very sad,Sad
when i was presumed to have stolen maize from the school garden,Disgust
i once proposed my own niece whom i did not know but i discovered after she was my girlfriend,Sad
a certain colleague of mine sent me to buy a bag of flour for him he gave me k unfortunately i lost it,Sad
when i married my wife and took her home for the first time,Happy
when my friend was involved in a car accident,Fear
when i was charmed by my relatives,Angry
when my mother died in august,Sad
when i entered the wound intensive care at the central hospital in blantyre which was stinking,Disgust
when i first failed my standard exams for the first attempt for form i selection,Sad
when i had beaten my auntie,Sad
my friend took me to civo stadium to watch and listen to the music of the international singer sam mangwana i had no hope of going there since i had no money so he gave me the money for admission,Happy
i had fear when i was left alone at the bus depot at night i had problems of how to move to this place,Fear
i felt angry when i heard that my sister had failed the examinations which we hoped she was going to pass with distinctions,Angry
i felt sad when i heard that my girlfriend was doublecrossing me with the boy who is my best friend,Sad
i felt disgust when i saw a friend walking in stagnant water without putting on gum boots,Disgust
i experienced shame when i failed to keep a promise to meet my friend at the bus depot he later came and asked me why i had not turned up,Sad
i felt guilty of revealing a secret to my inlaw i told her that my brother and i had gone to disconight which is a thing my brother didnt want to let her know later my brother was accused of spending a night out,Sad
the joy came when i first proposed a girl at secondary school,Happy
as i was in a ward one man died and i was instructed to watch the last offices but this was my first time to see a dead person fear came,Fear
i was very angry when i heard that my brother was beaten by his friends,Angry
i was very sad when i heard about the death of my teacher who taught me in standard,Sad
i was disgusted to see a person vomitting and i was told to clean the place where the vomit was,Disgust
i was ashamed when a certain friend of mine i used to move with failed to propose to a lady yet we always said to ourselves no lady can refuse our proposal,Sad
i felt guilty when one of my secondary teacher left me while i was in form three he was the only one who showed love to me,Sad
my sister gave birth to twins healthy ones,Happy
i was looking after my fathers sheen in the forest one day while playing with friends from neighbouring villages the flock escaped me and went into a far place it became dark and i was afraid of father i went home and hid myself,Fear
i planned to travel a distance of kilometres on my bike i planned this when i was working in the hospital when i went to the house i found that a friend had taken my bike without my consent,Angry
it was in the evening when i heard that my girl went to zambia and that she would never come back,Sad
a sister broke a cup and when mother asked i was reported to have been responsible,Disgust
one day mother slaughtered a chicken for a brother who had come back for holiday in everybodys absence i opened the foodstore and ate all internal organs of the chicken when mother discovered we were all called and i was found with hands stained with soup i was ashamed being the eldest of all in the family,Sad
this emotion happened when i passed my primary school examination and was selected for secondary school,Happy
at primary school i was accused by some boys of being in love with a certain girl in their class so they had to shout and beat the girl and the matter was reported to the headmaster,Fear
i was very angry when one day i went to see my girlfriend i talked to her and could not answer back she was depressed for reasons which were not known to me,Angry
i was very sad when i was shouted at by uncle and was told that i was not to be given school fees because i didnt go to work in the garden since i had gone to escort my sister to the bus depot,Sad
i was disgusted when i was told to dress a big rotten stinky wound which coming closer made me feel like vomitting,Disgust
i was ashamed one day when we were found stealing and roasting maize cobs from agricultural experimental projects,Sad
i felt guilty when the truth was known about my impregnating the girl we were staying with,Sad
it was august th when i heard on the radio that i passed my mce exams and i was really happy and joyous because of the event,Happy
i was walking alone along the place where people fear that there are always thieves there and the people who kill their friends during the night two months ago,Fear
i once was accused of falling in love with someones girlfriend which was not true because the girl was just a friend of mine,Angry
it was when i failed standard exams while all my friends passed and went to secondary school in class i was always getting more marks than they did,Sad
my first day to work in hospital when i was dressing wounds i was disgusted when i came across one wound with a very bad smell,Disgust
one day i was with my girlfriend and other friends were behind us i fell down because the place was slippery and i really felt ashamed,Sad
i felt guilty one day when i was accused of running away from classes and i was caught,Sad
it was when i was allowed to take my wife away from her parents after being refused for three times on grounds that she should first write her examination,Happy
when two hyenas made crying noise on the window of my bedroom at home when i was preparing for my mce examination during the night,Fear
it was when my instructor awoke me late at night to get prepared for the training at military college when he was coming back from his personal social activities,Angry
i slept in a tent at the barracks which caught fire at night and my best possessions got burnt in there,Sad
it was when my father beat my mother while she was ill for three weeks and now she was recovering,Disgust
when parents of a certain girl refused to let me marry their daughter because i was not fit to do so yet the girl accepted everything and later she followed what her parents insisted and she told me never to talk to her again,Sad
the time i was at secondary school during the holiday i appeared to my father while heavily drunk and i talked nonsense like in some sort of carefree,Sad
this came in when at one time i met a girl who i didnt expect to fall in love with me fortunately i tried my luck and she accepted my proposal at the same time she was giving me a lot of money which was just like a miracle to me,Happy
when i was travelling at night,Fear
i experienced this when one of my friends reported to the headmaster that i had gone out for beer whilst the information was not true at all so i had to fight the friend before the headmaster,Angry
when i was at school,Sad
one of those days when i was going to school with my brother and he annoyed me,Disgust
this was when one of the clinical officers scolded us in the hospital on how to make beds but we did not deserve to be scolded,Sad
no response,Sad
that was soon after the results of the interview which nearly people attended in all the three regions of malawi my joy came after hearing on the radio that i was one of the people selected to undergo the medical assistant training at the lshs,Happy
fear came towards the end of may when the pts results were out after hearing the failure of my fellow three friends,Fear
i was once this week angry when soemone trying to compress my mind due to his nonsense speech which himself could not tolerate at all,Angry
this condition accumulated in my mind when funeral news was brought to my awareness that a close relative had passed away,Sad
a condition in which i was disgusted followed when i lost money on my way home from the college,Disgust
i was very ashamed when i was neglected by a certain friend whom i was thinking loved me very much,Sad
i once felt guilty when a certain passenger in the same ship plane which i boarded when coming from home lost his t which in fact fell into my pocket unknowingly,Sad
it was when i was selected to go to a secondary school to start form i,Happy
it was when i stepped on a python snake unknowingly while it was sleeping near a baobab tree,Fear
it was when my friend had stolen my money k and had disappeared,Angry
it was when my father was taken into detention by the cids for two years for a reason i dont know up to now,Sad
it was when i drunk urine during my childhood thinking it was water my friend had urinated in the tin,Disgust
it was when my father caught me with a girl in dark corners and asked me what i was doing there,Sad
it was when i injured a friend accidentally with a stone it made a cut on the cheeks which resulted in suturing,Sad
time had struck oclock when i heard from the radio that i had been selected to robert blake secondary school for form i i was very happy for the selection my parents and i were very happy and full of joy,Happy
my brother had bowel obstruction having heard that he was going for surgery i was afraid he might not come back to life after hearing of the general anaesthesia,Fear
i felt very angry after one driver had run over my beloved niece,Angry
i was away to school primary in my abscence my young brother at home got sick suddenly my parents took him to hospital on the way he died it came to me as a sad sudden and shocking news and i felt very sad,Sad
i felt disgusted when i went to one of the central hospitals where my hope of getting good treatment was turned down by one of the doctors who said i was alright despite my feeling pain,Disgust
i was in my room i just heard that my uncle had been caught in somebodys house with somebodys wife he had to appear in court i went to see what would happen to him,Sad
i felt guilty after hearing that my girlfriend with whom i had spent most of my time was pregnant,Sad
when i heard that i had passed primary school leaving certificate and was selected to go for secondary education,Happy
when i heard that there is teasing and bulling at secondary school,Fear
when i heard that i was not to be provided with another pair of medical uniform,Angry
when i heard that my father had passed away,Sad
when i vomitted a lump of blood,Disgust
when a certain girl i believed to be my life partner refused an engagement,Sad
when i didnt notify someone that he was summoned by a headmaster and as a result he ended being on a heavy punishment,Sad
i met my girlfriend on the way and she joyfully welcomed me on the way home,Happy
one time i set up my journey at night going to a certain bar on the way i met my friends and they told me that two people had died because of heavy fighting i proceeded on but with fear,Fear
an incident occurred to me when i was going home with my girlfriend on the way a man named banda grabbed my girlfriend in my presence i was really angry with him and as a result i threw stones at him and he ran away,Angry
when i found my baby whipped by my auntie i was really sad and up to this moment my sadness is still on,Sad
i was really disgusted when i saw one of my friends soiling on his clothes i thought he was mad,Disgust
one day i went for a bath i took off my clothes and as soon as i had finished my brother came in i felt sad and i found no reason why he came in,Sad
one day i took a packet of sweets from a certain grocery at nathenje then later on i started to feel guilty and realised that i had done a wrong thing to him,Sad
i felt happy when i saw my brother at the bus depot after months without seing each other,Happy
when we were going to nkhoma last saturday the vehicle was moving very fast so i feared we might crash since the road was too rough,Fear
when they put the blame on me when i scored the third goal at the match,Angry
i felt very sad when i lost my three kwacha at civo stadium when sam mangwana was playing some rumba records that was not what i expected i wanted some disco records,Sad
in ward a there was a patient suffering from syphilitic paraplegia and had pressure sores the wounds had offensive smell that only a few people the place,Disgust
it was when we were beaten or lost the football match by and then i scored the third goal to my own side,Sad
when i scored the third goal to my own side at a football match against william murray secondary school and we were badly defeated,Sad
on december the th i was filled with joy when i was told by my bosses that i had been selected to attend a course at the lilongwe school for health scienced in lilongwe,Happy
it was last week on saturday night when i was at mchesi i feared to cross the lilongwe river bridge to come back to school due to darkness until somebody had to escort me,Fear
it was at malawi army dormer squadron when some of my workmates got promoted to seargents sgts we were having similar ranks,Angry
it was mid may when we had a test on nursing my classmate had an answer sheet so he tried to peep the nursing tutor caught him during this time i was turning my question paper and it made noise this friend blamed me of causing the whole matter for him to be caught,Sad
in may somebody blamed me that i made him to be caught while peeping during the nursing test which made me feel disgusted,Disgust
in our class we had a test on nursing so a friend from the army was caught peeping by using a paper which had already answers which was written by him so all of us from the army got ashamed,Sad
it was on january st when i accidentally broke a fanta bottle in a certain bottle store in zomba,Sad
i felt joy when i heard over the radio that i had been successful in my primary school leaving certificate examination and was selected for secondary school,Happy
one day i was busy day dreaming along the road and suddenly i heard the sound of jamming car braked behind me i woke up from my dreams and it was about to crash me,Fear
when i was doing my last year at secondary school i was robbed of my clothes wristwatch and my pair of shoes after investigations it was found that all the things were stolen by one of the boys in our hostel,Angry
it was on th january when i received a message from home telling me that my father passed away on the previous day with a history of cancer of the oesophagus this time i was doing my third year of my secondary school,Sad
i was stopped from entering a party while i was at school but i had an invitation card with me this was done because they said i was too young to join elderly people,Disgust
in i failed my examination because of my own crooky behaviour of dodging from examinations,Sad
a child was admitted in hospital with meningitis i was asked to do lumber puncture to obtain celebral spinal fluid for diagnostic purposes since the condition was already bad the child died as soon as i finished the procedure,Sad
when i had an anticipatory honeymoon with my fiancte,Happy
when it was found that i had gone out of the school premises without permisssion and at the wrong time,Fear
when a classmate hit me on my occipital region when i was busy studying and concentrating on my classnotes,Angry
when my father died,Sad
when somebody made me touch human faeces,Disgust
soiled my short trousers with faeces,Sad
when a crawling child got burnt because of my negligence to keep the child away from the fire,Sad
when i heard my name being announced on the radio that i had been successful in an interview for admittance for a medical assistant training course i was really happy and i enjoyed myself by dancing to music from the radio cassette,Happy
one time i was injured when i was playing football at school in blantyre i was brought to the hospital while my leg was totally swollen the xrays confirmed there was no fracture but collection of blood n the muscles i feared when they started to incise the swollen part with surgical blade,Fear
one day i was really angry when all my food was eaten by a dog my anger was against my mother because she was careless she didnt keep the food in a hidden and proper place,Angry
one day i came across a certain boy who was intruding my friendship as lovers with my girlfriend and i was very sad because i didnt expect that girl to disappoint me i regarded her as being very faithful,Sad
one time at the hospital i passed near the intensive care room the offensive smell that came out disgusted me in such a way that i didnt even dare to enter the room,Disgust
at one occasion i was ashamed of being refused after a proposal for a friendship with a certain girl i was ashamed because she refused publically in the presence of my fellow friends,Sad
i once stole my fathers money and denied having done it instead father threatened my young brother and he was beaten he was innocent and i felt guilty,Sad
when i was selected to start form i at chilumba secondary school out of the pupils i was among the who were successful family history showed that i had done better than all my brothers who had passed after repeating for several times,Happy
we went fishing some or kilometers off the shore of lake malawi before we could settle down the lake became very rough to the point of threatening our lives,Fear
i was angered by a classmate who poured soup on to my clothes he was trying to use a shortcut method in getting his supper coming behind my back he wasnt noticed by me and as i was retreating from a hungry congested people i knocked his plate with my head he didnt accept being wrong but blamed me for pouring his soup,Angry
i was sad when my mce grades were out i had gone for a football match a mile away from home the mail found me there i was disappointed and didnt play the other half of the match,Sad
i was dancing malipenga traditional dance i exaggerated the steps i was supposed to make in the negative way this happened in front of spectators it was bad for our boma group because i was on the front line where ability is displayed and it is this ability that counts when choosing the winning side,Disgust
news was spread that i had been found doing sexual intercourse with a small girl at first this annoyed me but later on i became ashamed because many people seemed to believe it,Sad
i argued with my father on matters concerning marriage traditionally speaking i was not supposed to so i felt guilty of violating my traditions which i must hold in esteem,Sad
i passed my mce examination at first i was worried but when i heard my name i had joy in my heart and i arranged for a trip to attend a wedding ceremony,Happy
i was studying in class at night i was in form ii by then there were rumours about an earthquake that night dogs were chasing one another and passed through the window outside the classroom those who saw the dogs thought it was a lion and were terrified trying to run away the desks were dragged and there was a shaking movement i thought it was an earthquake and jumped out of the window,Fear
someone told a lie that i had stolen his money,Angry
my uncle was beaten by his troublesome son he fell unconscious and gained consciousness after some time that time i was at school this news reached me through someone,Sad
i felt disgust when i received visitors at an odd hour i was seriously preparing for examinations so i did not appreciate their coming,Disgust
i answered a certain question from dr maqgda wrongly she asked something about femur and my answer was saying something concerning the brain so i was very ashamed amongst my friends,Sad
i wrote a bad letter to someone concerning our relationship which we created ourselves,Sad
i met a certain lady at mchesi and i proposed a word of love to her and at the same time she accepted my proposal,Happy
my father gave me money for school fees and i didnt pay school fees instead i spent it on beer and did not tell him about this,Fear
there was a cup final match between limbe leaf wanderers and silver strikers and someone promised to give me some money for admission fee to watch this game unfortunately he did not give me,Angry
i had received bad news informing me that grandmother and grandfather had passed away the first one to die was my grandmother and after two days grandfather died too,Sad
it happened that one of my best friends just took my shirt without my knowledge i hadnt put it on for many days and i was short of clothes,Disgust
i had highheeled shoes one time but a certain girl who saw the shoes told me that they were out of fashion and i looked as an old man when i was in those shoes,Sad
i happened to have met one of my teachers in town during working hours the badness was i didnt ask for permission to go out and i was guiltyconscious,Sad
passing a very difficult examination which i didnt expect mce,Happy
as we were going to area a dog chased me i was afraid it might bite me,Fear
brother took my money to use for his own purposes,Angry
after hearing the news about the death of my sister i felt very sad,Sad
after buying a ticket i lost it before i reached my destination and the bus inspector dropped me at a place i didnt know,Disgust
i was very much ashamed after a friend beat me at school and i was defeated,Sad
i hit my cousin badly after she threw away my dresses in a pitlatrine that the little girl fainted,Sad
when i was selected to a university college of nursing,Happy
when one of my relatives went out at night leaving me and my friend alone i cheated my parents that she didnt go out after they had heard that she was out i was afraid that she might have beaten me,Fear
when someone took my writing materials yet i was to write examinations in a few minutes,Angry
when i failed my standard examination for the first time,Sad
when a boy whom i refused to be my lover told all his friends that i was his girl he has refused me because i was not faithful to him,Disgust
when someone pointed out that i was proud yet i didnt dress up properly this was when i and my friend went for a dnce one saturday,Sad
after i had cheated my parents that i had lost my textbooks so they had to send me money,Sad
i felt joy when i heard my name being called on the radio as one of the students who had passed the interview of nursing and was selected to start nursing,Happy
i felt fear when one night my aunt and uncle left me alone at their house to look after the baby when they went to a party,Fear
i felt angry at one time when i was chatting with friends and suddenly another friend joined us and started opposing any comment i added to our chatting,Angry
i felt sad when a thief stole all the clothes from my friends cupboard at school boarding,Sad
i felt disgusted when i was not given money for lunch at school by my father as a punishment for beating my little brother,Disgust
i felt shame when i was asked by my cousin that i promised to buy her a birthday present but i didnt buy it for her in front of friends,Sad
i felt guilt when my friends were punished to slash grass at the gound because of making noise in class i was in the group of noisemakers but i denied having done any noise,Sad
when i passed my msce exams and was selected to go to college,Happy
i was with my boyfriend forgetting that i had left the house unlocked unfortunatly a thief came and stole all the kitchen utensils thereafter i was afraid of the consequences,Fear
my best friend started moving out with my boyfriend when i heard this my heart sank because i didnt expect that my own good friend could do such a thing so i got angry,Angry
i was sad when i heard that my cousin died because of being bewitched by her husbands second wife,Sad
my friend promised to take me out for a movie but he didnt turn up,Disgust
i met a woman who was looking for our house she stopped me but i ran away when i arrived at home i found the same woman and she told my parents what had happened so i felt ashamed,Sad
i went to my boyfriens house there i found clothes of a certain girl without asking whose clothes they were i started tearing them only to realise that they were his sisters and so i felt guilty,Sad
when i was selected to come here,Happy
somebody told her friend that she would hit me wherever we would meet,Fear
this was when my boyfriend told me that i was doublecrossing him with a certain boy,Angry
when i heard that my friend had started drinking beer,Sad
i went to a party and there were some cakes which werent good and had a bad smell,Disgust
one day i was supposed to go to a movie with my boyfriend in the morning i went to see my auntie and i didnt come back up to evening,Sad
i slapped my sisters daughter and after several hours she had a high temperature and she ended up being admitted in hospital,Sad
when the church choir came one sunday after being away for some weeks,Happy
when i came home late one day i was afraid i would be shouted at by my parents,Fear
when a little brother of mine damaged a cassette,Angry
i was watching tv with my parents and some pornographic scenes came on i felt uncomfortable and tried to distract my parents attention by talking to them,Sad
i saw a program on tv where they had to saw a skull for an operation,Disgust
when i decided not to out any longer with a girl whom i liked quite a lot this made me feel low for a some time,Sad
no description,Sad
when i had my first boyfriend,Happy
i and my cousin went to a filmshow at night we went without making it known to my mother while we were there at interval i came across my mother just close to where we sat,Fear
during the xmas holiday i and my best friend at secondary school had planned to meet at a cultural afternoon at the mt soche hotel after missing each other for such a long time when i asked my mother for permission she told me not to go for no good reason i felt very angry with her,Angry
when i was transferred from chichiri secondary school to st marys sec school i was happy at chichiri as a day scholer and had made a lot of friends i was going to a boarding and that meant parting with my friends as well as my boyfriend for the first time,Sad
i felt disgusted when my cousin decided that she would stop going to school saying she wanted to get married she was only years by then and she didnt understand what she was thinking,Disgust
when i failed my primary school leaving examinations i never thought i would fail when i heard i had failed i really felt ashamed of myself,Sad
one time i felt guilty when i told one of my previous boyfriends we were through just because i never felt like having one at that particular time,Sad
i was filled with joy when i heard that i had been selected for a university course,Happy
sometime back my boyfriend and i were having a walk nearby my parents house suddenly we met my grandfather and i was afraid that he would report to my parents,Fear
one day i was angry with my friend who went into my drawer and took a piece of paper on which i wanted to write a letter and used it for her business without my knowledge,Angry
it was shocking news to me when i received a telegram from home telling me that my grandmother had passed away i had to go home to attend the funeral but unfortunately i found that the burial had already taken place,Sad
i was disgusted with my brothers behaviour when he kept throwing things away because of his anger after mum had shouted at him,Disgust
i was ashamed with my biology lecturer when he asked me a question and i could not answer it,Sad
one day i was chatting with children at home then i took a lump of soap and gave to one of them pretending that it was a sweet i thought the child would realise that it was not unfortunately he did not and he put it in his mouth,Sad
i wrote a difficult exam at one time while in my secodary school when the results were announced on the radio i came second out of students hence i felt joy,Happy
when the week for exams came i got afraid as to how i would tackle the questions,Fear
last week a friend of mine called on me and said i was moody and difficult to persuade with this i got angry with her,Angry
i experienced this emotion when my grandfather passed away,Sad
in my village there was this tax collector who used to cheat people and collected more than was wanted the surplus was for his family and himself,Disgust
i felt ashamed when my lecturer said in class that i happened to be the dullest of all,Sad
i felt guilty when i was found to be the chief leader of making noise in class,Sad
when i received a beautiful birthday gift form my parents,Happy
when i was called for an interview at kamuzu college of nursing,Fear
when i damaged my wristwatch which i liked very much,Angry
when my cousin passed away,Sad
when my fellow classmates were involved in a quarrel,Disgust
when i failed psychology examination when most of the students passed,Sad
when i promised to visit my boyfriend and i didnt fulfil the promise,Sad
i had stayed for months without seeing mother because our holidays were short and my home is far some times mother came to see me at school i was very joyful and i didnt want her to go,Happy
one day during our clinical practices we had a very ill patient unfortunately the patient passed away i had seen him dying and it was the first experience during the night i became afraid fearing the dead body,Fear
it was during the beginning of the term i had k and kept it in my handbag i left the handbag in the wardrobe but didnt lock it next time i found that k were stolen,Angry
my best friend had failed exams she had to leave and so we got separated,Sad
i felt disgusted when my appointment to meet the ent specialist had been turned down the specialist came from uk and went the same day and we do not have one,Disgust
i had been telling lies and people discovered instantly that i was telling lies i felt very shameful and i felt like disappearing from people,Sad
i had spent the weekend visiting relatives and friends and didnt study for anatomy class on monday,Sad
i had an interview for entry into college the results were to be announced on radio after a long period of waiting the results were released i had succeded tension was relieved by joy,Happy
when i stepped on a snake at home it was dark but there was moonlight,Fear
i went to a fair where a guy who was drunk kept bothering me and in the end i got really angry,Angry
when i heard that my uncle had passed away in a road traffic accident,Sad
i went to a party with my boyfriend who got so drunk and started vomiting it was so disgusting,Disgust
we were writing primary school leaving examinations when i had fallen at the steps going into the exam room,Sad
i was keeping a friends library book which went overdue my friend was charged for the delay in returning the book to the library i felt guilty when i realised i was responsible,Sad
i was given a gift by my sister there were many pleasant things in this parcel,Happy
i was alone walking in a deserted part of the city and i had some fear that some men would attack me and rob me,Fear
i wrote an exam and happened to have not done as well as i thought i would i was angry to myself for not having done so well,Angry
i lost my purse that had money in it i was sad until i found it,Sad
i received a letter which was too strong for me it said i had done something which i really didnt do,Disgust
a friend of mine was shouting at me in a group of juniors,Sad
before going to school i usually take something to eat right at school and this time i took fathers money without him knowing it i felt guilty and i returned the money,Sad
the day i was told that i had passed my malawi school leaving exams and i was selected to go to college,Happy
when i was travelling home by bus and suddenly the bus hit and the bus leaned against a wall,Fear
i was angry when someone stole a magazine which i had borrowed from another friend and locked it in a drawer,Angry
when my best friend promised to come at my house and i had to prepare so many expensive things for her but only to learn at last that she would not turn up,Sad
i felt disgusted one day when as we were eating a child defecated on the table side,Disgust
i felt ashamed one day when my teacher shouted at me in the presence of my boyfriend,Sad
i felt guilty one day when i stole a slice of bread in a cafeteria,Sad
when i had passed mce examinations,Happy
i was afraid when my boyfriend came home because my parents disapproved him of his coming home i thought they would chase me out of the house,Fear
i was angry when my friends said that i should not receive nursing science books because there was a rumour that i was intending to leave the college,Angry
when my cousin passed away,Sad
when i was a child i broke plates because i wasnt given food on the grounds of coming home late,Disgust
i was ashamed of being laughed at by my colleagues when i failed to answer a question in the classroom,Sad
i felt guilty after stealing a cookery book from my colleagues,Sad
i was filled with joy when i heard that i had been selected to come here at kamuzu college of nursing,Happy
i was afraid to walk through the forest one day when i dropped off the bus around pm,Fear
i was angry when somebody stole my half petticoat,Angry
i felt sad when my father was sick,Sad
i felt disgusted when somebody told me that my previous boyfriend was her boyfriend,Disgust
i was ashamed when my boyfriend went to sit with another girl when he invited me to come to watch drama festival,Sad
i felt guilt to have come back from home without seeing my father when i went home he was at work,Sad
the time i learnt that i had passed my malawi school leaving certificate examinations,Happy
afraid of a dead body,Fear
a tailor ran away with my skirt,Angry
cooks refused to give me food,Sad
i saw a septic smelling wound,Disgust
i was ashamed when i was being introduced to the church congregation,Sad
i cheated my boyfriend,Sad
a boy i had been admiring so much asked me to go out with him,Happy
i was playing with friends then i decided to splash some sand into a car which was moving nearby the driver got angry and came to report to my parents,Fear
sometime back another girl who was in terms with my exboyfriend came to shout at me at twelve midnight it was because she thought i was still interested in the boy,Angry
in may th my boyfriend went to the usa in december i was told he passed away he had cancer of the oesophagus,Sad
one day i was walking with my boyfriend we met my exboyfriend and out of jealousy he started calling me names,Disgust
my father who is very quiet discovered i was going out with a coloured boy he called me names and was really upset,Sad
i was at a boarding school during my primary school days i was broken so i pretended i was very sick my father came and he picked me up he spent a lot of money on medical expenses which all proved to be negative,Sad
when i passed standard exams i jumped rolled over the ground,Happy
i felt so afraid when dad fell ill he had never suffered from that disease since and i had never seen him as he was,Fear
i was furious when the teacher pointed out in class that i was the quietest girl in class,Angry
it was extremely sad to me when i heard that a patient who i was taking care of in hospital had passed away he had some abdominal pains,Sad
i felt this situation when a certain woman from a close village shouted at my mother because she didnt get what she wanted she wanted some salt to put in her relish,Disgust
i was ashamed when i got the lowest result mark in class all the same i didnt worry too much because i knew i would have got much better if i had read enough,Sad
at one time while at primary school i lost a pencil case of a friend and i didnt mention it to her until after a fortnight,Sad
the time i first saw my cousin who is living in tanzania,Happy
i failed my nutrition paper which was the paper ending the course,Sad
when a patient in the ward died one who had been under my care i felt as if i didnt give the appropriate care to the patient,Sad
i was filled with joy when i heard that i had passed my secondary school leaving certificate exam,Happy
i was afraid when my mother left me alone to live in our house for one month,Fear
i was angry when my boyfriend did not turn up as promised,Angry
i was very sad when i heard that my uncle had passed away untimely at home,Sad
one day my friend told me that she had heard that i was moving about with her boyfriend i was disgusted with the news,Disgust
i was walking one day and i met a man who wanted to ask me about my brother but i didnt stop to hear what he was saying i was ashamed when i found him at home and he told my brother what had happened,Sad
i felt guilty when i tore a photograph i found at my boyfriends place only to realise that it was his sister who was on the photograph,Sad
when my boyfriend came form rumphi to lilongwe for a visit i was very happy to see him and couldnt believe it was him with me,Happy
when i dream of anything terrifying i used to have fear for the rest of the day that the dream might come true eg being beaten or eaten by a snake,Fear
i had been in love with a certain young man who pretended to love me but one day i found out that he had another girlfriend who was also a friend of mine,Angry
i wrote a letter to my boyfriend but he couldnt answer it in time so as a defence mechanism i just found that i felt so sad about it and couldnt talk to anyone,Sad
once i offended a friend instead of her coming to me to ask and discuss the matter she was just telling other people about it and say all she could about me,Disgust
i was once chatting with friends then some boys came and joined us these boys took all my friends away and i was left alone in shame without knowing where to go from there,Sad
one day i found an incontinent man in the ward this patient had a guardian who couldnt give him a bath so i just left him like that but felt guilty until i went back to give him a bath,Sad
when i heard that i had passed my end of first year exams and i was ready to enter nd year because i felt i had failed as they were very hard,Happy
i broke a window of a neighbouring house and i feared my mothers judgement and action on what i had done,Fear
the headmistress at a secondary school accused me of banging the classroom door when i didnt in front of the whole class,Angry
i received a message that my elder brother was involved in a car accident and was admitted in hospital,Sad
the carterer refused to give me sugar to add to my tea saying that there was no sugar whilst it was there so i left the cafe disgusted without taking the tea,Disgust
i insulted my friend for a small reason and after time i realised that i was wrong and felt ashamed everytime i meet her i feel ashamed,Sad
my patient died of anaemia while i was organising blood transfusion for him so i felt guilty because i thought that may be i was slow,Sad
when i was selected to start form i at malosa secondary school,Happy
when a thief entered the house in which i was sleeping,Fear
when my dress was stolen,Angry
when my grandmother died after a long illness,Sad
when i boarded yanu yanu bus i sat near a man who was smoking tobacco,Disgust
when i refused to fetch water for my aunty while she was busy,Sad
when i hit my young sister without a valid reason,Sad
i was very joyful when i heard that i had passed the standard exams the day i heard the news was the day i celebrated my birthday,Happy
i was in the house at night and i heard a hyena crying outside it cried for almost an hour and i feared it might break the window and enter inside the house,Fear
i was angry at the cafeteria when the cook scolded and said many bad things about me without reason he thought i was among the girls who did him wrong,Angry
i was very sad when i heard that my auntie had passed away,Sad
i was disgusted the other day i was told to take off the dogs faeces around the house since they smelled bad i did the job but in the end i felt disgusted,Disgust
i was very ashamed when i failed a test in standard the teacher told the other students to shout and laugh at me,Sad
i felt guilty because i stole some sweets from my fathers grocery when he asked me who stole the sweets i told him it was my brother who stole the sweets and he was scolded,Sad
when i heard that i had passed my mce exam i spent the whole day dancing and eating sugarcanes from our garden,Happy
when i heard that my father had found a letter from my boyfriend and he was calling me to talk about it,Fear
when a certain boy went about saying that i am his girlfriend i wrote him an insulting letter to him and called him names,Angry
when i heard that my father had passed away i could not eat for a week and was only crying i could not find the courage to go to bath,Sad
when a boy i hated most in our classroom took my t jersey from my desk and put it on,Disgust
when i wet my head or bed one day my sister discovered it and reported it to the other siblings so my mother had to scold me,Sad
when i insulted my young sister for a very little misconduct of putting on my shoes she wrote me an apology letter and the message she included made me feel guilty,Sad
it was in september when mce results were being announced on the radio when i heard my name that i had done well i just kept quiet i was so happy that i couldnt even talk,Happy
i was on my way home when suddenly gule wamkulu came from the bush and blocked the road i was in fear and didnt know what to do,Fear
a certain man went to my parents and told them that i was married here when i am here at school when i went home for holidays my parents asked me about it and i was angry with that man,Angry
when i went home on holidays i found that my niece and nephew had passed away i was very sad for the children were not even sick before death but suddenly died,Sad
i met a certain lady at the bus depot who was using a bad language but was a very smart looking lady,Disgust
i wore a dirty dress a certain day i was going to town i met an old friend who made a comment about my dress so i felt ashamed,Sad
one day i shouted at my brother who didnt do any wrong to me only that i had a disappointment from a friend and projected it on to him he cried and i felt guilty after sometime,Sad
i was joyful when i received a present books and a pencil from the headmaster in standard because i had passed i became no and he said i was one of the pupils who had good behaviour,Happy
i went to the prayer meeting at night and unfortunately the car broke down so my other sister said i had to walk alone from ndirande to chirimba at around midnight so we reached home at am i was afraid of robbers and dardness,Fear
i was angry the other day because the teacher told me to sweep some orange peels it was my friends who were supposed to sweep but the teacher told me to do it,Angry
i was very sad when i heard that my brother had failed the standard exams for the third time,Sad
i was very disgusted the first day i went to put a dead body in the mortuary there were many dead bodies and some were uncovered so we had to put on top of the other bodies,Disgust
i was really shameful when my mother beat me in the presence of my friends because i didnt cook lunch up until oclock,Sad
i felt guilty the other day because i took two pieces of bread instead of one in the cafeteria and some of the girls were short of bread,Sad
i was happy to hear that my sister had won a prize at running competition,Happy
i was afraid when i met my uncle because this time i was with my boyfriend i thought i was not going to be given pocket money,Fear
i was angry when i had not been granted a leave out pass during the last weekend,Angry
i was sad to hear that my brother had a motorbike accident,Sad
i was disgusted when my little sister had been hit badly by her friends,Disgust
i was ashamed to tell my mother that i fell down with a bicycle,Sad
i felt guilty when i had refused to lend money to my friend who needed it immediately,Sad
when my brother bought me a nice pair of shoes from south africa,Happy
i was asked to join my friend in a boat at mangochi lake malawi and when making a turn it seemed as if the boat would sink on the side,Fear
somebody took my wristwatch and promised to have it mended and later was telling me that he couldnt give it back to me because i was rude at a certain time,Angry
my boyfriend didnt turn up after promising that he was coming,Sad
i was forced to go to a party with someone i didnt love and he was telling people that i was his girlfriend,Disgust
when a certain drunk man slapped my buttocks when i was quietly standing waiting for a bus,Sad
i borrowed my friends radio cassette and the plug cracked and some pieces broke off when the plug dropped off my hands,Sad
after passing my malawi certificate of education exam and being selected to kamuzu college of nursing,Happy
i was sleeping alone in the house at night a boy putting on a short only knocked at the window whispering that i should open for him,Fear
the patient whom i expected to get well suddenly passed away after he showed had his meals,Angry
when my grandmother passed away,Sad
i was told i shouldnt visit my sister because the holiday was short,Disgust
i was the last among the list of failures in my class of biology,Sad
i was to prepare relish for the family i overcooked it and no one liked the meal that day,Sad
the time when my sister had her first baby i was so happy and joyous because she stayed for two days after marriage before she had a child,Happy
sometime back i used to stay with my mum alone then time came when dad joined the family from his working place i found myself having fear for him for no cause at all,Fear
i was so angry with a patient who refused to take drugs,Angry
when i heard of the death of a friend who had just finished her training i felt very sad for she was young,Sad
when i saw a lady putting on a pair of trousers i felt it was a disguise according to malawi culture,Disgust
sometime back i was coming from the wards and lice were all over my uniform since patients blankets have a lot of lice it happened that my boyfriend picked some lice from my white uniform i was so ashamed,Sad
i used to have two boyfriends in the past then one of them wanted to get engaged to me i agreed but was guiltconscious for disappointing the other one,Sad
i felt joyful when i heard that i had been selected for college education,Happy
i was fearful when i realised that the relish was overcooked simply because i was not keen enough at checking whether there was still enough water in the relish or not instead i was just playing with my friends,Fear
i felt angry when my friend told me that i had stolen her money,Angry
i felt sad when i heard that my cousin had passed away just suddenly,Sad
i felt disgust when i saw a drunkard vomiting very offensive matter,Disgust
i flet shameful when i learnt that i cooked nsima which was full of lamps in it,Sad
i felt guilty when i learnt that some of friends found the finished at the cafeteria because i took food which was more than my share,Sad
i received money from my father at a time when i was completely broken,Happy
my friend had been telling me about a certain bird which when it cries at night its the sign that someone will die so one night i was alone in the house and i heard the cry of the bird and i was afraid,Fear
one of my friends went and told another friend of mine that i was going abut with another guy in lilongwe besides the one i had she said i was seen with him hand in hand,Angry
i received a letter form home telling me that my sister was very sick,Sad
somebody went around spreading news that i like people with money,Disgust
i fell off a bike in the presence of a lot of people,Sad
a person misinterpreted what i had told her i had told her that i had failed to insert a nasogastric tube but she went and scolded the patient that she was being uncooperative,Sad
i was selected to come here university college when i was least expecting it,Happy
i had fear of my father parents when i first became pregnant i was afraid of delivery itself and whether i would give birth to a stiiborn or a baby,Fear
it was when i discovered that my boyfriend had another girl i discovered it through a letter he wrote to the girl when he was away when i asked him he accepted it,Angry
my child passed away after a short illness when he was just eleven months old i was only told about his death without knowing that he had been ill,Sad
my father promised to send me pocket money at the monthend since i wanted to buy a new pair of shoes when i was at secondary school but he didnt,Disgust
i just opened the bathroom without knocking not knowing that someone was bathing inside it happened to be my father,Sad
i beat my young sister because she refused to wash plates she started crying and i felt sorry and guilty for what i did,Sad
accepted by the college football team,Happy
fighting with class mates in highschool,Fear
made mistakes in exam,Angry
failing examn,Sad
given duty by the leaders which i do not like to do,Disgust
did not finish homework,Sad
make a mistake offended my friend,Sad
article published in the college newspaper,Happy
walking on a dark street with noone around,Fear
my friend misunderstood me,Angry
my grandmother died,Sad
class leader told me to collect homework for him,Disgust
did not finish homework,Sad
did not read reference when other people read them,Sad
found money on the road and returned it to the owner through police,Happy
before examination,Fear
listening to long speech of the party leaders wasting my time,Angry
my girlfriend left me,Sad
people not cueing in the college dining room,Disgust
saw the film about eight nations army conquering beijing,Sad
no ideal result in the university entrance examn guilty to family and friend,Sad
helping in the nursery school,Happy
telling my parents that i did not well in an examn,Fear
my bed sheet present of my parents damaged by roommate,Angry
not being accepted by classmates in university,Sad
waiting for a bus not coming for a long time and the bus drivers were having a long lunch,Disgust
not having good marks like other people for homeworks,Sad
not handing in homeworks in time,Sad
got a present from my friend for my birthday,Happy
lost my purse the money in the purse belonged to my parents,Fear
south korea winning more gold medals in the asian olympic more than china,Angry
saw the village i come from still pay money to buy wife,Sad
saw my roommate messing up our room,Disgust
found out that i am not good at football,Sad
gave the wrong meal tickets to other people my classmate,Sad
coming to this lecture and listen to you talking about feelings i am so happy that foreigners have the same feelings as chinese,Happy
damaged the tap in the residental hall,Fear
too many people in tv room i was not able to get a seat to watch tv,Angry
my sister marrying a bad man he is cruel to her,Sad
saw my brotherinlaw insulting my sister,Disgust
my sister was afraid of her husband,Sad
i was not able to help my sister to understand that her husband is a bad man before she was married to him,Sad
discussing psychology with my friends before the lecture,Happy
waking up from a bad dream in a dark night with noone else around,Fear
i could not find my monthly tickets for the bus when i was on the bus,Angry
two little children years old begging for money and noone gave them money,Sad
the serving lady in the students dining hall shouting at studennts,Disgust
sitting on the bus seats supposed for disabled people children and old people by mistake,Sad
passing by a good friends home without coming in to visit him,Sad
you told me psychology can help people to be happier,Happy
left alone in the dining hall at night,Fear
bus conductor insulted me for not buying a ticket i forgot,Angry
saw a father beating up his small child,Sad
class leader getting me to do things he did not want to do,Disgust
not quick enough to help the lectors to catty things for the lecture,Sad
my mother wrote me and said that i would not writ enough letters home,Sad
my parents came to visit me,Happy
could not find my way out in the college building at night,Fear
saw in the tv south korea cheating in the asian olympic games,Angry
general ye jianying died,Sad
a girl i do not like kept coming to me and talking to me,Disgust
failing an examn,Sad
made a misjudgement in a football match,Sad
my friend told me he really likes me,Happy
getting lost in a strange place,Fear
south korea cheating for gold medals,Angry
my friend has to go on field trips he just told me,Sad
when i was the south koreans on the tv,Disgust
zhu jianhau did not break the world record for china,Sad
unable to help my mother to cook,Sad
i met a friend i had not seen for a long time on the street,Happy
going to the examn not well prepared,Fear
overhear people talking about me and saying that i am stupid,Angry
hearing about developments of sience in the west a lot better than china,Sad
some foreign students playing loud music late at night,Disgust
not being able to be selected for the dancing team,Sad
did not get up early enough to watch my class football team playing against another team,Sad
scoared a goal in a football match,Happy
left alone in the dark in a big building,Fear
someone called me a disgusting nickname,Angry
not getting on with someone of my classmates in high school,Sad
a woman picked her nose and spit right next to me,Disgust
not brave enough to take up a challenge in a group discussion,Sad
not being a good host for a friend from a far away place,Sad
my class winning against another class in a football match,Happy
walking alone in the dark in a strange street,Fear
a friend forgot his appointment with me,Angry
a friend misunderstood me,Sad
a boy in my class talking too loud in the lecture,Disgust
not being able to have a party at home with friends,Sad
being miserable in a party when other people are friendly and happy,Sad
meeting an old friend from high school,Happy
facing a mad dog,Fear
misunderstood deliberately by a close friend,Angry
my old teacher in primary school died,Sad
getting into a crowded bus,Disgust
being rude to somebody who was impolite to me,Sad
not accepting hints of intimate relation from a girl,Sad
my old friend visited me in the university,Happy
listening to horrot stories at night,Fear
my roommate was rude to me,Angry
my uncle died in the vietnam war,Sad
cueing in the students dining hall,Disgust
arguing about price with private shopassistant,Sad
not being able to spend more time with a friend who was visiting me,Sad
scoring a goal in football match,Happy
finding out that i am not an as able student as i thought,Fear
i was told to do something i did not want to do,Angry
finding out that china is still backward in science,Sad
doing this pointless questionnaire,Disgust
insulted by somebody,Sad
i am not doing what i should with this questionnaire,Sad
saw in tv that china had the most gold medals in the asian olympic,Happy
just arrived in the university not knowing anybody,Fear
insulted by teacher,Angry
finding out i am not good looking,Sad
someone i do not like kept talking to me,Disgust
finding out from this lecture that china is backward in psychology,Sad
being rude to someone i do not like,Sad
joining in a research group studying consumers behaviour and helping the people in the shop with the sales,Happy
diagnosis that i have a stomache ulcer,Fear
a classmate damaged ma iron and tried to hide the damage,Angry
not winning a medal in the swimming contest,Sad
some students talking when other people are having a nap,Disgust
a friend asked for help and i was not able to help,Sad
china winning the asian olympic,Happy
before an examn,Fear
korean judges cheating,Angry
my father left us for another woman,Sad
saw my father with that woman he is married to now,Disgust
had to tell people that my parents are divorced,Sad
not beeing able to stay with my mother for the national day holiday,Sad
being together with my best friend,Happy
almost had a bicycle accident,Fear
heard about someone telling lies about me to my best friend,Angry
my best friend suddenly acting strange towards me,Sad
saw someone messing up our room,Disgust
after shouting at a friend,Sad
did not do what i promised to do for a friend,Sad
my best friend chosen for your english lectures,Happy
getting ill,Fear
my class leader told me the university wont let all of us go to your lectures because we are not all english class,Angry
when i was not chosen to go to your english lectures,Sad
finding out that the class leader can go to your lectures and his english is worse than mine,Disgust
china cannot let you give more lectures because you are needed in the specialist clinics we are so backward in medicine,Sad
i hated you for not letting me go and found out that it was not your decision,Sad
finding out my best friend cannot go to the english lectures,Sad
heard some postgraduate students talking about girls being unsiutable to do medicine,Disgust
failing in an examn,Sad
not being able to convince my class leader that my friend is better than me to go to the english lectures,Sad
receiving a letter from a boy i care,Happy
watching a horror film,Fear
my parents do not like my friend and told me not to go out with him,Angry
my grandmother died,Sad
saw someone spitting in public,Disgust
failing in an examn because of lazyness,Sad
losing my temper to my sister,Sad
finding out that i can go to your english lectures,Happy
staying alone in a dark place,Fear
being sexually assulted on a bus,Angry
finding out that my best friend could not go to university,Sad
some boys not cueing in the dining hall,Disgust
watching tv about china is behind in winning gold medals,Sad
not being able to help my friend to do homework,Sad
getting into this university,Happy
beaten up by a classmate in school,Fear
being insulted in public,Angry
a girl i love does not love me,Sad
saw some girls dressed up like americans,Disgust
failing university entrance examn,Sad
not handing in homework in time,Sad
getting into this university to do medicine,Happy
first time in anatomy,Fear
misunderstood by a close friend for the wrong reason,Angry
finding out that china is poor so we cannot have good reference books,Sad
foreign students playing loud music in the night before the biology examn,Disgust
finding out that the university police was afraid to stop the foreign students playing loud music chinas shame,Sad
not doing well in the examn,Sad
aticle published,Happy
earth crake,Fear
made a statement that other people did not believe,Angry
saw poverty in the countryside,Sad
saw chinese people flattering foreigners,Disgust
not being able to argue against class leaders,Sad
could not help a student who needs help,Sad
china winning the asian olympic games,Happy
staying alone in the dark,Fear
being put down by the class leaders,Angry
finding out that life span in china is shorter than in the west,Sad
girls dressed like foreigners in the university,Disgust
being insulted in public,Sad
insulting other people,Sad
when i found out that i can travel with my best friend,Happy
walking home in the dark from college,Fear
finding out that i was deceived by a friend,Angry
not doing well in an examn,Sad
finding out that my best friend was deceiving me,Disgust
failing an examn because i did not work hard enough,Sad
not acting on my promise,Sad
finding out that i am not ill not seriously,Happy
finding out that my health condition may be against my attending university lectures,Fear
bought something bad from the shop and they refused to change it,Angry
relatives death,Sad
saw people quarreling in a bus,Disgust
running away from a fire,Sad
forgot to give a present to my little nephew,Sad
first public speaking,Happy
going out alone in the dark,Fear
saw some young people fighting for seats on a bus,Angry
my mothers death,Sad
saw people spitting in public,Disgust
went to a lecture about chinese history and hear about the opium war,Sad
falling in love,Happy
my friend will find out that i am in love with her,Fear
falling in love although she is my friend angry with myself,Angry
my friend still trusts me as a friend,Sad
someone being arrogant to me,Disgust
insulted by a teacher in front of the class,Sad
falling in love with a close friend,Sad
doing unexpectedly well in an examn,Happy
before the examn,Fear
i wanted to borrow lecture notes from a friend and he did not lend me them,Angry
finding out about the university does not have enough foreign currency to buy the yournals in your reference list,Sad
someone told me he was chosen for the english lectures because he was a good friend of the class leader,Disgust
finding out about chinese money cannot buy foreign journals,Sad
late for a lecture and therefore missed it,Sad
talking to a close friend,Happy
ran into a parking car on a bicycle,Fear
insulted for no reason,Angry
did badly in an examn,Sad
saw a man dressed as a woman,Disgust
saw a beggar on the street china still so poor,Sad
could not buy a reference book because i got up too late to cue,Sad
found out that me and my best friend are both chosen for the english lectures,Happy
i may not be clever enough to understand your english lectures,Fear
told by some people the class leader only choose his friends not true,Angry
one of my best friends was hurt by a girl he loves,Sad
saw a very arrogant girl walking like a queen,Disgust
china cannot buy your reference,Sad
a friend asked to borrow my notes and i did not give them away my notes too badly written,Sad
talking to a close friend,Happy
getting ill,Fear
failed to be elected to be a class leader,Angry
father lost his temper at home because he was mistreated at work,Sad
saw someone who picked up a cigarette from the floor and smoked it,Disgust
telling a lie,Sad
not getting the class paper in time for the lecture,Sad
my father promoted to be a professor,Happy
anatomy lesson and told we have to do it at night sometimes,Fear
had an argument with my classmate for borrowed books,Angry
finding out that we cannot have good references because china is poor,Sad
saw someone licking his dining bowl,Disgust
criticized in front of the class,Sad
not finishing homework in time,Sad
found out that the girl i love loves me too,Happy
reading a horror story alone,Fear
being refused to attend the neuropsychology lecture in the medical university,Angry
my parents told me that they do not like my friend,Sad
saw an arrogant girl walking pass by,Disgust
not finishing my duty as a class leader,Sad
my friend had trouble and i was not able to help him,Sad
china winning the asian olympic games tv,Happy
left alone in the biology building surrounded by empty buildings,Fear
someone told me we are not as good as the all english class,Angry
not getting the reference paper,Sad
cueing for a bus and the drivers having long dinner,Disgust
not finishing homework,Sad
did not return the library book on time,Sad
hear a very nice joke made by a friend,Happy
thinking about death when walking alone at night,Fear
found out that someone i knew well has been misunderstanding me for years,Angry
death of a relative,Sad
someone i know and respect sexually assulted a girl,Disgust
my father insulted by other people,Sad
made a mistake at work,Sad
found my name on the list of attending the english lectures,Happy
doing anatomy alone for the first time,Fear
being insulted in front of my parents and they believed other people those insulting me,Angry
death of general ye jianying,Sad
someone had stolen an article from a library journal,Disgust
not doing well in the examn,Sad
not finishing homework in time,Sad
did well in an examn just before my fathers birthday the best present i can give to my father,Happy
i asked someone to bring some present to my father and found out that he is not a reliable person i was afraid if my father would not get the presents he would be angry with me,Fear
some classmates said i did not do enough social work therefore i was not elected as a tree good student,Angry
my father wont be so pleased with me as if i was elected three good,Sad
my roommates lack of consideration of me,Disgust
my sister said i am not a stable person and i think she is right,Sad
my sister forgot to bring presents for my birthday i was rude to her,Sad
had a nice letter from my close friend,Happy
staying alone in the biology building after the dark,Fear
being insulted by my roommate she is in the english class,Angry
not being able to do well to be chosen for the english lecture,Sad
my roommate boasting about her english lectures,Disgust
when the class leader read out the names of those chosen for the english lecture and i was not on the list,Sad
some boys told me your nickname is little girl doctor i did not tell them off and laughed with them,Sad
relatives visiting me,Happy
finding out the great difference between china and the west in science,Fear
saw my unfair report,Angry
lecturers being unfair to me in reports,Sad
finding out that some students are getting good reports they do not deserve,Disgust
people impolite with me because i did not get a good report,Sad
i kicked the chair in the classroom to express my anger,Sad
finding out i was chosen for the english lectures,Happy
my roommate refused to walk with me to the english lectures i have to walk alone in the dark lectures are in the biology building,Fear
my roommate being unconsiderate,Angry
my best friend was not chosen for the english lectures,Sad
someone told me i was chosen for the english lectures because i am good looking,Disgust
not doing well in the examn,Sad
some boys talking about nicknames of the lecturers and i was too afraid of them to stop them,Sad
found out my wife girlfriend pregnant,Happy
my boat running into another boat,Fear
punished by a leader,Angry
my teachers death,Sad
saw a mate bribing the leader,Disgust
insulted by a woman in public,Sad
fight with my mate after a quarrel,Sad
receiving a nice present from my parents,Happy
finding out that i made a stupid mistake in the examn,Fear
finding out about some girls who have been nice to the class leader in order to go to the neuropsychology lectures english ones,Angry
finding out i am not chosen for the english lectures,Sad
some students whose english is worse than mine can go to your lectures english lectures,Disgust
insulted by classmate in public,Sad
not handing in homeworks in time,Sad
article published,Happy
walking in the dark and thinking about ghost stories,Fear
had an insulting letter from my father,Angry
being misunderstood by friends,Sad
saw someone acting in a false manner in public,Disgust
failed in a piblic argument,Sad
promised to do something for other people and did not do it,Sad
finding out i am chosen to collect norms for chinese aphasia i will contribute to chinas catching up with the west in neuropsychology,Happy
finding out in your lecture that a doctor can make misdiagnoses because of ignorance in neuropsychology,Fear
someone talking about me at my back,Angry
found out that my grandmother might have been misdiagnosed as a psychiatric patient because the doctor did not know about neurologism,Sad
some students deliberately disobey me as a class leader,Disgust
finding out that china is backward in science,Sad
some students have been calling lecturers nicknames and i was not able to find out who they were to stop them,Sad
going to a concert,Happy
finding out that a boy i do not like is in love with me,Fear
being told that i have not got a personality,Angry
power cut made me unable to listen to the songs sung by my favourite pop star,Sad
someone acting stupid in public,Disgust
not being able to answer question in a seminar,Sad
said something i should not have said in public,Sad
talking to my close friend,Happy
hearing a strange noise in the biology building,Fear
insulted by other people in the shop,Angry
my good friend misunderstood me,Sad
being looked at by someone i do not like,Disgust
i am chosen for the english lectures instead of my good friend and people told me that girls are more likely to be chosen,Sad
i was not able to explain well to my good friend to make him less angry,Sad
finding out that the person i love understands me,Happy
watching a horror film,Fear
being mistreated by other people,Angry
deceived by other people and ran into trouble,Sad
saw a selfish person doing a selfish thing,Disgust
not doing well in the examn,Sad
finding out that i have misunderstood other people,Sad
hear my name on the list attending the english lectures,Happy
staying alone in the room after midnight and reading horror stories,Fear
being told that i am a stupid person,Angry
my parents failed to visit me as they promised,Sad
some people not cueing in the dining hall,Disgust
saw on tv china not winning more gold medals in the asian olympics,Sad
not handing in homework in time,Sad
having a good trip on a boat with good friends,Happy
saw a classmate knocked down by a motorcycle,Fear
being sexually assulted on a bus and noone helped people only laughed,Angry
being sexually assulted and told my friends about it we cried together,Sad
heard someone boasting his fortune telling and i knew he was lying,Disgust
being criticized by teacher in public,Sad
shouting at my parents because i was angry about something else,Sad
going to see a good film with my best friend,Happy
suddenly found out that i was the lasr one to leave the anatomy room,Fear
some boys deliberately played tricks on me in the experiments,Angry
iqam chosen for your lecture and my best friend is not now he is angry with me and i cannot help him,Sad
listening to my roommate boasting about her new clothes,Disgust
china not winning more gold medals in the asian olympics,Sad
not being able to help my friend to study english,Sad
being elected as class leader,Happy
walking in the dark i saw something strange,Fear
your prejudice against psychology students and education students not allowing us to go to the medical university lectures,Angry
a friends brother died,Sad
a wurm dropped on my head,Disgust
not doing well in an examn which was easy,Sad
wrongly accused a classmate,Sad
getting into this university to do medicine,Happy
first time in anatomy,Fear
being insulted in public for the wrong reason,Angry
not being chosen for the english lectures my girlfriend chosen,Sad
my roommate messing up our room,Disgust
not doing well in examns which i should do well english examns,Sad
heard that my girlfriend was chosen for the english lectures and i was not i lost my temper and she is very upset now,Sad
success in university entrance examination,Happy
i helped someone to do something and was found out,Fear
misunderstood by friends,Angry
my mother was ill and my father was not at home,Sad
my roommate being nice to a party leader in order to get into the party,Disgust
china not doing well in the asian olympic games,Sad
not collecting letters for my friend al i promised,Sad
doing well in an examn,Happy
before the examn,Fear
some foreign students playing loud music before the biology examn,Angry
finding out that the girl i like does not like me,Sad
saw two canadian students boasting about how rich they are in canada,Disgust
finding out that china does not have enough foreign currency to buy books,Sad
calling lecturers nicknames when talking to housemen they told ne you are even younger than they are so you should not be giving public lectures,Sad
had a letter from my father usually he does not write to me,Happy
being alone in the room at night,Fear
quarreling with classmates,Angry
my father told me in the letter that my mother is ill,Sad
my roommate talking and shaking her bed at night,Disgust
finding out that i was deceived by my friend,Sad
a friend came to visit me and i was not there,Sad
finding out my name on the list for english lectures,Happy
walking out from the biology building,Fear
someone told me that i was chosen for english lectures because the class leader is going out with me not true,Angry
my sister bkoke her leg,Sad
some boys boasting about their ability to tell dirty jokes,Disgust
finding out china is backward in science,Sad
when some housemen told me a young girl like you should not be allowed to lecture to consultants i was too shy to argue against them,Sad
made a wonderful driend who understands me,Happy
being chased in the dark by someone i did not know,Fear
my best friend betrayed me and told other people my secrets,Angry
disappointed by a friend,Sad
finding out some people had been talking about me at my back,Disgust
being sexually assulted in public,Sad
i did not reply to my friends letter in time,Sad
watching china winning the asian olympic games,Happy
suddenly met someone in the biology building at night,Fear
being insulted by my roommate,Angry
not getting an airplane ticket fot my mother,Sad
talking with a nice girl,Happy
talking about snakes,Fear
people not resprcting my opinion,Angry
lost my girlfriend,Sad
talking to someone i disliked,Disgust
criticized by a teacher in public,Sad
not being able to help my friend,Sad
getting a letter from a friend who did not write for a long time,Happy
staying in a relatives house which was broken in before,Fear
being insulted on a bus,Angry
insulted by my mother,Sad
a relative not acting on her promise,Disgust
first time going out with a boy and other people laughed at us,Sad
a friend wanted to give me a surprise into my room and i thought she was stealing from the room,Sad
being asked to go out by someone i care,Happy
before an important examn,Fear
my parents do not like my friend and told me to stay away from him,Angry
my friend not allowed to go to the english lectures,Sad
postgraduate students talking about girls stupid,Disgust
ctiticized by teachers in public,Sad
my friend did not do well in the examn because i did not help him,Sad
i went on a picnic to the country side park the beautiful scenary made me feel relaxed and every worry disappeared thus the picnic was worthwhile,Happy
i am afraid of my academic results as i will face several problems i am scared of my limitations and the unlimited problems and i do not know how to cope with them,Fear
i quarrelled with my brothers twins at home on saturday one of them studies in a private school and the other one is repeating his form five they do not know what they are doing they follow every word of their teachers books and systems they always try to rationalize their bad acts by some game and they are satisfied with their awkward life i have tried to persuade them very often but have failed this time i had a fight as they have no voluntary spirit they did not polish the floor,Angry
i have been thinking of changing my major for a few months my original major was chinese language and it blocks my way i have to face many problems at the sametime and i do not know what is real and virtuous i do not know if i am not interested in chinese or if there are other factors which make me sad i am not very clear on what i can do for the study of communication and journalism i am not clear about what i can do what are the limitations i hesitate but i feel more adjusted now,Sad
i had been forced to get together with strange and disgusting classmates the things they talked about disgusted me and made me feel ill at ease i knew that i would feel unhappy if i stayed there but i was defeated by the social norms,Disgust
i had obviously done the work badly but my classmates of the students association did not blame me they helped me do the work,Sad
i had not done my assignment seriously i only pretended to finish the work as the work did not have any meaning for me the whole thing made me feel guilty,Sad
i preached to a f students in a gospel camp they thus knew more about god and made up their minds to believe in jesus,Happy
when the doctor told me that there was something wrong with my eye and i had to undergo an operation,Fear
i had left a student newspaper of the chinese university on the table of the library it had disappeared when i came back,Angry
one of my classmates had a disease unexpectedly he had been in a coma for six days in a hospital before he died,Sad
someone who was sitting very close to me was smoknig in the compartment of an air conditioned minibus,Disgust
in the compartment of a public transport railway i did not give my seat to an old man who was standing near me it was another teenager who did so,Sad
one saturday night i did some meaningless work and went to bed very late next morning i had was very sleepy so i continued sleeping even though i had work to do and i missed the sunday service,Sad
when i attended the concert of a pop singer,Happy
i was afraid that i would fail an examination,Fear
i had too much homework and examinations and i did not know how to organize my work,Angry
when i forgot the lyrics during a song contest,Sad
because of the examination i had to study night and day,Disgust
i did badly in the mid term examination,Sad
the results of the mid term examinations were very poor,Sad
when i had a good result in the certificate examination,Happy
when i was walking along a road alone on my way to go shopping,Fear
in the students union there was someone who took the photocopies of two large volumes i asked him to let me take a few he refused it for an acceptable reason,Angry
when another persons mother died,Sad
i greeted a friend and he did not respond,Disgust
in an examination which other students found easy i could hardly think and did not know what to answer,Sad
i cut a friends hair in anger without any consideration,Sad
yesterday my friend gave me a gift and had dinner with me,Happy
once while walking along a hill i fell down out of carelessness and i broke my left arm,Fear
last week my organization summoned an executive meeting and one of the executive members pointed out a loop hole in the committees administration he could not suggest any improvements so i quarrelled with him,Angry
the death of my father,Sad
i was sitting in the bus and a man with a very unpleasant smell came and sat next to me to top it all he smoked continously,Disgust
when i was in the canteen of the united college i mistook a stranger for a classmate as i was not wearing my glasses i realized that i had made this mistake when i saw him again carefully,Sad
i got up late and i could not go to my lessons on time when i entered the class room the stare of the teacher and my classmates made me feel guilty,Sad
when my application for studying the masters degree was accepted,Happy
once at midnight i was working alone at office and the phone suddenly rang,Fear
when i was concentrating on my work my friend disturbed me continously i asked him to stop but in vain,Angry
i had asked the teacher to write a recommendation letter for me but i had not provided enough information and had run short of time,Sad
when i was talking to a person who is a hypocrite i felt disgusted at his reaction,Disgust
my companion admired me when i did some work voluntarily,Sad
my wrong behaviour made my loved one feel sad and uneasy,Sad
when i first heard i like you from my boyfriend,Happy
when i received the higher level exam results i mistook the grade e in mathematics for a grade f and i was shocked,Fear
i had planned to study for my midterm exams on a certain day and my roommate called me to ask me to go out for a stroll i tried to make an excuse so as not to go out but she refused to listen to me and insisted that i go out with her i find it unnecessary to talk to her anymore,Angry
due to some reasons my boyfriend and i decided to separate,Sad
once when i had started to write a paper there was a phone call for me i had to go downstairs to receive it and after the conversation i discovered that all the information had disappeared from my mind,Disgust
when the teacher asked me a question i did not know the answer and i just stood still for about a few minutes without saying a word,Sad
once when i was in the cell group religious activity i found that almost everyone in the group read the bible daily and i felt guilty in my heart,Sad
when i read the newspaper that morning i found my candidature number on the admission list of the chinese university i was satisfied and happy and the cumulative anxiety disappeared i only wanted to cry out that i had succeeded,Happy
tutorial again a fearful feeling came to me when i sat on the chair and looked at my fellow students all around i was really scared that they would ask me some questions or challenge the ideas that i had presented,Fear
the trick was really intolerable they hid it and i was worried and restless all day when i saw them i really wanted to slap each one of them,Angry
a and i were walking along the new asia stairway to the chung chi college for our lecture and i saw him with her he put one arm around her shoulder and laugher brightly and joyfully i did not dare and did not want to look just walked by them quickly the interest of talking to a disappeared and i just wanted to remain silent but i did not want a to know and so i left him and went to f i should have expected this to happen,Sad
knowing that i had to do the survey with him i felt very reluctant although i do not know him i feel disgusted by just looking at him thinking that the project lasted several days i regreted having joined that project,Disgust
during the lesson the teacher called me and asked me if i had reported that i was late i pretended that i had but looking at her eyes i knew that she knew that i was lying i thought that it was really bad luck that she had examined the list of the students who were late,Sad
that evening when i opened the songbook while i was singing the song those were the days that guilt feeling became stronger the lyrics described well i was really wrong the wish that i had made was really bad if she were with me i would really be happy and we would play happily together like the days in secondary school and she would not be disappointed and gloomy because of me,Sad
when i learnt that i could do further studies at the chinese university,Happy
my best frieend left school recently the next day the weather turned bad suddenly and the male classmates turned off the lights i remained on the table and was scared,Fear
i was scolded by my mother for no reason,Angry
when i learnt that i had been betrayed by my friend,Sad
when i dined with my new friends one of them kept reminding us that he was superior,Disgust
while dining with some accquaintances i was asked something which i should have known but i did not know,Sad
my friend came to the concert for my sake as it was me who had organized it and the concert was unsuccessful,Sad
i was accepted by the chinese university,Happy
waiting for the results of the high level examination i was afraid of not being accepted,Fear
i had a date with a friend to see a movie and my friend was late i waited for a long hour and was very angry,Angry
the quarrel between my parents,Sad
during the chinese lessons a student often showed off moreover he misbehaved and dressed very badly so disgusting,Disgust
i saw a bag on the street and just then a stranger passed by i picked up the bag immediately and gave it to the stranger as i thought that it belonged to him but it was not his bag and i felt ashamed,Sad
i refused to lend my homework to a friend,Sad
no response,Happy
once before i had learnt to swim i stepped on a slippery slope where there was a lot of moss and i slipped into the water the water was very deep and i could not stand on my feet i sank and had to use a lot of energy,Fear
no response,Angry
no response,Sad
one day when i was sitting in a not very crowded bus a middle aged woman was standing beside me the person sitting next to me got up to get off and this woman pushed me and occupied the seat then she took off her shoes and put her feet on the seat,Disgust
no response,Sad
no response,Happy
when i saw a horrible movie alien,Fear
no response,Angry
in my results at the university entrance exam were very poor far from what i had expected i thought that i would not be accepted at the university,Sad
i am disgusted by people who spoil their identity because of misbehaviour this morning when i was in a crowded bus i found a seat on which a university student was sitting on one side and he had put his bag and files next to him there was very little space left and i sat down while he kept on reading even when i leaned on him he did not put his bag away he did not respond and i felt very angry,Disgust
during a lecture six students including me were asked to leave the class as we had not prepared for the lesson i felt ashamed and angry,Sad
one evening i went fishing with some friends but we could not fish as a fisherman had already put his net there we pulled out the net to find only crabs in it so we threw the net away the net was large and may have cost the fisherman used the net to earn a living and we had had thrown it,Sad
i had a very close friend who went to canada after her fb his departure was unavoidable when he came back during the summer holidays i was very happy as nothing had changed between us,Happy
the day before the university results came out i was both excited and scared if i failed i did not know what i would do as i did not want to work my family was ambivalent,Fear
before the certificate examination i was very poor in biology the worst result in my class ever since f it had been getting poorer and poorer i had tried my best and had spent most of my time studying this subject finally my results were so bad that i thought that it was just not fair,Angry
my cat died from an illness it had been with us for years it was a lovely cat it had been ill for one or two weeks and the veterinary surgeon had told us that it was dying,Sad
in secondary school i had a classmate who talked too much once we went to the cinema after school and she sat next to me and commented the movie throughout very disgusting,Disgust
our teacher had invited us to lunch and once at the canteen we started introducing ourselves two of the boys showed a lot of interest in knowing personal details and then they started talking about some activities held in the college i had little interest in those activities so i talked to another student sitting next to me as i was afraid that they would ask me questions on those activities,Sad
my younger sister wanted to take classes to learn a musical instrument one saturday morning my mother asked me to go with her for the registration i did not want to go so i said that there might be many bad people at the club as a resullt my sister was scolded by my mother,Sad
when i could study at university,Happy
when i forgot the lines of the play during an orientation camp,Fear
before the department meeting my friend ate a dish that i had prepared for this meeting,Angry
i had a very short term romance during the summer vacations when we first met i felt excited but i wanted to avoid him after we had met a few times and so i proposed that we stay apart i felt very sad then,Sad
i felt disgusted on seeing my boyfriend after our separation one day he was begging at the mass transit railway station and at that moment i hated him,Disgust
acting in a play at the orientation camp made me feel timid,Sad
i made my boyfriend so unhappy and depressed that i feel guilty,Sad
my friend had organized a birthday party for me secretly i was very happy not so much for the presents but because they seemed to care for me,Happy
my year old grandfather underwent three successive operations during a single year the third operation was risky and i was scared that he would die and feared that my grandmother would be very sad,Fear
my elder brother often criticizes my mothers cooking once he did it very impolitely and lost his temper this made all of us very sad i was very angry and i scolded him he asked me not to interfere with what was his buisness,Angry
when my grandfather died i was extremely sad however my family members did not have any special feelings they said that he was already years old,Sad
i was an instructior in a youth organization whenever we the instructors would have a meeting the advisor would be present he did not understand our worknig conditions but talked a lot and had a lot of outdated ideas whenever we disagreed with him he was very discontent and said that we had a prejudice against him why did he have to treat us as his subordinates,Disgust
when we received our academic result i learnt that my results were bad as i had not done my best the results of my accquaintances were good and when they asked me about my results i really did not want to answer,Sad
when i was fighting with my elder brother i unintentionally hurt him in the eye with a wooden bar i felt guilty and feared that he would be blind fortunately he recovered after days,Sad
i finished my homework an important task,Happy
fear of the turn that the examination paper would take as i lacked confidence,Fear
mr c took my drawing pens without having asked for my permission first and lost them he did not tell me about it till i asked him and then did not try to find them,Angry
when i learnt that i had to repeat the first year i found the solution immediately but was blocked by many difficulties,Sad
my girlfriend lost her temper without any reason and she did not consider or respect my feelings,Disgust
after i had given the wrong answer to my students they pointed it out to me and i had to correct myself,Sad
i prayed unfaithfully,Sad
i am happpy when i get good results in the field of academics or athletics,Happy
one day a fierce looking man came to our house and said that my father should apologize to him however i was alone at home,Fear
my cassmate laughed at me when i was being scolded by the teacher,Angry
i knew a girl so lovely that everyone would like her but she refused to accept my christmas present and i tried to forget her,Sad
i hate the behaviour of my so called friends they use bad language spit boast and treat the youngsters badly,Disgust
when i was young my mother told the neighbour that i had wet the bed i felt ashamed thinking that the neighbours children would get to know about it,Sad
one day while we were strolling along the road one of my friends suggested that we go and watch a blue film i was curious so i went along but i felt quite guilty later,Sad
the day the results of the university entrance exam was published i found my canditate number and i was very excited,Happy
one night we were having a barbecue on the beach and i needed to go to my car which was far away from the beach it was very dark as there were no street lamps i ran in the dark very scared i ran as fast as possible,Fear
no response,Angry
i separated with the one i liked most she refused all my dates and told me that she had dated another one my heart seemed to cease beating i was silent for some time and then i whispered goodbye and left without turning back,Sad
when i was a teacher in an evening school a girl raised a lot of questions and expressed her opinions she very often took a stand which was different from mine and she thought that it was better than mine her opinions were helpful academically but she did not take into consideration my position in public also she seemed to be very talkative and so she disgusted me,Disgust
i had lunch in a restaurant with a friend and i paid the bill the change was that of a two dollar and a ten cent coin as i was talking with my friend i took the two dollar coin and forgot to leave a tip,Sad
i was cold to my sister without meaning it just because i was upset and frustated,Sad
when i learnt that i had been admitted to the university,Happy
after the interview for admission to the university and before the admission list was disclosed i was scared that i would not be admitted and my fear lasted for quite some time my fear disappeared only after the list was disclosed,Fear
when i was studying in the library preparing for a test two people sitting next to me talked to each other for minutes there were no other seats so i could not go elsewhere and i did not want to interrupt them so i could only be angry in my heart,Angry
i had been separated from my girlfriend for about a year on her birthday i put a present in her mailbox i had spent two days choosing a suitable present for her i waited for a few days and there was no reply from her at last i received a thankyou card in my mailbox on the card there was only my name the words thankyou and her signature i was very sad then,Sad
when i was travelling to school by bus i went past a place where a sewer had been repaired there was a bad strong smell which suffocated me and i wanted to leave the place immediately,Disgust
i received the results of the test paper of my major subject and i found that my result was not as good as a classmate who had recently changed his major subject i felt very ashamed,Sad
i had promised myself that i would do one good deed every day one night i saw a beggar whose muscles had been atrophyed i walked passed him thinking that he was feigning later i realized that he had not been pretending and i had a feeling of guilt as i had not kept my promise,Sad
talkiing about the past happy hours with two friends at night in a camp a few months ago we shared our feelings notions and every hidden anxiety i thought that they cared for me and i was very happy and satified,Happy
i remember that my form teacher was very fierce and dogmatic my feet would tremble whenever i saw her but i had to face the fact that i had to go for her class,Fear
one night i could not practise my violin as my family was watching tv with the lights off so i wanted to listen to some tapes it was dark so i asked my brother to bring me a torch however he scolded me i was so angry that i slammed my violin on the floor,Angry
my mother suffers from a mental illness one night she was not feeling well and was sent to the hospital i was scared that she would die and all night i was very sad and did not dare to close my eyes,Sad
at the crowded conditions of living i always quarrel with my elder brother as he puts the tv volume at a deafening level and i can not practise my piano lessons thus i feel that my home is disgusting,Disgust
i lost my temper at my mother while she was teaching me i felt ashamed and sorry at having hurt my loving mother,Sad
i felt guilty at not having practised the piano i waste my teachers time and guidance,Sad
i watched a football match with my old friend the performance of the team was very good and the team members were full of spirit the match was excellent and every time a goal was scored i felt excited,Happy
when i got the midterm exam results the results were below average and were near the lowest i was scared of the final exam,Fear
when i came back to my hostel my bed was full of newspapers and dirty clothes my roommate asked me to wash the clothes for him as he had no time this was his responsibility the food we shared had been eaten up by him i ate little,Angry
my sister was impolite to my father when the family was having lunch together at a restaurant she thought that our parents had been prejudiced against her this was an extreme thought,Sad
when i was giving private tutorials to my student he would not concentrate and was lazy he had not done the home work that i had assigned and his academic level was very low it was a nuisance,Disgust
during a meeting i said something wrong and the others laughed at me,Sad
i entered the hostel this year my mother was ill and could not move and needed people to look after her every week i left home to go back to school i felt guilty,Sad
i received a letter from a friend whom i was missing,Happy
i feared that i would not be able to hand in the bookreport on time as i had started working very late the book was difficult to read and my teacher did not accept my work as it was handed in late,Fear
my classmate always borrowed my notes and would not return it to me on time when i had a test she was selfish and irresponsible and so delayed my studies,Angry
when i found that my coldness had hurt somebodys sincerity,Sad
when i was studying and someone disturbed me,Disgust
my teacher said that being university studets we did not have any selfinitiative or selfcontrol,Sad
i took french leave to do my homework,Sad
i realized that a fellow member had grown spiritually i was the leader of a spiritual group and had prayed for him he did not want to burn the incense but his mother forced him to do it finally his mother told him that he could discontinue if he got good results at school,Happy
looking for the toilet in a dark place,Fear
i gave tutorial to a student and i found that he was lazy he did not pay attention to what i taught he did some easy questions wrong deliberately,Angry
i saw a lot of starving people in a tv news report,Sad
our neighbour came and gossiped about others with my parents,Disgust
i promised a friend that i would return a book to its owner for him but i forgot to do it,Sad
saw a blue film in a cinema,Sad
when i saw the certificate results i did not feel very happy as i did not realize that i had got all the credits until my classmates pointed it out to me my parents and my relatives praised me and i realized that my results were good ie a b c i felt satisfied with the results and was happy,Happy
an hour before receiving the certificate results i was very frightened when i saw others crying i felt very tense and as time went by my fear grew,Fear
my classmate used her personal relations to get a seat for a subject that i wanted also i had taken the pains to help him apply and i did not get selected i did not like this as he had not told me the facts earlier he need not have lied to me,Angry
when my mother went through an operation it was not very serious but i was sad and could not sleep before the operation,Sad
during a recent meeting mr a showed his excitement and overindulged in the notes delivered though his curiosity could not be blamed his way of accquiring knowledge was an extreme behaviour eg he always tried to know what i was reading and gained everything he could,Disgust
when i was doing my homework at home some relatives came and advised me to help my mother do the housework,Sad
while quarreling with my brother i broke the glass door of the cupboard and a china doll we were scolded by my father for breaking the door but we did not tell him about the door,Sad
when i was admitted to the chinese universiity,Happy
an intercollege basketball match,Fear
something was stolen,Angry
when i learnt that my close friend was going to immigrate,Sad
when the summer holiday job was almost over,Disgust
during a meeting,Sad
failed to keep an appointment,Sad
when i told my girlfriend a joke openly and frankly,Happy
once while crossing a road i was overcome with fear,Fear
my intimate girlfriend told me that her father was opposed to our relationship and had insulted my integrity,Angry
when my studies are too demanding and i cannot cope with it,Sad
the behaviour of people spitting everywhere,Disgust
i could not finish my homework on time,Sad
after masturbation,Sad
when i finished the work that i had planned to do my homework,Happy
i was not prepared for the exam but i wanted to sleep the night before the exam,Fear
someone played a trick on me,Angry
when the thing that made my friends and relatives sad happened to them,Sad
it was a narrow and dirty passage which was located near the market and i had to stand there to wait for people,Disgust
i had something wrong saying wrong things and being impolite to someone and this had embarrassed the this person and i still meet the person,Sad
i said something which was against my conscience,Sad
several good friends made me a surprise visit and this made me happy they are my closest friends and we had not seen each other for a long time,Happy
the hero was chased by a terrible vampire in a suspense and horror film shown on tv,Fear
i worked with several classmates on a project i was very anxious about the project while my partners showed no concern and when we had meetings on the project my classmates did not pay any attention some of them read books while the others argued on irrelevant questions the meeting would go on for two hours without the main theme being discussed we wasted time and could not reach a compromise my classmates avoided doing the work and the responsibilities they seemed to value other projects more than this one,Angry
one of my good friends had to migrate to america our friendship had developed quite well and it was a pity as our friendship would fade,Sad
in a study group a person always liked to argue on some unimportant irrelevant and minor points he tried to persuade others in an unfriendly way he was obstinate and would not accept others point of view,Disgust
once my presentation was the worst among my classmates as i had not prepared it well and had not seen it as important my presentation was so confused that it clearly showed my poor preparation,Sad
i joked with an unfamiliar friend in an obstinate tone i was afraid of his misunderstanding me and being hurt and angry at me i felt sorry over my conduct and thought that i had to find an opportunity to apologize,Sad
i remember my religious experience during a gospel camp a few friends of mine decided to believe in god the joy that i felt at that time was more than words can express i blessed them and praised god in my heart,Happy
my friend and i had offended our classmate unintenionally we wanted to apologize to her so we decided to visit her we knew that she was stubborn so we were frightened when we rang her door bell our fear was at its climax,Fear
my girlfriend disliked it when i played majong a game of gambling i expressed my regrets and when i went to see her she neglected my existance i was very angry and left in displeasure,Angry
when i said goodbye to my girlfriend i had spent two years on developing this relationship and it was unsuccessful i felt very sad,Sad
my classmate got a b for his homework while i only got a c when we got the results he acted as if he did not merit this grade i found that his humility was hypocritical and i found it disgusting,Disgust
once in primary five i had forgotten to take a book to class and the teacher punished me by asking me to stand at the back of the class i thought about the way my mother would react if she saw me being punished my mother was very good to me and though she did not see me punished i felt sorry for her,Sad
i had fixed a meeting with my classmates and i missed it as i was tired besides everyone at the meeting was a stranger to me and i did not want to make friends with them whatever the reasons i felt guilty,Sad
i learnt from the newspaper that i had been accepted at the chinese university of hk it was oclock in the morning later i told my family and relatives about it and had tea with them very joyfully,Happy
i was camping in an old broken hut which had no lights i had brought along a lamp which was not working very well the door made strange sounds and i was sure that strange things were happening the most terrifying bit was that there were many wardrobes in the hut and everytime that i looked in the glass of the wardrobe i felt that there were objects behind me the whole night was spent in fear and restlessness,Fear
during a football match the other team was rude and they hurt my team members and me the coach was prejudiced against us and punished us unreasonably later we fought with each other and the match had to be cut short,Angry
i heard of the death of a closefriend of mine i had gone camping with him shortly before his death and the whole thing seemed very sudden to me,Sad
a group of youngsters dressed in fads talked foul language on a bus they also insulted the pedestrians on the road and were impolite to the passengers of the bus,Disgust
in a christian gatherings lucky draw i mistook a girls name for mine a boys name i realized my mistake only when i went up to the stage for the prize i did not know what to do as everyone was looking at me i blushed and went back to my seat,Sad
while playing basketball i broke a team members spectacles his face was injured by the pieces of glass it was not serious but i felt guilty and blamed myself for being too careless and vigorous in my game,Sad
after a busy day i went back to my hostel i closed the door and had a drink then i read my favourite book on the bed suddenly i felt peace and joy,Happy
when i went home and there was nobody i waited till am and still nobody i was suddenly scared and anxious as this had never happened before in addition my mother was very weak and i feared that she had met with an accident therefore i was anxious all night,Fear
yesterday i read in the newspaper that a year old woman had abused her month old son and had caused his death i was very angry after reading this as this is not a human act and to abuse so fragile a life is not a forgivable sin,Angry
i had a schoolmate who went to the hospital as her brain was bleeding she fell unconscious for three days and when i went to see her i saw the miserable state the family was in moreover i could not do nothing for her i was very sad finally she died,Sad
a tiresome person held me up all day long i was very busy then i can not remember what the problem was he continously tried to make me talk to him and disturbed me,Disgust
one day when i was sitting on the bus there was an old woman standing beside me i was very tired and sleepy and did not think of giving her my seat a year old woman who was sitting beside me got up and gave her seat to the old woman and said old woman please take my seat the youngstters these days are not used to giving their seats to others when i heard these words i was very ashamed of myself and wanted to get off the bus at once,Sad
after an exam i was in a very bad mood as i had done it very badly at home my mother took so long to ask me how things had gone that i lost my temper i overreacted and made my mother cry she still prepared lunch for me and did not scold me suddenly i thought that it was my fault and i started crying,Sad
i was appreciated by others especially my family members and my friends,Happy
whenever i am alone in a dark room walk alone on the street sleep alone in the room at night or see something which is only partly visible this emotion was very strong when as an year old child i saw something horrible,Fear
whenever i put myself in others shoes and try to make the person happy comfort him or make friends and i am misunderstood and rejected especially when this person is a family member or a friend,Angry
there was a conflict of interest between me and a close friend of mine he only thought about his own interest and not about our friendship this behaviour hurt his friends another incident is when a friend isolated himself without giving any reasons,Sad
when i saw a lot of rubbish and animal waste on the floor,Disgust
when i was emotionally unstable i said things which may have hurt others or made them feel unhappy when i calmed down i realized that i had been selfish and had not taken into consideration the feelings of others then i felt ashamed as someone pointed out my behaviour to me,Sad
when i break someones things out of carelessness or do something to make others feel unhappy or hurt the selfesteem selfconfidence of others especially if they happen to be friends or family members,Sad
when i received the letter informing that i had been accepted to be a chinese university student i was excited as i had longed for it,Happy
one day when i was a little boy my friends asked me to play with them outside and to catch some boys however our parents did not know that we were out and when i got home it was very late and i feared being scolded by my parents,Fear
when i learnt that a friend of mine had talked about me to another friend and had said wrong things about my abilities and attitudes i was very angry,Angry
about two years ago my girlfriend suggested that we separate this really gave me a shock as i had never thought that she would say such things the reason she gave me was that we were not suited for each other,Sad
once while studying for my exam i found so many complicated words that it disgusted me,Disgust
when i was young i felt ashamed when our relatives visited us and i hid myself,Sad
i was so excited once that i told my classmate that she was old this hurt her and i felt guilty,Sad
during a certain period i felt successful and extremely satisfied when i found that any tasks or decisions that i had made were better than expected,Happy
i am scared when i stroll alone on the chung chi college campus,Fear
one day i discussed a very important question with a a suddenly declared that he would not accept my position and thought that he himself was right moreover he attacked strongly not my opinion but me personally,Angry
when i learnt that i had failed an exam this not only influenced my emotions but also other important tasks it also made my record imperfect,Sad
i would classify subjectively a certain gesture or the way of talking of a person as disgusting or inacceptable,Disgust
one day i felt dizzy during a lecture when the lecturer asked us as to who had heard the fairy tale i was the only one who put up his hand and this surprised the whole class,Sad
we always made a lot of noise during a certain lecture this may have been because we did not respect the lecturer finaly the lecturer could not tolerate it and he scolded us angrily and pointed out our misbehaviour,Sad
i felt happy when i received the letter telling me that i had been admitted to the university,Happy
during the first year in university i had bad results in both the terms especially the first term i was afraid that i would not be promoted to the next year and that the others would go ahead of me,Fear
once my father slapped my mother for a small quarrel,Angry
a few years ago my mother suffered from canccer and died within two years we had not finished our studies then and could not bear our responsibilities as her children my mother had tried her best to take care of us but she lived in pain these two years neither the doctor nor we could do anything for her as cancer is incurable i was very eager to replace her in suffernig even die instead of her,Sad
i used to play with a group of classmates and i found out later that they were cheap in thought behaviour and conduct they would smoke fight and speak foul language i thought that they destroyed the image of college students,Disgust
it was discovered that i had received a warning letter as my gpa was very low,Sad
many years back i quarrelled with my younger brother for a small reason i used a pole to beat him and nearly broke his arm he recovered after a treatment which lasted several months after this our relationship was worse and he would not listen to me,Sad
one saturday afternoon i deliberately dressed up nicely i had been in a bad mood of late i hoped to go for a walk in the soft sunlight to try and uplift my spirits when i was having lunch in the canteen two of my male classmates asked me as to why i was dressed so nicely they had seldom joked with me before one of them said that he had a lounge suit and we would look very nice if we wore them together,Happy
the exam was drawing near and i wanted to prepare for it but i had a lot of other things to do so i did not have much time to prepare for the exams whenever i sat down to study i was scared that i would not be able to finish it,Fear
a female classmate was always late for meetings which were for the homework and not social gatherings we were very busy and the deadline was close but we had to waste half an hour or an hour waiting for her as we could do nothing else then,Angry
after a meeting ended we started talking about when we would have the next discussion i had many tests the coming week and could not have a meeting in between i thought that they would understand this as they had always done they did not understand my problem and thought that i should not have so many other activities their reaction made me burst into tears,Sad
when i was studying in the library a pair of lovers were sitting next to me talking in an intense and soft voice they were disturbing others,Disgust
during an informal discussion i contributed a lot even though i had not spent much time studying whenever someone said that someone was not paying attention or that he had too many other things to do or that the persoon was not trying his best i would feel ashamed,Sad
our class had organized a picnic in november i was the class representative so i became the organizor however the picnic was postponed by one week and i had something else to do then initially i did not ponder on what to do and decided to go for the picnic when i had the time to think about it i thought that my decision was wrong my classmates thought that i would go as i had signed my name but i did not go i told another class representative that i was not going but he did not know the reason behind my not going after the picnic my classmates asked me why i had not gone to the picnic and everytime someone mentioned it i was apologetic i should have decided right in the begining that i would not go and then they would not see me as irresponsible ie promising to go and changing my mind afterwards,Sad
it was the first time i met him my boyfriend mrw it was during the first term summer vacations we met each other while handing in our homework he invited me have a trip with him and we were together till pm,Happy
the day the results of the certificate exam came out i went to school and at first i did not feel frightened by the time i reached the fourth floor the results were being given on the fifth floor i found it difficult to walk and felt that i would die,Fear
one day i had sunned my favourite shirt and was putting it back in the wardrobe when my younger brother snatched it from me and wore it he had not had a bath and was very dirty i scolded him but he answered back and locked himself up in a room i was very angry so i starteed kicking on the door and abusing him loudly and freely,Angry
when i was a child i was playing on the upper deck of the bed with my brother my parents slept on the lower deck my father felt disgusted and beat me up i felt very sad as my father had never beaten me or scolded me before,Sad
my boyfriend and i did not have any contact with each other during the summer holidays i met him the day of the registration and looked through him in the canteen he asked me if i wanted to have a drink and i said no as i did not want him to do me a favour,Disgust
on christmas eve i went to a classmates home with other classmates the next morning when i came out of the toilet she said something and i did not understand what she was saying when she pointed at my trousers i discovered that i had forgotten to zip them up i rushed back to the toilet but by the time the others had guessed what had happened,Sad
one nightwhen i was in primary or i felt thirsty so i fetched the thermos to pour a cup of water for myself then i saw my brother lowering his head and i jokingly poured the water on his head,Sad
i had gone camping with my old classmates and there was a storm we were in a flurry but at that time i felt the love and concern of my friends,Happy
i was on a trip to phillipines during summer and i was staying in a hotel the room i was staying in was very silent and had very dim lights the last night i felt frightened and lay awake i could hear some sounds around me and dared not open my eyes i waited for dawn,Fear
i had a very good friend in secondary school the year after our graduation i prepared to celebrate her birthday and i called off all my appointments i got together the other friends and we were ready to give the entire day to her however this friend disappeared on her birthday when i phoned another friend i didcovered thay she was busy i did not call her anymore,Angry
i am a christian but i cannot find any meaning in life it seems that i am deceiving myself but i cannot find the way out,Sad
a brother from one of the christian fellowship often phoned me and talked to me for half an hour or more however there was nothing important in the conversation and i found the person very disgusting,Disgust
i felt shame when i found that i was almost last in the exam,Sad
once i bought my sister a pair of sports shoes as she was going to join an athletic meet however the shoes were a little big and had a few flaws she muttered all the way and blamed me for having wasted her money anf i felt guilty,Sad
when the result of the certificate exam was announced i was surprised and happy as the result was better than i had expected,Happy
when i was young i got lost on the street and the police found me after a day,Fear
my sister once stole my mothers money and made her very angry after this my mother would beat her up for unreasonable reasons one day my sister lent her book to a friend without telling my mother about it when my mother learnt this she beat her up and even threatened her with a pair of scissors,Angry
my academic result was poor and i had to repeat the second year i felt sad about the coming several years,Sad
my mother was always fastidious about my room bed time etc she treated us strictly and punished us physically these things were intolerable,Disgust
i misunderstood a girl and thought that she loved me one day when i was talking to her her boyfriend appeared and i felt ashamed,Sad
when i was in p i was always punished as i would forget to do my homework the first time that i was punished and not allowed to leave school i slipped out of school,Sad
i was admited to the chinese university of hong kong the day the results were announced i looked in the newspaper and saw my candidature number,Happy
one year when i went to a camp i was chased by a dog i tried hard and finally managed to escape from it my torch suddenly went off and we talked about ghost stories and i thought that there were ghosts,Fear
when i was in f i played a basketball match against another schools team one of their team members kicked a teammate of mine so i kicked him back and we had a fight with each other,Angry
i received the midterm exam paper of one of my major subjects and i found that i had failed it,Sad
once at a camp a classmate criticized me in front of others now i find that this classmate is very disgusting,Disgust
when i was in f i led my class to a riot however the form master said that my conduct was good and asked me to tell him the names of those who had taken part in it i replied that i did not know,Sad
i promised to join a meeting but did not turn up as i did not want to do the work,Sad
when my performance homework or other work is better than others,Happy
i found a problem in homework which would not get solved although i tried my best,Fear
i had a date with my girlfriend the time and place had not been fixed i asked her to phone me an hour later as it was midnight and i did not want to disturb her family i waited several hours for her call she did not call me that night,Angry
when i found that my ability to do ordinary work was worse than my fellow mates,Sad
i made friends with a classmate whose behaviour i did not like he tried to flatter other people and did not respect me,Disgust
my guilty behaviour was found out by others,Sad
when my behaviour was immoral thinking about sex,Sad
during my summer vacations i planned a carnival for the community youth center with a few other volunteers i was the head of the organizors and we spent over a month planning it during this period we got to know and understood each other we discovered each others potential and we planned many interesting things for the carnival the day of the carnival everything was bright the programmes went well and the attendants enjoyed it i felt extremely excited about it,Happy
no response,Fear
i was a prefect at secondary school on the sports day i told others that i would take down the names of the people who misbehaved and after some time i sat down for a brief rest suddenly the head prefect came and scolded me in front of others i was very angry as there were other prefects sitting and he picked on me i thought that a brief rest was not serious enough to be blamed,Angry
no response,Sad
i had joined a youth group that observed the affairs of our community and so i had many opportunities to contact the government and the committee members of the district board a local executive structure we always tried to consult and discuss with them but we found that such people did not understand community affairs and they even dampened our enthusiasm in local affairs i did not understand why they had decided to work as community leaders,Disgust
one day i was the leader of the weekly meeting of the church fellowship that day i had been preparing for the exams and did not estimate the time to travel to the church right and i was twenty minutes late as i had not prepared well i led the meeting badly i was ashamed of myself,Sad
i borrowed my classmates notebook one week before the examination and i promised to give it back to her in two days time i was very busy at that time and forgot many things as i was not very often at home she could not contact me when i started my revision i realized that her notebook had been on my desk for five days i contacted her immediately and gave it back to her though she did not say anything i felt very guilty,Sad
when high level results were declared i found my candidature number i was very happy as i had not expected it as i had been injured before the examination and i had performed poorly,Happy
once when i was ten i could not remember why my mother was so angry she fainted suddenly and i was very scared as i did not know what to do,Fear
when i got into a bus i found that my wallet had been stolen it was not a great loss from the monetary point of view but i lost some documents identity papers as a result i had to spend several days in order to get a new one i will always remember all the work i had to do and the bad treatment i suffered because of the bureaucratic behaviour of the civil servant i had already had bad luck and they treated me like a criminal at one point of time i really wanted to quarrel with them,Angry
i quarrelled with my younger sister because i had said something against her boyfriend consequently she looked through me when she saw me as she thought that i was trying to separate them she had misunderstood me,Sad
a few days back i walked on a heap of faeces while walking on the road i got goose flesh because of this,Disgust
during the english lesson we were required to do a play a few days after doing it the teacher asked us to do it again at a meeting and i forgot my part,Sad
once my friend and i went to the tai to cycle my mother had told me not to go unfortunately i broke my pectoral girdle and had to go to hospital when my mother came to see me i felt guilty as i had not listened to her and i had to soon sit for a public examination,Sad
after attending a song contest proposed by a band called chyne we of us waited for the members of the band to greet us in front of the stage we went out after a few minutes as it was time to close the hall we had been waiting at the entrance hall for ten minutes when three of the band members came out they were very excited to see us one of them was so excited that he had tears in his eyes we felt very warm and close to each other they took us back into the hall and we talked freely we were together for about an hour and during this time we felt that they were very sincere,Happy
at noon one sunday i received a phone call telling me that my mother had been knocked down by a car at the street crossing and that her husband should go and see her i could not believe this as my father and my mother had gone out together to buy lunch boxes however i immediately ran to the scene of the accident,Fear
the day the results of the chinese university was announced i should have been very happy however my grandmother because of her prejudice and misunderstanding started a quarrel with my mother she expected me to take her side and she deliberately talked of my mothers wrong doings i was very angry because one my grandmother was not being reasonable and two because it should have been a happy day and three we had moved into a new house that day,Angry
when i was in lower six class during the summer i joined a research group of the chinese university student union i knew a lot of cv students there a year later one of them was travelling in mainland china and he got tb he died a few weeks after coming back to hk we all got together for the funeral and when i looked at the body for the last time i felt extremely sad,Sad
during these summer vacations a schoolmate who was not in my class went to britain before he left his classmates and some of us who were accquainted with him had a bbq on the beach when i arrived i saw that some people who were not close friends of the departing personperson a were playing mahjong some others were playing bridge and a had nothing to do besides it was a who had prepared the food later when we wanted to talk and his classmates did not even have the decency to listen to him they only asked him a few questions halfheartedly and then they talked on their own some of their conversation was against me and another classmate,Disgust
when i was in lower six i joined an interview group to interview the general public one of my friends in the group lost her purse and she was very nervous five of us had to go another place so we left her and planned to see her later then i heard her describing how her purse looked i realized that i had seen her purse on the floor and had not wanted to do any thing about it,Sad
i went to a friends baptism as she became a christian after me and i realized that she was more enthusiastic about her spiritual life than i was when i was with my brothers and sisters of christ i had a guilty feeling which could not be dismissed easily when pepole asked me as to when i would be baptised my guilt feeling deepened,Sad
when i received the result slip of the higher level examination an university entrance exam and saw that i had a very good possibility of being accepted into the university i felt very excited,Happy
one camping night i listened to the ghost stories told by my classmates,Fear
last week i had planned to play tennis and had booked a tennis court however when i arrived at the university gym the clerk told me that the court was being used for lessons,Angry
when i was ill and had to stay at the hospital for a period of time,Sad
a few days back i was waiting for the bus at the bus stop before getting into the bus i had prepared the exact amount of coins to pay for the bus fair and when i got into the bus i put these coins into the box meant to collect the bus fair i thought that i had paid and wanted to get inside however the bus driver called me and asked me in an impolite way if the coins were stuck at the opening of the box he had not seen me paying and there wasnt a stack of coins in the box i could not understand this and the driver kept questioning me he made me feel angry and at last i inserted a dollar coin in the box just to get away from him later i found that i had forgotten a few coins in my pocket and had not paid enough for the fair the first time after i had entered the bus i could still hear him scolding me and i felt disgusted,Disgust
a few days back i had a tutorial class and the teacher randomly assigned one person in each group to make a presentation the discussion in our group had been confused and the presentation was not very well prepared unfortunately i was selected to present and i could not keep calm was confused and result was very poor i really felt ashamed,Sad
once i quarrelled with my sister and after this i deliberately messed up her belongings,Sad
i had a dream i had a very close friend who had several stone houses in the new territories villages but they did not have much furniture he took me to see his fields i had never seen them before and there were several inches of clear water on which the sunshine was reflected i wanted to sit among the short green plants in the fields but was afraid of treading the plants to death my friend said they will not die and i sat down happily and my trousers did not get wet,Happy
after seeing a horror film omen i could not sleep at night even though i closed my eyes the last scene of the film kept coming back to me i seemed to hear the girls in the film shouting at the devil the devil did not have any expression on his face and i thought that he would choose me,Fear
my friend often played a joke on me and sometimes i thought that he was a nonsensical person once when we went to a friends house he walked in first and shut the door firmly behind him i felt that he did not respect me and moreover i was his friend so he should not have behaved like that i was very angry as it is i was in a bad mood then,Angry
i suddenly found that those whom i considerered to be my good friends did not care for me although i could still be with them i felt unimportant i deeply thought about the reason behind this so as to see who was responsible for this finally i made up my mind and decided not to expect too much from them i was sad when i decided that they were no longer my good friends,Sad
i had a friend who was very kind to me i tried my best to like him and understand him but when i was with him i could not help rejecting criticizing and blaming him i wanted to get away from him as soon as possible,Disgust
my teacher reminded us not to do a summer job however i did it for two months yesterday i was chatting with my teacher and when we talked of the summer job i felt ashamed,Sad
i wanted to get rid of a bad habit and it seemed that i had succeeded however a year later i got the bad habit again i felt useless as i always found excuses to explain my behaviour as a result i felt guilty,Sad
during the exam period i studied in the library alone a close friend of mine who is also a classmate told me that my application for a japanese intercultural exchange programme had been accepted i was not very sure as i did not know that the list had been declared i ran to the board and saw that i was really included in the list i was so excited that i smiled all day long when i met my classmates and friends i told them the good news i was so happy that i could not concentrate on my studies,Happy
a boy phoned me at night and wanted to talk to me for minutes outside i thought that he would reveal what he felt and would question me on our relationship i treated him as a friend and did not want any misunderstandings therefore i refused to meet him and told him that i would see him the coming day i was very unhappy as i feared having hurt him and got him into trouble,Fear
we had fixed time for practice as we had to participate in the interdepartment song contest i arrived and found that there was nobody there when i went to the canteen i found them eating lunch i was so angry that i aired my greviances to one of them and then left,Angry
a friend told me that he had suffered in love and in academics i shared his sadness,Sad
a friend told me that a boy wanted to get to know me at that time i felt disgusted and thought that it was a nonsense thing,Disgust
one rainy day when the streets were wet and as i was walking down a slope i fell down out of my carelessness there were many people and they saw me so i felt ashamesd moreover i hurt my ankle and it was painful,Sad
one night during dinner my nephew was naughty so i quarrelled with my parents i regreted this as my nephew was only two years old and i had to tolerate him the quarrel made my father think that his children may not take care of him in the future it was a slip of the tongue and this made me realize that my father keeps his thoughts to himself i was still very angry so i dropped my bowl and chopsticks and went to the kitchen to drink tea and then ran to the other side of the house,Sad
that afternoon i rushed home to look at the result slip of the higher level as fast as possible i opened the envelope very carefully and found that my results were much better than i had expected and thus i could enter the chinese university my diligence had paid and i was very happy,Happy
when i was young i had gone to an old lift and played with the antique lift the guy discovered me and warned me i was very frightened,Fear
whenever my father smokes the smell makes me feel very uncomfortable he never listens to my complaints and i curse him furiously in my mind i cannot solve this problem by violence because of traditional moral values,Angry
my got my mathematics tests marks and could not believe that it was true in the past i would have at least marks was i getting weaker at studies this made me feel that i should not expect too much from going to the university,Sad
my friend and i worked for the community centre by holding a booth one day my friend went off to another booth to play this meant that i was very busy and could not maintain order his behaviour disgusted me,Disgust
when i was in a bus on my way to the examination centre a man sitting opposite me kept looking at me continously i did not know what was wrong when i reached the centre i started strolling around as i still had a little time suddenly a man came and whispered you have forgotten to zip up your trousers i was at a loss to say anything and i felt very embarrassed when i thought of the bus incident i felt even more ashamed,Sad
at secondary school one of my classmates lost her locker key during a class i saw two other classmates holding a key and talking secretly i do not know why i suspected them also another classmate supported me he remembers that these people had only one key in the keyring this had seemed strange to him besides another classmate said that he had seen them selling books at a bookshop and they should not have had such books i told the teacher and the person was caught he had sold the books and was forced to quit school i found that i had not helped him as he stole later on also i felt guilty,Sad
one night my boyfriend expressed his love for me in the canteen in the presence of my friends by giving me a present,Happy
after listening to ghost stories with my classmates i had to back alone to the hostel at night i had to walk through a long and quiet road and i was scared of meeting a ghost,Fear
i came across a girl at the school busstop i had seen her several friends as she was a friends friend however my friend had never introduced me to her and when she got off the bus i smiled at her but she did not respond pretending not to have seen me her arrogant behaviour made me sick and angry,Angry
my examination results were not satisfactory even though i had tried my best then i started wondering about my abilities for the major subject however i did not know how to choose my major subject if i were to change it,Sad
when my roommate and i had dinner together we decided as to who would clean the bowls one day when i came back from school i found that she had not cleaned up since i had to cook dinner i cleaned them myself and felt unhappy and disgusted,Disgust
when i asked my classmate to teach me to do my homework he asked me to study by myself first but i did not do it when he asked me if i had studied i felt very ashamed,Sad
i escaped from communicating with god for a long time i did not read the scriptures and i did not pray i felt that i was getting further and further away from god i felt guilty as this was because of my laziness,Sad
when two female classmates and i were having lunch we chatted and cracked jokes i was very happy however i felt that i may have said something inappropriate which might cause them to have a bad impression of me,Happy
i did not do well in one of the subjects last term i was afraid that i would fail my result was a grade d though it was not good i still passed i felt more comfortable then,Fear
my friend halfteasingly called me a bad nickname i felt insulted and kicked his hip in anger i was stable later and did not feel angry at him in fact i was afraid that the other friends who were with us would think that i was an intolerant person however i could not apologize so i pretended that nothing had happened and smiled when i left my friend did not say anything but just watched me leave,Angry
last night i did not do very well in one of the subjects before the result was announced i feared that i would fail finally i got a d and as the results of the other subjects were not all good i felt a little sad,Sad
whenever i spoke to a female classmate i felt disgusted she said meaningless things and seemed to indicate something to me but i did not lovelike her,Disgust
once a female classmate told me that the clothes i wore seemed to be a childs clothes on hearing this i felt a little ashamed and i criticized her clothes though there was nothing wrong with them,Sad
once while playing tennis with my classmate i lost a few tennis balls i found one near the tennis court and took it to be mine despite thinking that it might belong to the student in the next court i felt guilty later someone came to me to claim the ball and i gave it back to him,Sad
when i received a letter from the university telling me that my application had been accepted,Happy
at primary school the teacher caught me cheating during a dictation,Fear
someone spread rumours about me,Angry
one night my father suddenly suffered from a heart attack which lead to breathing difficulties,Sad
the curriculum of the year the english course was very heavy i had not prepared and the teacher asked several questions during class the students were not ready to answer the questions and the teacher was frustated,Disgust
i forgot to zip up my trousers this was not noticed by anyone,Sad
peeping,Sad
i had a picnic with old classmates we chatted and played games,Happy
at night when i was alone at home all the family members usually get together at that time someone knocked vigorously on the door,Fear
when i saw that my bed at the hostel was a mess i guessed that someone else had used my daily necessities i felt that my personal sanity had been affected,Angry
during the physics experiment session i did not understand the content of the experiment and did not know how to do it,Sad
a man sexually aggressed a small girl in the bus but the girl did not dare to speak out,Disgust
being unable to stop urinating on the bus,Sad
there were old people in a crowded bus and i did not have the courage to give them my seat i closed my eyes to sleep and then opened my book to read in my heart i wanted to give them the seat,Sad
it was the first time that i gave a birthday present to my friend she wrote me a letter as she is my girlfriend the content of the letter was so sweet that it made me feel very happy,Happy
it was a week before the higher level results were announced i had tried and failed many times and this was the last time that i was taking the exam i knew that if i failed again i woulld have to enter the society i imagined things during this period i dreamt that i had entered university and it was a nice experience when i thought about the future an unexplainable fear rose in me i feared being a worker and not having a bright prospect i also feared the criticism of my relatives as my brother had gone to university whenevr i thought of this issue i could not eat or concentrate and my heart beat increased,Fear
the surname of my brother was different from ours he often grinned at home and provoked others for the pleasure of it this made me angry,Angry
when i was in primary my father died i was very young then and did not know what had happened the weeping of my relatives and my tears made me sad,Sad
at hostel my roommate was a very selfish person and would avoid doing anyhting that did not concern him a few of us prepared lunch together and had decided to share the work my roomate had promised to do the same but i had to wash the bowls everytime after dinner i tried to wait and thought that he would realize his fault i did not want to tell him to do the work as he is a university student and ought to have selfrespect he disappointed me and so every time i saw him i tried to avoid him and did not want to keep any contact with him,Disgust
my friend had many female friends and i thought that they were his lovers i would scold him but he did not accept my advice later i learnt from his girlfriends that this was not true i felt ashamed at having misunderstood him,Sad
in the past i used to think that my mother was a very nagging person when i started living at the hostel we had little time to meet each other whenever i went home she would take care of me i gradually realized that what she had done was for my own good so very time i saw her i felt guilty,Sad
in august the long awaited big envelope a document for cuhk admission arrived it was in the afternoon and i had not been doing anything when the postman with his big bag knocked on the door i knew what it was about i hurriedly opened the envelope and my mood at that time is hard to describe it lasted several hours and only calmed down later,Happy
on christmas eve i had just finished the exams and was afraid as the results of one of my major subjects had been very unsatisfactory i thought that i had only a chance of passing even if i failed this subject i would not need to repeat however i liked this subject very much and my results were bad because of my lazyness if i was forced to change to a minor in this subject i would be very unwilling,Fear
in september i was forced to live with someone i did not like the first week we were at loggerheads and our conversation was like a debate the atmosphere was very bad when he learnt that i had got marks in a test he told me a failure you lost marks i was very angry not because my marks were lower than his but because i could not tolerate his pride i did not show my discontentment and carried on doing my work,Angry
this issue worried me rather than saddening me in mid september i went to guanggho alone i was looking for an accomodation in the evening and after having walked or miles i still could not find anything what could i do i was not worried about sleeping on the streets but because of some procedural problems i finally found a place to sleep at oclock,Sad
my roommate liked to listen to some meaningless songs which had melody but had no content we lived together so when he played the recorder i was forced to listen to them i could not tell him that i did not like to listen to the songs as i had no right to disturb the freedom of others so i would find a pretext to leave the room and go somewhere else,Disgust
last summer i went camping with some cu students as i was working then i had to leave the second night some of them had joined us the first night next morning oclock a female classmate knocked on our door and tried to wake us up i was not fully conscious and i said something which i should not have i realized the trouble i had made and wanted to hide later i said sorry to her and the matter came to an end,Sad
i lied to one of my best friends,Sad
i received a letter from a distant friend,Happy
my parents were out and i was the eldest at home at midnight a male stranger phoned us and spoke to me in a rough language i hung up and heard someone walking outside our door,Fear
two years back someone invited me to be the tutor of her granddaughter the granddaughter asked me some questions in mathematics so i taught her however she did not listen to me and this made me feel unhappy the second year it was the same when i entered university the girls parents suggested that i be employed as their daghters tutor they told me that at university there was no homework and i would have a lot of time so they made a timetable for me which required me to be the tutor five days a week they did not respect me and anyway i had another child to teach,Angry
i had taken the responsibility to do something and i had prepared for it however i failed because of my timidity after three attempts i still could not adapt to the atmosphere and failed as before i felt imcompetent and felt that the others would think that i had not prepared for it,Sad
i was at home and i heard a loud sound of spitting outside the door i thought that one of my family members would step on the spit and bring the germs in the house,Disgust
i did not do the homework that the teacher had asked us to do i was scolded immediately,Sad
i had shouted at my younger brother and he was always afraid when i called out loudly,Sad
